List,Sector,Short Form,Category,For TV,Market Cap,,Ticker,Cap Type,,,,SNo,Stategy,Flagship 40 (F40),Emerging 40 (E40),Smartpick 200 (S200),All listed,,List,Method,Cap,LIst Update,Volatality,Reward,Priority in Opportunity
EICHERMOT,AUTO,E40,Emerging 40,"EICHERMOT,",Large Cap,,RELIANCE,Large Cap,,,,1,Long Envelope,X,,,,,Flagship 40 (F40),Qualitative,Large & Mid,Very Rare,Low,Low,First
HYUNDAI,AUTO,E40,Emerging 40,"HYUNDAI,",Large Cap,,HDFCBANK,Large Cap,,,,2,Short Envelope,X,,,,,Emerging 40 (E40),Qualitative,Mid & Small,Very Rare,Medium,Medium,Second
M&M,AUTO,E40,Emerging 40,"M&M,",Large Cap,,BHARTIARTL,Large Cap,,,,3,Envelope + Knox,X,,,,,Smartpick 200 (S200),Quantitative,"Large, Mid & Small",Every Quarter,High,High,Third
TMPV,AUTO,E40,Emerging 40,"TMPV,",Large Cap,,ICICIBANK,Large Cap,,,,4,52W High Low,X,,,,,,,,,,,
VBL,BEVERAGES,E40,Emerging 40,"VBL,",Large Cap,,SBIN,Large Cap,,,,5,SMA,X,Only With BCD,,,,Usually this falls,20-30%,35-50%,50- 70%,,,
ULTRACEMCO,CEMENT,E40,Emerging 40,"ULTRACEMCO,",Large Cap,,TCS,Large Cap,,,Class 4,6,RHS,X,X,,,,List,Large,Mid,Small,,,
DMART,CONSUMER PRODUCT,E40,Emerging 40,"DMART,",Large Cap,,BAJFINANCE,Large Cap,,,Class 4,7,CWH,X,X,,,,Flagship 40 (F40),X,X,,,,
GODREJCP,CONSUMER PRODUCT,E40,Emerging 40,"GODREJCP,",Mid Cap,,LT,Large Cap,,,Class 4,8,10% Correcrtion,X,X,,,,Emerging 40 (E40),,X,X,,,
BSE,FINANCIAL SERVICES,E40,Emerging 40,"BSE,",Large Cap,,LICI,Large Cap,,,Class 4,9,ABCD,X,X,X,,,Smartpick 200 (S200),X,X,X,,,
JIOFIN,FINANCIAL SERVICES,E40,Emerging 40,"JIOFIN,",Large Cap,,HINDUNILVR,Large Cap,,,Class 6,10,20% Rally,X,X,X,,,,,,,,,
ADANIPORTS,INFRA,E40,Emerging 40,"ADANIPORTS,",Large Cap,,INFY,Large Cap,,,Class 6,11,S&R,X,X,X,,,,,,,,,
CIPLA,PHARMA,E40,Emerging 40,"CIPLA,",Large Cap,,ADANIPOWER,Large Cap,,,Class 7,12,67% Fall,X,X,X,X,,What is Market Cap,,,,,,
BOSCHLTD,AUTO,E40,Emerging 40,"BOSCHLTD,",Mid Cap,,SUNPHARMA,Large Cap,,,,,,,,,Only Conditions for 67% Fall:,,Large cap - 1-100,,,,,,
MRF,AUTO,E40,Emerging 40,"MRF,",Mid Cap,,ADANIPORTS,Large Cap,,,Class 5,13,Fundemental,,,,Debt to equity < 0.5,,Mid Cap - 101 - 250,,,,,,
UNITDSPR,BEVERAGES,E40,Emerging 40,"UNITDSPR,",Mid Cap,,MARUTI,Large Cap,,,Last Class,14,Risk Management & Closing,,,,Market cap > 500 Cr,,Small cap - all after 251,,,,,,
RADICO,BEVERAGES,E40,Emerging 40,"RADICO,",Mid Cap,,AXISBANK,Large Cap,,,,,,,,,Yearly Net profit > 50 Cr,,Show it to them in screener,,,,,,
UBL,BEVERAGES,E40,Emerging 40,"UBL,",Mid Cap,,KOTAKBANK,Large Cap,,,Youtube,15,Trading Journal,,,,,,,,,,,,
BLUESTARCO,CONSUMER PRODUCT,E40,Emerging 40,"BLUESTARCO,",Small Cap,,M&M,Large Cap,,,Youtube,16,S200,,,,,,,,,,,,
DIXON,CONSUMER PRODUCT,E40,Emerging 40,"DIXON,",Mid Cap,,ITC,Large Cap,,,,,,,,,,,,,,,,,
BAJAJHFL,FINANCIAL SERVICES,E40,Emerging 40,"BAJAJHFL,",Mid Cap,,NTPC,Large Cap,,,,,,,,,,,,,,,,,
MCX,FINANCIAL SERVICES,E40,Emerging 40,"MCX,",Mid Cap,,ADANIENT,Large Cap,,,,,,,,,,,,,,,,,
APOLLOHOSP,HEALTHCARE,E40,Emerging 40,"APOLLOHOSP,",Large Cap,,TITAN,Large Cap,,,Class 1,1,"Basics, Operators & Market Phycology",,,,,,,,,,,,
FORTIS,HEALTHCARE,E40,Emerging 40,"FORTIS,",Mid Cap,,ONGC,Large Cap,,,,2,"List preparation - F40, E40 & S200",,,,,,,,,,,,
INDHOTEL,HOTEL,E40,Emerging 40,"INDHOTEL,",Mid Cap,,ULTRACEMCO,Large Cap,,,,3,Envelope & Knoxx,,,,,,,,,,,,
ITCHOTELS,HOTEL,E40,Emerging 40,"ITCHOTELS,",Small Cap,,HCLTECH,Large Cap,,,,4,"52WHL, SMA & ABCD + 20k, difference in investing & trading",,,,,,,,,,,,
JSWINFRA,INFRA,E40,Emerging 40,"JSWINFRA,",Mid Cap,,JSWSTEEL,Large Cap,,,,5,Fundementals,,,,,,,,,,,,
ACC,CEMENT,E40,Emerging 40,"ACC,",Small Cap,,BEL,Large Cap,,,,6,"RHS, CWH & 10% Correction",,,,,,,,,,,,
AWL,CONSUMER PRODUCT,E40,Emerging 40,"AWL,",Small Cap,,HAL,Large Cap,,,,7,20% Rally & S-R,,,,,,,,,,,,
HONAUT,CONSUMER PRODUCT,E40,Emerging 40,"HONAUT,",Small Cap,,BAJAJ-AUTO,Large Cap,,,,8,67% Fall,,,,,,,,,,,,
KAJARIACER,CONSUMER PRODUCT,E40,Emerging 40,"KAJARIACER,",Small Cap,,BAJAJFINSV,Large Cap,,,,9,Risk Management & Closing,,,,,,,,,,,,
RELAXO,CONSUMER PRODUCT,E40,Emerging 40,"RELAXO,",Small Cap,,COALINDIA,Large Cap,,,,10,Buffer Class,,,,,,,,,,,,
CDSL,FINANCIAL SERVICES,E40,Emerging 40,"CDSL,",Small Cap,,POWERGRID,Large Cap,,,,,,,,,,,,,,,,,
ANGELONE,FINANCIAL SERVICES,E40,Emerging 40,"ANGELONE,",Small Cap,,NESTLEIND,Large Cap,,,Youtube video,11,Trading Journal,,,,,,,,,,,,
CAMS,FINANCIAL SERVICES,E40,Emerging 40,"CAMS,",Small Cap,,HINDZINC,Large Cap,,,,12,S200,,,,,,,,,,,,
MEDANTA,HEALTHCARE,E40,Emerging 40,"MEDANTA,",Small Cap,,DMART,Large Cap,,,,,,,,,,,,,,,,,
QUESS,MANPOWER,E40,Emerging 40,"QUESS,",Small Cap,,TATASTEEL,Large Cap,,,,,,,,,,,,,,,,,
TEAMLEASE,MANPOWER,E40,Emerging 40,"TEAMLEASE,",Small Cap,,ASIANPAINT,Large Cap,,,,,,,,,,,,,,,,,
ASTRAZEN,PHARMA,E40,Emerging 40,"ASTRAZEN,",Small Cap,,HINDALCO,Large Cap,,,,,,,,,,,,,,,,,
ERIS,PHARMA,E40,Emerging 40,"ERIS,",Small Cap,,ETERNAL,Large Cap,,,,,,,,,,,,,,,,,
LALPATHLAB,PHARMA,E40,Emerging 40,"LALPATHLAB,",Small Cap,,ADANIGREEN,Large Cap,,,,,,,,,,,,,,,,,
BAJAJ-AUTO,AUTO,F40,Flagship 40,"BAJAJ-AUTO,",Large Cap,,SHRIRAMFIN,Large Cap,,,,,,,,,,,,,,,,,
MARUTI,AUTO,F40,Flagship 40,"MARUTI,",Large Cap,,WIPRO,Large Cap,,,,,,,,,,,,,,,,,
AXISBANK,BANKS,F40,Flagship 40,"AXISBANK,",Large Cap,,GRASIM,Large Cap,,,,,,,,,,,,,,,,,
HDFCBANK,BANKS,F40,Flagship 40,"HDFCBANK,",Large Cap,,EICHERMOT,Large Cap,,,,,,,,,,,,,,,,,
ICICIBANK,BANKS,F40,Flagship 40,"ICICIBANK,",Large Cap,,IOC,Large Cap,,,,,,,,,,,,,,,,,
KOTAKBANK,BANKS,F40,Flagship 40,"KOTAKBANK,",Large Cap,,SBILIFE,Large Cap,,,,,,,,,,,,,,,,,
SBIN,BANKS,F40,Flagship 40,"SBIN,",Large Cap,,VBL,Large Cap,,,,,,,,,,,,,,,,,
LT,CONGLOMEARTE,F40,Flagship 40,"LT,",Large Cap,,DIVISLAB,Large Cap,,,,,,,,,,,,,,,,,
RELIANCE,CONGLOMEARTE,F40,Flagship 40,"RELIANCE,",Large Cap,,BSE,Large Cap,,,,,,,,,,,,,,,,,
TITAN,CONSUMER PRODUCTS,F40,Flagship 40,"TITAN,",Large Cap,,INDIGO,Large Cap,,,,,,,,,,,,,,,,,
HINDUNILVR,FMCG,F40,Flagship 40,"HINDUNILVR,",Large Cap,,ADANIENSOL,Large Cap,,,,,,,,,,,,,,,,,
ITC,FMCG,F40,Flagship 40,"ITC,",Large Cap,,SOLARINDS,Large Cap,,,,,,,,,,,,,,,,,
NESTLEIND,FMCG,F40,Flagship 40,"NESTLEIND,",Large Cap,,ICICIAMC,Large Cap,,,,,,,,,,,,,,,,,
PIDILITIND,FMCG,F40,Flagship 40,"PIDILITIND,",Large Cap,,TVSMOTOR,Large Cap,,,,,,,,,,,,,,,,,
HCLTECH,IT,F40,Flagship 40,"HCLTECH,",Large Cap,,JIOFIN,Large Cap,,,,,,,,,,,,,,,,,
INFY,IT,F40,Flagship 40,"INFY,",Large Cap,,POWERINDIA,Large Cap,,,,,,,,,,,,,,,,,
TCS,IT,F40,Flagship 40,"TCS,",Large Cap,,TORNTPHARM,Large Cap,,,,,,,,,,,,,,,,,
BAJAJFINSV,NON-BANKING,F40,Flagship 40,"BAJAJFINSV,",Large Cap,,TRENT,Large Cap,,,,,,,,,,,,,,,,,
BAJAJHLDNG,NON-BANKING,F40,Flagship 40,"BAJAJHLDNG,",Large Cap,,HYUNDAI,Large Cap,,,,,,,,,,,,,,,,,
BAJFINANCE,NON-BANKING,F40,Flagship 40,"BAJFINANCE,",Large Cap,,IDEA,Large Cap,,,,,,,,,,,,,,,,,
HDFCAMC,NON-BANKING-AMC,F40,Flagship 40,"HDFCAMC,",Large Cap,,PIDILITIND,Large Cap,,,,,,,,,,,,,,,,,
HDFCLIFE,NON-BANKING-Insurance,F40,Flagship 40,"HDFCLIFE,",Large Cap,,CUMMINSIND,Large Cap,,,,,,,,,,,,,,,,,
ASIANPAINT,PAINT,F40,Flagship 40,"ASIANPAINT,",Large Cap,,DLF,Large Cap,,,,,,,,,,,,,,,,,
HAVELLS,CONSUMER PRODUCTS,F40,Flagship 40,"HAVELLS,",Mid Cap,,BHEL,Large Cap,,,,,,,,,,,,,,,,,
PAGEIND,CONSUMER PRODUCTS,F40,Flagship 40,"PAGEIND,",Mid Cap,,TMCV,Large Cap,,,,,,,,,,,,,,,,,
VOLTAS,CONSUMER PRODUCTS,F40,Flagship 40,"VOLTAS,",Mid Cap,,PFC,Large Cap,,,,,,,,,,,,,,,,,
COLPAL,FMCG,F40,Flagship 40,"COLPAL,",Mid Cap,,MOTHERSON,Large Cap,,,,,,,,,,,,,,,,,
DABUR,FMCG,F40,Flagship 40,"DABUR,",Mid Cap,,ABB,Large Cap,,,,,,,,,,,,,,,,,
MARICO,FMCG,F40,Flagship 40,"MARICO,",Mid Cap,,POLYCAB,Large Cap,,,,,,,,,,,,,,,,,
PGHH,FMCG,F40,Flagship 40,"PGHH,",Small Cap,,BANKBARODA,Large Cap,,,,,,,,,,,,,,,,,
ICICIGI,NON-BANKING,F40,Flagship 40,"ICICIGI,",Mid Cap,,TECHM,Large Cap,,,,,,,,,,,,,,,,,
NAM-INDIA,NON-BANKING-AMC,F40,Flagship 40,"NAM-INDIA,",Mid Cap,,TMPV,Large Cap,,,,,,,,,,,,,,,,,
ICICIPRULI,NON-BANKING-Insurance,F40,Flagship 40,"ICICIPRULI,",Mid Cap,,CGPOWER,Large Cap,,,,,,,,,,,,,,,,,
BERGEPAINT,PAINT,F40,Flagship 40,"BERGEPAINT,",Mid Cap,,CHOLAFIN,Large Cap,,,,,,,,,,,,,,,,,
ABBOTINDIA,PHARMA,F40,Flagship 40,"ABBOTINDIA,",Mid Cap,,MUTHOOTFIN,Large Cap,,,,,,,,,,,,,,,,,
GLAXO,PHARMA,F40,Flagship 40,"GLAXO,",Mid Cap,,HDFCLIFE,Large Cap,,,,,,,,,,,,,,,,,
BATAINDIA,CONSUMER PRODUCTS,F40,Flagship 40,"BATAINDIA,",Small Cap,,BPCL,Large Cap,,,,,,,,,,,,,,,,,
GILLETTE,FMCG,F40,Flagship 40,"GILLETTE,",Small Cap,,TATAPOWER,Large Cap,,,,,,,,,,,,,,,,,
PFIZER,PHARMA,F40,Flagship 40,"PFIZER,",Small Cap,,TATACAP,Large Cap,,,,,,,,,,,,,,,,,
SANOFI,PHARMA,F40,Flagship 40,"SANOFI,",Small Cap,,IRFC,Large Cap,,,,,,,,,,,,,,,,,
TCS,Normal,S200,Smartpick 200,"TCS,",Large Cap,,SIEMENS,Large Cap,,,,,,,,,,,,,,,,,
LICI,Normal,S200,Smartpick 200,"LICI,",Large Cap,,VEDL,Large Cap,,,,,,,,,,,,,,,,,
HINDUNILVR,Normal,S200,Smartpick 200,"HINDUNILVR,",Large Cap,,UNIONBANK,Large Cap,,,,,,,,,,,,,,,,,
INFY,Normal,S200,Smartpick 200,"INFY,",Large Cap,,BRITANNIA,Large Cap,,,,,,,,,,,,,,,,,
SUNPHARMA,Normal,S200,Smartpick 200,"SUNPHARMA,",Large Cap,,ENRIN,Large Cap,,,,,,,,,,,,,,,,,
MARUTI,Normal,S200,Smartpick 200,"MARUTI,",Large Cap,,JINDALSTEL,Large Cap,,,,,,,,,,,,,,,,,
ITC,Normal,S200,Smartpick 200,"ITC,",Large Cap,,GVT&D,Large Cap,,,,,,,,,,,,,,,,,
HCLTECH,Normal,S200,Smartpick 200,"HCLTECH,",Large Cap,,PNB,Large Cap,,,,,,,,,,,,,,,,,
BEL,Normal,S200,Smartpick 200,"BEL,",Large Cap,,CANBK,Large Cap,,,,,,,,,,,,,,,,,
HAL,Normal,S200,Smartpick 200,"HAL,",Large Cap,,APOLLOHOSP,Large Cap,,,,,,,,,,,,,,,,,
COALINDIA,Normal,S200,Smartpick 200,"COALINDIA,",Large Cap,,GROWW,Large Cap,,,,,,,,,,,,,,,,,
NESTLEIND,Normal,S200,Smartpick 200,"NESTLEIND,",Large Cap,,BAJAJHLDNG,Large Cap,,,,,,,,,,,,,,,,,
DMART,Normal,S200,Smartpick 200,"DMART,",Large Cap,,LTM,Large Cap,,,,,,,,,,,,,,,,,
ASIANPAINT,Normal,S200,Smartpick 200,"ASIANPAINT,",Large Cap,,HDFCAMC,Large Cap,,,,,,,,,,,,,,,,,
WIPRO,Normal,S200,Smartpick 200,"WIPRO,",Large Cap,,TATACONSUM,Large Cap,,,,,,,,,,,,,,,,,
EICHERMOT,Normal,S200,Smartpick 200,"EICHERMOT,",Large Cap,,INDUSTOWER,Large Cap,,,,,,,,,,,,,,,,,
SBILIFE,Normal,S200,Smartpick 200,"SBILIFE,",Large Cap,,CIPLA,Large Cap,,,,,,,,,,,,,,,,,
VBL,Normal,S200,Smartpick 200,"VBL,",Large Cap,,INDIANB,Large Cap,,,,,,,,,,,,,,,,,
DIVISLAB,Normal,S200,Smartpick 200,"DIVISLAB,",Large Cap,,DRREDDY,Large Cap,,,,,,,,,,,,,,,,,
BSE,Normal,S200,Smartpick 200,"BSE,",Large Cap,,GAIL,Small Cap,,,,,,,,,,,,,,,,,
SOLARINDS,Normal,S200,Smartpick 200,"SOLARINDS,",Large Cap,,AMBUJACEM,Mid Cap,,,,,,,,,,,,,,,,,
ICICIAMC,Normal,S200,Smartpick 200,"ICICIAMC,",Large Cap,,ZYDUSLIFE,Mid Cap,,,,,,,,,,,,,,,,,
POWERINDIA,Normal,S200,Smartpick 200,"POWERINDIA,",Large Cap,,BOSCHLTD,Mid Cap,,,,,,,,,,,,,,,,,
HYUNDAI,Normal,S200,Smartpick 200,"HYUNDAI,",Large Cap,,MARICO,Mid Cap,,,,,,,,,,,,,,,,,
PIDILITIND,Normal,S200,Smartpick 200,"PIDILITIND,",Large Cap,,LUPIN,Mid Cap,,,,,,,,,,,,,,,,,
CUMMINSIND,Normal,S200,Smartpick 200,"CUMMINSIND,",Large Cap,,GODREJCP,Mid Cap,,,,,,,,,,,,,,,,,
ABB,Normal,S200,Smartpick 200,"ABB,",Large Cap,,LGEINDIA,Mid Cap,,,,,,,,,,,,,,,,,
POLYCAB,Normal,S200,Smartpick 200,"POLYCAB,",Large Cap,,GMRAIRPORT,Mid Cap,,,,,,,,,,,,,,,,,
TECHM,Normal,S200,Smartpick 200,"TECHM,",Large Cap,,MANKIND,Mid Cap,,,,,,,,,,,,,,,,,
CGPOWER,Normal,S200,Smartpick 200,"CGPOWER,",Large Cap,,LLOYDSME,Mid Cap,,,,,,,,,,,,,,,,,
SIEMENS,Normal,S200,Smartpick 200,"SIEMENS,",Large Cap,,MAZDOCK,Mid Cap,,,,,,,,,,,,,,,,,
BRITANNIA,Normal,S200,Smartpick 200,"BRITANNIA,",Large Cap,,HEROMOTOCO,Mid Cap,,,,,,,,,,,,,,,,,
ENRIN,Normal,S200,Smartpick 200,"ENRIN,",Large Cap,,JSWENERGY,Mid Cap,,,,,,,,,,,,,,,,,
GVT&D,Normal,S200,Smartpick 200,"GVT&D,",Large Cap,,MAXHEALTH,Mid Cap,,,,,,,,,,,,,,,,,
GROWW,Normal,S200,Smartpick 200,"GROWW,",Large Cap,,ASHOKLEY,Mid Cap,,,,,,,,,,,,,,,,,
LTM,Normal,S200,Smartpick 200,"LTM,",Large Cap,,ABCAPITAL,Mid Cap,,,,,,,,,,,,,,,,,
HDFCAMC,Normal,S200,Smartpick 200,"HDFCAMC,",Large Cap,,INDHOTEL,Mid Cap,,,,,,,,,,,,,,,,,
CIPLA,Normal,S200,Smartpick 200,"CIPLA,",Large Cap,,UNITDSPR,Mid Cap,,,,,,,,,,,,,,,,,
DRREDDY,Normal,S200,Smartpick 200,"DRREDDY,",Large Cap,,ICICIGI,Mid Cap,,,,,,,,,,,,,,,,,
BOSCHLTD,Normal,S200,Smartpick 200,"BOSCHLTD,",Mid Cap,,BHARATFORG,Mid Cap,,,,,,,,,,,,,,,,,
MARICO,Normal,S200,Smartpick 200,"MARICO,",Mid Cap,,SHREECEM,Mid Cap,,,,,,,,,,,,,,,,,
LUPIN,Normal,S200,Smartpick 200,"LUPIN,",Mid Cap,,LODHA,Mid Cap,,,,,,,,,,,,,,,,,
LGEINDIA,Normal,S200,Smartpick 200,"LGEINDIA,",Mid Cap,,MEESHO,Mid Cap,,,,,,,,,,,,,,,,,
MAZDOCK,Normal,S200,Smartpick 200,"MAZDOCK,",Mid Cap,,RECLTD,Mid Cap,,,,,,,,,,,,,,,,,
HEROMOTOCO,Normal,S200,Smartpick 200,"HEROMOTOCO,",Mid Cap,,LENSKART,Mid Cap,,,,,,,,,,,,,,,,,
INDHOTEL,Normal,S200,Smartpick 200,"INDHOTEL,",Mid Cap,,NTPCGREEN,Mid Cap,,,,,,,,,,,,,,,,,
UNITDSPR,Normal,S200,Smartpick 200,"UNITDSPR,",Mid Cap,,WAAREEENER,Mid Cap,,,,,,,,,,,,,,,,,
ICICIGI,Normal,S200,Smartpick 200,"ICICIGI,",Mid Cap,,HINDPETRO,Mid Cap,,,,,,,,,,,,,,,,,
WAAREEENER,Normal,S200,Smartpick 200,"WAAREEENER,",Mid Cap,,MCX,Mid Cap,,,,,,,,,,,,,,,,,
MCX,Normal,S200,Smartpick 200,"MCX,",Mid Cap,,AUROPHARMA,Mid Cap,,,,,,,,,,,,,,,,,
AUROPHARMA,Normal,S200,Smartpick 200,"AUROPHARMA,",Mid Cap,,OFSS,Mid Cap,,,,,,,,,,,,,,,,,
OFSS,Normal,S200,Smartpick 200,"OFSS,",Mid Cap,,POLICYBZR,Mid Cap,,,,,,,,,,,,,,,,,
PERSISTENT,Normal,S200,Smartpick 200,"PERSISTENT,",Mid Cap,,SAIL,Mid Cap,,,,,,,,,,,,,,,,,
DABUR,Normal,S200,Smartpick 200,"DABUR,",Mid Cap,,SRF,Mid Cap,,,,,,,,,,,,,,,,,
NMDC,Normal,S200,Smartpick 200,"NMDC,",Mid Cap,,PERSISTENT,Mid Cap,,,,,,,,,,,,,,,,,
HAVELLS,Normal,S200,Smartpick 200,"HAVELLS,",Mid Cap,,NHPC,Mid Cap,,,,,,,,,,,,,,,,,
NATIONALUM,Normal,S200,Smartpick 200,"NATIONALUM,",Mid Cap,,DABUR,Mid Cap,,,,,,,,,,,,,,,,,
SUZLON,Normal,S200,Smartpick 200,"SUZLON,",Mid Cap,,NMDC,Mid Cap,,,,,,,,,,,,,,,,,
DIXON,Normal,S200,Smartpick 200,"DIXON,",Mid Cap,,IDBI,Mid Cap,,,,,,,,,,,,,,,,,
NAM-INDIA,Normal,S200,Smartpick 200,"NAM-INDIA,",Mid Cap,,OIL,Mid Cap,,,,,,,,,,,,,,,,,
GICRE,Normal,S200,Smartpick 200,"GICRE,",Mid Cap,,BHARTIHEXA,Mid Cap,,,,,,,,,,,,,,,,,
GLENMARK,Normal,S200,Smartpick 200,"GLENMARK,",Mid Cap,,NYKAA,Mid Cap,,,,,,,,,,,,,,,,,
ALKEM,Normal,S200,Smartpick 200,"ALKEM,",Mid Cap,,ICICIPRULI,Mid Cap,,,,,,,,,,,,,,,,,
SCHAEFFLER,Normal,S200,Smartpick 200,"SCHAEFFLER,",Mid Cap,,HAVELLS,Mid Cap,,,,,,,,,,,,,,,,,
OBEROIRLTY,Normal,S200,Smartpick 200,"OBEROIRLTY,",Mid Cap,,AUBANK,Mid Cap,,,,,,,,,,,,,,,,,
LINDEINDIA,Normal,S200,Smartpick 200,"LINDEINDIA,",Mid Cap,,TORNTPOWER,Mid Cap,,,,,,,,,,,,,,,,,
JSL,Normal,S200,Smartpick 200,"JSL,",Mid Cap,,NATIONALUM,Mid Cap,,,,,,,,,,,,,,,,,
COFORGE,Normal,S200,Smartpick 200,"COFORGE,",Mid Cap,,SUZLON,Mid Cap,,,,,,,,,,,,,,,,,
TIINDIA,Normal,S200,Smartpick 200,"TIINDIA,",Mid Cap,,FORTIS,Mid Cap,,,,,,,,,,,,,,,,,
ABBOTINDIA,Normal,S200,Smartpick 200,"ABBOTINDIA,",Mid Cap,,LAURUSLABS,Mid Cap,,,,,,,,,,,,,,,,,
BERGEPAINT,Normal,S200,Smartpick 200,"BERGEPAINT,",Mid Cap,,ATGL,Mid Cap,,,,,,,,,,,,,,,,,
COLPAL,Normal,S200,Smartpick 200,"COLPAL,",Mid Cap,,INDUSINDBK,Mid Cap,,,,,,,,,,,,,,,,,
VMM,Normal,S200,Smartpick 200,"VMM,",Mid Cap,,DIXON,Mid Cap,,,,,,,,,,,,,,,,,
MRF,Normal,S200,Smartpick 200,"MRF,",Mid Cap,,FEDERALBNK,Mid Cap,,,,,,,,,,,,,,,,,
COROMANDEL,Normal,S200,Smartpick 200,"COROMANDEL,",Mid Cap,,PAYTM,Mid Cap,,,,,,,,,,,,,,,,,
THERMAX,Normal,S200,Smartpick 200,"THERMAX,",Mid Cap,,NAM-INDIA,Mid Cap,,,,,,,,,,,,,,,,,
HINDCOPPER,Normal,S200,Smartpick 200,"HINDCOPPER,",Mid Cap,,LTF,Mid Cap,,,,,,,,,,,,,,,,,
APLAPOLLO,Normal,S200,Smartpick 200,"APLAPOLLO,",Mid Cap,,YESBANK,Mid Cap,,,,,,,,,,,,,,,,,
PATANJALI,Normal,S200,Smartpick 200,"PATANJALI,",Mid Cap,,BIOCON,Mid Cap,,,,,,,,,,,,,,,,,
KEI,Normal,S200,Smartpick 200,"KEI,",Mid Cap,,BAJAJHFL,Mid Cap,,,,,,,,,,,,,,,,,
APARINDS,Normal,S200,Smartpick 200,"APARINDS,",Mid Cap,,SWIGGY,Mid Cap,,,,,,,,,,,,,,,,,
BDL,Normal,S200,Smartpick 200,"BDL,",Mid Cap,,GICRE,Mid Cap,,,,,,,,,,,,,,,,,
RADICO,Normal,S200,Smartpick 200,"RADICO,",Mid Cap,,BANKINDIA,Mid Cap,,,,,,,,,,,,,,,,,
SUPREMEIND,Normal,S200,Smartpick 200,"SUPREMEIND,",Mid Cap,,GLENMARK,Mid Cap,,,,,,,,,,,,,,,,,
PIIND,Normal,S200,Smartpick 200,"PIIND,",Mid Cap,,IOB,Mid Cap,,,,,,,,,,,,,,,,,
ANTHEM,Normal,S200,Smartpick 200,"ANTHEM,",Mid Cap,,PHOENIXLTD,Mid Cap,,,,,,,,,,,,,,,,,
IRCTC,Normal,S200,Smartpick 200,"IRCTC,",Mid Cap,,UNOMINDA,Mid Cap,,,,,,,,,,,,,,,,,
PAGEIND,Normal,S200,Smartpick 200,"PAGEIND,",Mid Cap,,ALKEM,Mid Cap,,,,,,,,,,,,,,,,,
MPHASIS,Normal,S200,Smartpick 200,"MPHASIS,",Mid Cap,,SCHAEFFLER,Mid Cap,,,,,,,,,,,,,,,,,
AIIL,Normal,S200,Smartpick 200,"AIIL,",Mid Cap,,MAHABANK,Mid Cap,,,,,,,,,,,,,,,,,
PETRONET,Normal,S200,Smartpick 200,"PETRONET,",Mid Cap,,OBEROIRLTY,Mid Cap,,,,,,,,,,,,,,,,,
ASTRAL,Normal,S200,Smartpick 200,"ASTRAL,",Mid Cap,,LINDEINDIA,Mid Cap,,,,,,,,,,,,,,,,,
COCHINSHIP,Normal,S200,Smartpick 200,"COCHINSHIP,",Mid Cap,,NAUKRI,Mid Cap,,,,,,,,,,,,,,,,,
IPCALAB,Normal,S200,Smartpick 200,"IPCALAB,",Mid Cap,,PRESTIGE,Mid Cap,,,,,,,,,,,,,,,,,
ENDURANCE,Normal,S200,Smartpick 200,"ENDURANCE,",Mid Cap,,JSL,Mid Cap,,,,,,,,,,,,,,,,,
CONCOR,Normal,S200,Smartpick 200,"CONCOR,",Mid Cap,,COFORGE,Mid Cap,,,,,,,,,,,,,,,,,
GLAXO,Normal,S200,Smartpick 200,"GLAXO,",Mid Cap,,SBICARD,Mid Cap,,,,,,,,,,,,,,,,,
AJANTPHARM,Normal,S200,Smartpick 200,"AJANTPHARM,",Mid Cap,,IDFCFIRSTB,Mid Cap,,,,,,,,,,,,,,,,,
GLAND,Normal,S200,Smartpick 200,"GLAND,",Mid Cap,,MFSL,Mid Cap,,,,,,,,,,,,,,,,,
3MINDIA,Normal,S200,Smartpick 200,"3MINDIA,",Mid Cap,,TIINDIA,Mid Cap,,,,,,,,,,,,,,,,,
LTTS,Normal,S200,Smartpick 200,"LTTS,",Mid Cap,,ABBOTINDIA,Mid Cap,,,,,,,,,,,,,,,,,
AIAENG,Normal,S200,Smartpick 200,"AIAENG,",Mid Cap,,BERGEPAINT,Mid Cap,,,,,,,,,,,,,,,,,
SONACOMS,Normal,S200,Smartpick 200,"SONACOMS,",Mid Cap,,JSWINFRA,Mid Cap,,,,,,,,,,,,,,,,,
GODFRYPHLP,Normal,S200,Smartpick 200,"GODFRYPHLP,",Mid Cap,,FACT,Mid Cap,,,,,,,,,,,,,,,,,
JBCHEPHARM,Normal,S200,Smartpick 200,"JBCHEPHARM,",Mid Cap,,COLPAL,Mid Cap,,,,,,,,,,,,,,,,,
WELCORP,Normal,S200,Smartpick 200,"WELCORP,",Small Cap,,RVNL,Mid Cap,,,,,,,,,,,,,,,,,
BLUESTARCO,Normal,S200,Smartpick 200,"BLUESTARCO,",Small Cap,,VMM,Mid Cap,,,,,,,,,,,,,,,,,
MEDANTA,Normal,S200,Smartpick 200,"MEDANTA,",Small Cap,,HDBFS,Mid Cap,,,,,,,,,,,,,,,,,
ESCORTS,Normal,S200,Smartpick 200,"ESCORTS,",Small Cap,,TATACOMM,Mid Cap,,,,,,,,,,,,,,,,,
KPRMILL,Normal,S200,Smartpick 200,"KPRMILL,",Small Cap,,UPL,Mid Cap,,,,,,,,,,,,,,,,,
ANGELONE,Normal,S200,Smartpick 200,"ANGELONE,",Small Cap,,MRF,Mid Cap,,,,,,,,,,,,,,,,,
PGHH,Normal,S200,Smartpick 200,"PGHH,",Small Cap,,COROMANDEL,Mid Cap,,,,,,,,,,,,,,,,,
HEXT,Normal,S200,Smartpick 200,"HEXT,",Small Cap,,GODREJPROP,Mid Cap,,,,,,,,,,,,,,,,,
GRSE,Normal,S200,Smartpick 200,"GRSE,",Small Cap,,THERMAX,Mid Cap,,,,,,,,,,,,,,,,,
HONAUT,Normal,S200,Smartpick 200,"HONAUT,",Small Cap,,HINDCOPPER,Mid Cap,,,,,,,,,,,,,,,,,
CPPLUS,Normal,S200,Smartpick 200,"CPPLUS,",Small Cap,,APLAPOLLO,Mid Cap,,,,,,,,,,,,,,,,,
ANANDRATHI,Normal,S200,Smartpick 200,"ANANDRATHI,",Small Cap,,MOTILALOFS,Mid Cap,,,,,,,,,,,,,,,,,
HSCL,Normal,S200,Smartpick 200,"HSCL,",Small Cap,,543225,Mid Cap,,,,,,,,,,,,,,,,,
CRISIL,Normal,S200,Smartpick 200,"CRISIL,",Small Cap,,KRT,Mid Cap,,,,,,,,,,,,,,,,,
ABSLAMC,Normal,S200,Smartpick 200,"ABSLAMC,",Small Cap,,PATANJALI,Mid Cap,,,,,,,,,,,,,,,,,
ZFCVINDIA,Normal,S200,Smartpick 200,"ZFCVINDIA,",Small Cap,,KEI,Mid Cap,,,,,,,,,,,,,,,,,
GODIGIT,Normal,S200,Smartpick 200,"GODIGIT,",Small Cap,,APARINDS,Mid Cap,,,,,,,,,,,,,,,,,
IKS,Normal,S200,Smartpick 200,"IKS,",Small Cap,,SUNDARMFIN,Mid Cap,,,,,,,,,,,,,,,,,
TATATECH,Normal,S200,Smartpick 200,"TATATECH,",Small Cap,,BDL,Mid Cap,,,,,,,,,,,,,,,,,
NUVAMA,Normal,S200,Smartpick 200,"NUVAMA,",Small Cap,,RADICO,Mid Cap,,,,,,,,,,,,,,,,,
TIMKEN,Normal,S200,Smartpick 200,"TIMKEN,",Small Cap,,NLCINDIA,Mid Cap,,,,,,,,,,,,,,,,,
LALPATHLAB,Normal,S200,Smartpick 200,"LALPATHLAB,",Small Cap,,360ONE,Mid Cap,,,,,,,,,,,,,,,,,
TATAELXSI,Normal,S200,Smartpick 200,"TATAELXSI,",Small Cap,,SUPREMEIND,Mid Cap,,,,,,,,,,,,,,,,,
SHYAMMETL,Normal,S200,Smartpick 200,"SHYAMMETL,",Small Cap,,PREMIERENE,Mid Cap,,,,,,,,,,,,,,,,,
FORCEMOT,Normal,S200,Smartpick 200,"FORCEMOT,",Small Cap,,PIRAMALFIN,Mid Cap,,,,,,,,,,,,,,,,,
NBCC,Normal,S200,Smartpick 200,"NBCC,",Small Cap,,PIIND,Mid Cap,,,,,,,,,,,,,,,,,
MSUMI,Normal,S200,Smartpick 200,"MSUMI,",Small Cap,,ANTHEM,Mid Cap,,,,,,,,,,,,,,,,,
GUJGASLTD,Normal,S200,Smartpick 200,"GUJGASLTD,",Small Cap,,IRCTC,Mid Cap,,,,,,,,,,,,,,,,,
AEGISLOG,Normal,S200,Smartpick 200,"AEGISLOG,",Small Cap,,PAGEIND,Mid Cap,,,,,,,,,,,,,,,,,
GILLETTE,Normal,S200,Smartpick 200,"GILLETTE,",Small Cap,,BALKRISIND,Mid Cap,,,,,,,,,,,,,,,,,
CDSL,Normal,S200,Smartpick 200,"CDSL,",Small Cap,,M&MFIN,Mid Cap,,,,,,,,,,,,,,,,,
AWL,Normal,S200,Smartpick 200,"AWL,",Small Cap,,MPHASIS,Mid Cap,,,,,,,,,,,,,,,,,
SAILIFE,Normal,S200,Smartpick 200,"SAILIFE,",Small Cap,,AIIL,Mid Cap,,,,,,,,,,,,,,,,,
TENNIND,Normal,S200,Smartpick 200,"TENNIND,",Small Cap,,VOLTAS,Mid Cap,,,,,,,,,,,,,,,,,
APOLLOTYRE,Normal,S200,Smartpick 200,"APOLLOTYRE,",Small Cap,,PETRONET,Mid Cap,,,,,,,,,,,,,,,,,
ACUTAAS,Normal,S200,Smartpick 200,"ACUTAAS,",Small Cap,,FLUOROCHEM,Mid Cap,,,,,,,,,,,,,,,,,
SUMICHEM,Normal,S200,Smartpick 200,"SUMICHEM,",Small Cap,,JKCEMENT,Mid Cap,,,,,,,,,,,,,,,,,
GESHIP,Normal,S200,Smartpick 200,"GESHIP,",Small Cap,,ASTRAL,Mid Cap,,,,,,,,,,,,,,,,,
DATAPATTNS,Normal,S200,Smartpick 200,"DATAPATTNS,",Small Cap,,HUDCO,Mid Cap,,,,,,,,,,,,,,,,,
KAYNES,Normal,S200,Smartpick 200,"KAYNES,",Small Cap,,EMBASSY,Mid Cap,,,,,,,,,,,,,,,,,
RRKABEL,Normal,S200,Smartpick 200,"RRKABEL,",Small Cap,,COCHINSHIP,Mid Cap,,,,,,,,,,,,,,,,,
IGL,Normal,S200,Smartpick 200,"IGL,",Small Cap,,IPCALAB,Mid Cap,,,,,,,,,,,,,,,,,
TRITURBINE,Normal,S200,Smartpick 200,"TRITURBINE,",Small Cap,,NH,Mid Cap,,,,,,,,,,,,,,,,,
ASTRAZEN,Normal,S200,Smartpick 200,"ASTRAZEN,",Small Cap,,ENDURANCE,Mid Cap,,,,,,,,,,,,,,,,,
NETWEB,Normal,S200,Smartpick 200,"NETWEB,",Small Cap,,GODREJIND,Mid Cap,,,,,,,,,,,,,,,,,
KPIL,Normal,S200,Smartpick 200,"KPIL,",Small Cap,,CONCOR,Mid Cap,,,,,,,,,,,,,,,,,
NEULANDLAB,Normal,S200,Smartpick 200,"NEULANDLAB,",Small Cap,,GLAXO,Mid Cap,,,,,,,,,,,,,,,,,
PFIZER,Normal,S200,Smartpick 200,"PFIZER,",Small Cap,,ASTERDM,Mid Cap,,,,,,,,,,,,,,,,,
GRINDWELL,Normal,S200,Smartpick 200,"GRINDWELL,",Small Cap,,AJANTPHARM,Mid Cap,,,,,,,,,,,,,,,,,
HBLENGINE,Normal,S200,Smartpick 200,"HBLENGINE,",Small Cap,,GLAND,Mid Cap,,,,,,,,,,,,,,,,,
NATCOPHARM,Normal,S200,Smartpick 200,"NATCOPHARM,",Small Cap,,NAVINFLUOR,Mid Cap,,,,,,,,,,,,,,,,,
KPITTECH,Normal,S200,Smartpick 200,"KPITTECH,",Small Cap,,3MINDIA,Mid Cap,,,,,,,,,,,,,,,,,
ATUL,Normal,S200,Smartpick 200,"ATUL,",Small Cap,,LTTS,Mid Cap,,,,,,,,,,,,,,,,,
AFFLE,Normal,S200,Smartpick 200,"AFFLE,",Small Cap,,AIAENG,Mid Cap,,,,,,,,,,,,,,,,,
SYRMA,Normal,S200,Smartpick 200,"SYRMA,",Small Cap,,SONACOMS,Mid Cap,,,,,,,,,,,,,,,,,
TDPOWERSYS,Normal,S200,Smartpick 200,"TDPOWERSYS,",Small Cap,,KALYANKJIL,Mid Cap,,,,,,,,,,,,,,,,,
EMMVEE,Normal,S200,Smartpick 200,"EMMVEE,",Small Cap,,IREDA,Mid Cap,,,,,,,,,,,,,,,,,
EIHOTEL,Normal,S200,Smartpick 200,"EIHOTEL,",Small Cap,,GODFRYPHLP,Mid Cap,,,,,,,,,,,,,,,,,
BAYERCROP,Normal,S200,Smartpick 200,"BAYERCROP,",Small Cap,,JBCHEPHARM,Mid Cap,,,,,,,,,,,,,,,,,
SAGILITY,Normal,S200,Smartpick 200,"SAGILITY,",Small Cap,,BAGMANE,Mid Cap,,,,,,,,,,,,,,,,,
SUNTV,Normal,S200,Smartpick 200,"SUNTV,",Small Cap,,ATHERENERG,Mid Cap,,,,,,,,,,,,,,,,,
GPIL,Normal,S200,Smartpick 200,"GPIL,",Small Cap,,POONAWALLA,Mid Cap,,,,,,,,,,,,,,,,,
SARDAEN,Normal,S200,Smartpick 200,"SARDAEN,",Small Cap,,UBL,Mid Cap,,,,,,,,,,,,,,,,,
CAMS,Normal,S200,Smartpick 200,"CAMS,",Small Cap,,TATAINVEST,Mid Cap,,,,,,,,,,,,,,,,,
GRANULES,Normal,S200,Smartpick 200,"GRANULES,",Small Cap,,WELCORP,Small Cap,,,,,,,,,,,,,,,,,
BELRISE,Normal,S200,Smartpick 200,"BELRISE,",Small Cap,,DALBHARAT,Small Cap,,,,,,,,,,,,,,,,,
CHAMBLFERT,Normal,S200,Smartpick 200,"CHAMBLFERT,",Small Cap,,DELHIVERY,Small Cap,,,,,,,,,,,,,,,,,
AVANTIFEED,Normal,S200,Smartpick 200,"AVANTIFEED,",Small Cap,,BLUESTARCO,Small Cap,,,,,,,,,,,,,,,,,
ANANTRAJ,Normal,S200,Smartpick 200,"ANANTRAJ,",Small Cap,,MEDANTA,Small Cap,,,,,,,,,,,,,,,,,
SANSERA,Normal,S200,Smartpick 200,"SANSERA,",Small Cap,,ESCORTS,Small Cap,,,,,,,,,,,,,,,,,
CASTROLIND,Normal,S200,Smartpick 200,"CASTROLIND,",Small Cap,,EMCURE,Small Cap,,,,,,,,,,,,,,,,,
SUNDRMFAST,Normal,S200,Smartpick 200,"SUNDRMFAST,",Small Cap,,SCHNEIDER,Small Cap,,,,,,,,,,,,,,,,,
ELGIEQUIP,Normal,S200,Smartpick 200,"ELGIEQUIP,",Small Cap,,ITCHOTELS,Small Cap,,,,,,,,,,,,,,,,,
RATNAMANI,Normal,S200,Smartpick 200,"RATNAMANI,",Small Cap,,KPRMILL,Small Cap,,,,,,,,,,,,,,,,,
KANSAINER,Normal,S200,Smartpick 200,"KANSAINER,",Small Cap,,UCOBANK,Small Cap,,,,,,,,,,,,,,,,,
EMAMILTD,Normal,S200,Smartpick 200,"EMAMILTD,",Small Cap,,PWL,Small Cap,,,,,,,,,,,,,,,,,
REDINGTON,Normal,S200,Smartpick 200,"REDINGTON,",Small Cap,,BANDHANBNK,Small Cap,,,,,,,,,,,,,,,,,
CIEINDIA,Normal,S200,Smartpick 200,"CIEINDIA,",Small Cap,,ANGELONE,Small Cap,,,,,,,,,,,,,,,,,
CMPDI,Normal,S200,Smartpick 200,"CMPDI,",Small Cap,,NHIT,Small Cap,,,,,,,,,,,,,,,,,
NAVA,Normal,S200,Smartpick 200,"NAVA,",Small Cap,,PGHH,Small Cap,,,,,,,,,,,,,,,,,
KAJARIACER,Normal,S200,Smartpick 200,"KAJARIACER,",Small Cap,,STARHEALTH,Small Cap,,,,,,,,,,,,,,,,,
GALLANTT,Normal,S200,Smartpick 200,"GALLANTT,",Small Cap,,HEXT,Small Cap,,,,,,,,,,,,,,,,,
FINCABLES,Normal,S200,Smartpick 200,"FINCABLES,",Small Cap,,GRSE,Small Cap,,,,,,,,,,,,,,,,,
GABRIEL,Normal,S200,Smartpick 200,"GABRIEL,",Small Cap,,MINDSPACE,Small Cap,,,,,,,,,,,,,,,,,
544467,Normal,S200,Smartpick 200,"544467,",#N/A,,CHOLAHLDNG,Small Cap,,,,,,,,,,,,,,,,,
ARE&M,Normal,S200,Smartpick 200,"ARE&M,",Small Cap,,HONAUT,Small Cap,,,,,,,,,,,,,,,,,
IGIL,Normal,S200,Smartpick 200,"IGIL,",Small Cap,,KIMS,Small Cap,,,,,,,,,,,,,,,,,
FRACTAL,Normal,S200,Smartpick 200,"FRACTAL,",Small Cap,,CPPLUS,Small Cap,,,,,,,,,,,,,,,,,
BIKAJI,Normal,S200,Smartpick 200,"BIKAJI,",Small Cap,,ANANDRATHI,Small Cap,,,,,,,,,,,,,,,,,
TECHNOE,Normal,S200,Smartpick 200,"TECHNOE,",Small Cap,,HSCL,Small Cap,,,,,,,,,,,,,,,,,
CAPLIPOINT,Normal,S200,Smartpick 200,"CAPLIPOINT,",Small Cap,,LICHSGFIN,Small Cap,,,,,,,,,,,,,,,,,
POLYMED,Normal,S200,Smartpick 200,"POLYMED,",Small Cap,,CRISIL,Small Cap,,,,,,,,,,,,,,,,,
CHOICEIN,Normal,S200,Smartpick 200,"CHOICEIN,",Small Cap,,EXIDEIND,Small Cap,,,,,,,,,,,,,,,,,
CHENNPETRO,Normal,S200,Smartpick 200,"CHENNPETRO,",Small Cap,,ABSLAMC,Small Cap,,,,,,,,,,,,,,,,,
BASF,Normal,S200,Smartpick 200,"BASF,",Small Cap,,METROBRAND,Small Cap,,,,,,,,,,,,,,,,,
BEML,Normal,S200,Smartpick 200,"BEML,",Small Cap,,SJVN,Small Cap,,,,,,,,,,,,,,,,,
TRAVELFOOD,Normal,S200,Smartpick 200,"TRAVELFOOD,",Small Cap,,JUBLFOOD,Small Cap,,,,,,,,,,,,,,,,,
GSPL,Normal,S200,Smartpick 200,"GSPL,",Small Cap,,ZFCVINDIA,Small Cap,,,,,,,,,,,,,,,,,
CEMPRO,Normal,S200,Smartpick 200,"CEMPRO,",Small Cap,,GODIGIT,Small Cap,,,,,,,,,,,,,,,,,
APLLTD,Normal,S200,Smartpick 200,"APLLTD,",Small Cap,,CENTRALBK,Small Cap,,,,,,,,,,,,,,,,,
ECLERX,Normal,S200,Smartpick 200,"ECLERX,",Small Cap,,PNBHOUSING,Small Cap,,,,,,,,,,,,,,,,,
ZENTEC,Normal,S200,Smartpick 200,"ZENTEC,",Small Cap,,IKS,Small Cap,,,,,,,,,,,,,,,,,
USHAMART,Normal,S200,Smartpick 200,"USHAMART,",Small Cap,,KARURVYSYA,Small Cap,,,,,,,,,,,,,,,,,
KFINTECH,Normal,S200,Smartpick 200,"KFINTECH,",Small Cap,,ITI,Small Cap,,,,,,,,,,,,,,,,,
AETHER,Normal,S200,Smartpick 200,"AETHER,",Small Cap,,MANAPPURAM,Small Cap,,,,,,,,,,,,,,,,,
KSB,Normal,S200,Smartpick 200,"KSB,",Small Cap,,TATATECH,Small Cap,,,,,,,,,,,,,,,,,
EIDPARRY,Normal,S200,Smartpick 200,"EIDPARRY,",Small Cap,,TVSHLTD,Small Cap,,,,,,,,,,,,,,,,,
FINEORG,Normal,S200,Smartpick 200,"FINEORG,",Small Cap,,NUVAMA,Small Cap,,,,,,,,,,,,,,,,,
VINATIORGA,Normal,S200,Smartpick 200,"VINATIORGA,",Small Cap,,NIACL,Small Cap,,,,,,,,,,,,,,,,,
INGERRAND,Normal,S200,Smartpick 200,"INGERRAND,",Small Cap,,TIMKEN,Small Cap,,,,,,,,,,,,,,,,,
PGEL,Normal,S200,Smartpick 200,"PGEL,",Small Cap,,LALPATHLAB,Small Cap,,,,,,,,,,,,,,,,,
VGUARD,Normal,S200,Smartpick 200,"VGUARD,",Small Cap,,TATAELXSI,Small Cap,,,,,,,,,,,,,,,,,
DOMS,Normal,S200,Smartpick 200,"DOMS,",Small Cap,,SHYAMMETL,Small Cap,,,,,,,,,,,,,,,,,
JSWDULUX,Normal,S200,Smartpick 200,"JSWDULUX,",Small Cap,,FORCEMOT,Small Cap,,,,,,,,,,,,,,,,,
TBOTEK,Normal,S200,Smartpick 200,"TBOTEK,",Small Cap,,MRPL,Small Cap,,,,,,,,,,,,,,,,,
ATLANTAELE,Normal,S200,Smartpick 200,"ATLANTAELE,",Small Cap,,WOCKPHARMA,Small Cap,,,,,,,,,,,,,,,,,
INOXINDIA,Normal,S200,Smartpick 200,"INOXINDIA,",Small Cap,,BIRET,Small Cap,,,,,,,,,,,,,,,,,
HAPPYFORGE,Normal,S200,Smartpick 200,"HAPPYFORGE,",Small Cap,,AMBER,Small Cap,,,,,,,,,,,,,,,,,
GRWRHITECH,Normal,S200,Smartpick 200,"GRWRHITECH,",Small Cap,,NBCC,Small Cap,,,,,,,,,,,,,,,,,
KIRLOSBROS,Normal,S200,Smartpick 200,"KIRLOSBROS,",Small Cap,,IRB,Small Cap,,,,,,,,,,,,,,,,,
ALIVUS,Normal,S200,Smartpick 200,"ALIVUS,",Small Cap,,MSUMI,Small Cap,,,,,,,,,,,,,,,,,
ENGINERSIN,Normal,S200,Smartpick 200,"ENGINERSIN,",Small Cap,,GUJGASLTD,Small Cap,,,,,,,,,,,,,,,,,
SPLPETRO,Normal,S200,Smartpick 200,"SPLPETRO,",Small Cap,,ACC,Small Cap,,,,,,,,,,,,,,,,,
HONASA,Normal,S200,Smartpick 200,"HONASA,",Small Cap,,AEGISLOG,Small Cap,,,,,,,,,,,,,,,,,
JWL,Normal,S200,Smartpick 200,"JWL,",Small Cap,,GILLETTE,Small Cap,,,,,,,,,,,,,,,,,
INDGN,Normal,S200,Smartpick 200,"INDGN,",Small Cap,,CDSL,Small Cap,,,,,,,,,,,,,,,,,
UTIAMC,Normal,S200,Smartpick 200,"UTIAMC,",Small Cap,,AWL,Small Cap,,,,,,,,,,,,,,,,,
ELECON,Normal,S200,Smartpick 200,"ELECON,",Small Cap,,SAILIFE,Small Cap,,,,,,,,,,,,,,,,,
GRAVITA,Normal,S200,Smartpick 200,"GRAVITA,",Small Cap,,TENNIND,Small Cap,,,,,,,,,,,,,,,,,
INDIAMART,Normal,S200,Smartpick 200,"INDIAMART,",Small Cap,,HFCL,Small Cap,,,,,,,,,,,,,,,,,
TEGA,Normal,S200,Smartpick 200,"TEGA,",Small Cap,,KIRLOSENG,Small Cap,,,,,,,,,,,,,,,,,
PARKHOSPS,Normal,S200,Smartpick 200,"PARKHOSPS,",Small Cap,,APOLLOTYRE,Small Cap,,,,,,,,,,,,,,,,,
CONCORDBIO,Normal,S200,Smartpick 200,"CONCORDBIO,",Small Cap,,CESC,Small Cap,,,,,,,,,,,,,,,,,
VIYASH,Normal,S200,Smartpick 200,"VIYASH,",Small Cap,,MTARTECH,Small Cap,,,,,,,,,,,,,,,,,
IEX,Normal,S200,Smartpick 200,"IEX,",Small Cap,,PTCIL,Small Cap,,,,,,,,,,,,,,,,,
ZENSARTECH,Normal,S200,Smartpick 200,"ZENSARTECH,",Small Cap,,KIOCL,Small Cap,,,,,,,,,,,,,,,,,
PRUDENT,Normal,S200,Smartpick 200,"PRUDENT,",Small Cap,,ACUTAAS,Small Cap,,,,,,,,,,,,,,,,,
BLS,Normal,S200,Smartpick 200,"BLS,",Small Cap,,NXST,Small Cap,,,,,,,,,,,,,,,,,
BBTC,Normal,S200,Smartpick 200,"BBTC,",Small Cap,,SUMICHEM,Small Cap,,,,,,,,,,,,,,,,,
KIRLPNU,Normal,S200,Smartpick 200,"KIRLPNU,",Small Cap,,PPLPHARMA,Small Cap,,,,,,,,,,,,,,,,,
IIFLCAPS,Normal,S200,Smartpick 200,"IIFLCAPS,",Small Cap,,DEEPAKNTR,Small Cap,,,,,,,,,,,,,,,,,
ESABINDIA,Normal,S200,Smartpick 200,"ESABINDIA,",Small Cap,,GESHIP,Small Cap,,,,,,,,,,,,,,,,,
MGL,Normal,S200,Smartpick 200,"MGL,",Small Cap,,AEGISVOPAK,Small Cap,,,,,,,,,,,,,,,,,
SANOFICONR,Normal,S200,Smartpick 200,"SANOFICONR,",Small Cap,,DATAPATTNS,Small Cap,,,,,,,,,,,,,,,,,
RAILTEL,Normal,S200,Smartpick 200,"RAILTEL,",Small Cap,,KAYNES,Small Cap,,,,,,,,,,,,,,,,,
ACE,Normal,S200,Smartpick 200,"ACE,",Small Cap,,STLTECH,Small Cap,,,,,,,,,,,,,,,,,
SKFINDUS,Normal,S200,Smartpick 200,"SKFINDUS,",Small Cap,,RRKABEL,Small Cap,,,,,,,,,,,,,,,,,
WAAREERTL,Normal,S200,Smartpick 200,"WAAREERTL,",Small Cap,,IGL,Small Cap,,,,,,,,,,,,,,,,,
CYIENT,Normal,S200,Smartpick 200,"CYIENT,",Small Cap,,TRITURBINE,Small Cap,,,,,,,,,,,,,,,,,
MANYAVAR,Normal,S200,Smartpick 200,"MANYAVAR,",Small Cap,,ASTRAZEN,Small Cap,,,,,,,,,,,,,,,,,
INTELLECT,Normal,S200,Smartpick 200,"INTELLECT,",Small Cap,,NETWEB,Small Cap,,,,,,,,,,,,,,,,,
MARKSANS,Normal,S200,Smartpick 200,"MARKSANS,",Small Cap,,ASAHIINDIA,Small Cap,,,,,,,,,,,,,,,,,
RITES,Normal,S200,Smartpick 200,"RITES,",Small Cap,,KPIL,Small Cap,,,,,,,,,,,,,,,,,
PGHL,Normal,S200,Smartpick 200,"PGHL,",Small Cap,,NEULANDLAB,Small Cap,,,,,,,,,,,,,,,,,
VESUVIUS,Normal,S200,Smartpick 200,"VESUVIUS,",Small Cap,,PFIZER,Small Cap,,,,,,,,,,,,,,,,,
TARIL,Normal,S200,Smartpick 200,"TARIL,",Small Cap,,GRINDWELL,Small Cap,,,,,,,,,,,,,,,,,
VOLTAMP,Normal,S200,Smartpick 200,"VOLTAMP,",Small Cap,,RAMCOCEM,Small Cap,,,,,,,,,,,,,,,,,
BSOFT,Normal,S200,Smartpick 200,"BSOFT,",Small Cap,,RBLBANK,Small Cap,,,,,,,,,,,,,,,,,
WABAG,Normal,S200,Smartpick 200,"WABAG,",Small Cap,,HBLENGINE,Small Cap,,,,,,,,,,,,,,,,,
NESCO,Normal,S200,Smartpick 200,"NESCO,",Small Cap,,NATCOPHARM,Small Cap,,,,,,,,,,,,,,,,,
STARCEMENT,Normal,S200,Smartpick 200,"STARCEMENT,",Small Cap,,CREDITACC,Small Cap,,,,,,,,,,,,,,,,,
TIMETECHNO,Normal,S200,Smartpick 200,"TIMETECHNO,",Small Cap,,HATSUN,Small Cap,,,,,,,,,,,,,,,,,
ORKLAINDIA,Normal,S200,Smartpick 200,"ORKLAINDIA,",Small Cap,,GMDCLTD,Small Cap,,,,,,,,,,,,,,,,,
SHARDACROP,Normal,S200,Smartpick 200,"SHARDACROP,",Small Cap,,KPITTECH,Small Cap,,,,,,,,,,,,,,,,,
CELLO,Normal,S200,Smartpick 200,"CELLO,",Small Cap,,CRAFTSMAN,Small Cap,,,,,,,,,,,,,,,,,
MAHSEAMLES,Normal,S200,Smartpick 200,"MAHSEAMLES,",Small Cap,,ATUL,Small Cap,,,,,,,,,,,,,,,,,
BLUEJET,Normal,S200,Smartpick 200,"BLUEJET,",Small Cap,,ONESOURCE,Small Cap,,,,,,,,,,,,,,,,,
SKFINDIA,Normal,S200,Smartpick 200,"SKFINDIA,",Small Cap,,AFFLE,Small Cap,,,,,,,,,,,,,,,,,
TIPSMUSIC,Normal,S200,Smartpick 200,"TIPSMUSIC,",Small Cap,,AADHARHFC,Small Cap,,,,,,,,,,,,,,,,,
AKUMS,Normal,S200,Smartpick 200,"AKUMS,",Small Cap,,IIFL,Small Cap,,,,,,,,,,,,,,,,,
KRBL,Normal,S200,Smartpick 200,"KRBL,",Small Cap,,SYRMA,Small Cap,,,,,,,,,,,,,,,,,
IMFA,Normal,S200,Smartpick 200,"IMFA,",Small Cap,,TDPOWERSYS,Small Cap,,,,,,,,,,,,,,,,,
POWERMECH,Normal,S200,Smartpick 200,"POWERMECH,",Small Cap,,CARBORUNIV,Small Cap,,,,,,,,,,,,,,,,,
CLEAN,Normal,S200,Smartpick 200,"CLEAN,",Small Cap,,EMMVEE,Small Cap,,,,,,,,,,,,,,,,,
JSLL,Normal,S200,Smartpick 200,"JSLL,",Small Cap,,EIHOTEL,Small Cap,,,,,,,,,,,,,,,,,
SONATSOFTW,Normal,S200,Smartpick 200,"SONATSOFTW,",Small Cap,,CUBEINVIT,Small Cap,,,,,,,,,,,,,,,,,
SAREGAMA,Normal,S200,Smartpick 200,"SAREGAMA,",Small Cap,,FSL,Small Cap,,,,,,,,,,,,,,,,,
GNFC,Normal,S200,Smartpick 200,"GNFC,",Small Cap,,BAYERCROP,Small Cap,,,,,,,,,,,,,,,,,
PGIL,Normal,S200,Smartpick 200,"PGIL,",Small Cap,,SAGILITY,Small Cap,,,,,,,,,,,,,,,,,
GPPL,Normal,S200,Smartpick 200,"GPPL,",Small Cap,,SAMMAANCAP,Small Cap,,,,,,,,,,,,,,,,,
GAEL,Normal,S200,Smartpick 200,"GAEL,",Small Cap,,TATACHEM,Small Cap,,,,,,,,,,,,,,,,,
JYOTHYLAB,Normal,S200,Smartpick 200,"JYOTHYLAB,",Small Cap,,SUNTV,Small Cap,,,,,,,,,,,,,,,,,
KIRLFER,Normal,S200,Smartpick 200,"KIRLFER,",Small Cap,,INDIGRID,Small Cap,,,,,,,,,,,,,,,,,
CERA,Normal,S200,Smartpick 200,"CERA,",Small Cap,,URBANCO,Small Cap,,,,,,,,,,,,,,,,,
SANOFI,Normal,S200,Smartpick 200,"SANOFI,",Small Cap,,GPIL,Small Cap,,,,,,,,,,,,,,,,,
VIKRAMSOLR,Normal,S200,Smartpick 200,"VIKRAMSOLR,",Small Cap,,SARDAEN,Small Cap,,,,,,,,,,,,,,,,,
TCI,Normal,S200,Smartpick 200,"TCI,",Small Cap,,PFOCUS,Small Cap,,,,,,,,,,,,,,,,,
PRICOLLTD,Normal,S200,Smartpick 200,"PRICOLLTD,",Small Cap,,CAMS,Small Cap,,,,,,,,,,,,,,,,,
TANLA,Normal,S200,Smartpick 200,"TANLA,",Small Cap,,CROMPTON,Small Cap,,,,,,,,,,,,,,,,,
LOTUSDEV,Normal,S200,Smartpick 200,"LOTUSDEV,",Small Cap,,GRANULES,Small Cap,,,,,,,,,,,,,,,,,
TRANSRAILL,Normal,S200,Smartpick 200,"TRANSRAILL,",Small Cap,,ERIS,Small Cap,,,,,,,,,,,,,,,,,
LATENTVIEW,Normal,S200,Smartpick 200,"LATENTVIEW,",Small Cap,,BELRISE,Small Cap,,,,,,,,,,,,,,,,,
JAIBALAJI,Normal,S200,Smartpick 200,"JAIBALAJI,",Small Cap,,SYNGENE,Small Cap,,,,,,,,,,,,,,,,,
DODLA,Normal,S200,Smartpick 200,"DODLA,",Small Cap,,CUB,Small Cap,,,,,,,,,,,,,,,,,
AJAXENGG,Normal,S200,Smartpick 200,"AJAXENGG,",Small Cap,,CHAMBLFERT,Small Cap,,,,,,,,,,,,,,,,,
GALAXYSURF,Normal,S200,Smartpick 200,"GALAXYSURF,",Small Cap,,DEEPAKFERT,Small Cap,,,,,,,,,,,,,,,,,
GOKULAGRO,Normal,S200,Smartpick 200,"GOKULAGRO,",Small Cap,,JSWCEMENT,Small Cap,,,,,,,,,,,,,,,,,
SHAKTIPUMP,Normal,S200,Smartpick 200,"SHAKTIPUMP,",Small Cap,,AVANTIFEED,Small Cap,,,,,,,,,,,,,,,,,
NEWGEN,Normal,S200,Smartpick 200,"NEWGEN,",Small Cap,,ANANTRAJ,Small Cap,,,,,,,,,,,,,,,,,
MOIL,Normal,S200,Smartpick 200,"MOIL,",Small Cap,,ACMESOLAR,Small Cap,,,,,,,,,,,,,,,,,
FDC,Normal,S200,Smartpick 200,"FDC,",Small Cap,,CGCL,Small Cap,,,,,,,,,,,,,,,,,
FIEMIND,Normal,S200,Smartpick 200,"FIEMIND,",Small Cap,,SANSERA,Small Cap,,,,,,,,,,,,,,,,,
GANESHHOU,Normal,S200,Smartpick 200,"GANESHHOU,",Small Cap,,CASTROLIND,Small Cap,,,,,,,,,,,,,,,,,
KOVAI,Normal,S200,Smartpick 200,"KOVAI,",Small Cap,,SUNDRMFAST,Small Cap,,,,,,,,,,,,,,,,,
PTC,Normal,S200,Smartpick 200,"PTC,",Small Cap,,ELGIEQUIP,Small Cap,,,,,,,,,,,,,,,,,
BALUFORGE,Normal,S200,Smartpick 200,"BALUFORGE,",Small Cap,,RATNAMANI,Small Cap,,,,,,,,,,,,,,,,,
AHLUCONT,Normal,S200,Smartpick 200,"AHLUCONT,",Small Cap,,KANSAINER,Small Cap,,,,,,,,,,,,,,,,,
DHANUKA,Normal,S200,Smartpick 200,"DHANUKA,",Small Cap,,EMAMILTD,Small Cap,,,,,,,,,,,,,,,,,
MASTEK,Normal,S200,Smartpick 200,"MASTEK,",Small Cap,,REDINGTON,Small Cap,,,,,,,,,,,,,,,,,
GVPIL,Normal,S200,Smartpick 200,"GVPIL,",Small Cap,,CIEINDIA,Small Cap,,,,,,,,,,,,,,,,,
CMSINFO,Normal,S200,Smartpick 200,"CMSINFO,",Small Cap,,AARTIIND,Small Cap,,,,,,,,,,,,,,,,,
CRAMC,Normal,S200,Smartpick 200,"CRAMC,",Small Cap,,CMPDI,Small Cap,,,,,,,,,,,,,,,,,
LGBBROSLTD,Normal,S200,Smartpick 200,"LGBBROSLTD,",Small Cap,,CHALET,Small Cap,,,,,,,,,,,,,,,,,
SHARDAMOTR,Normal,S200,Smartpick 200,"SHARDAMOTR,",Small Cap,,VTL,Small Cap,,,,,,,,,,,,,,,,,
WEBELSOLAR,Normal,S200,Smartpick 200,"WEBELSOLAR,",Small Cap,,NAVA,Small Cap,,,,,,,,,,,,,,,,,
KSCL,Normal,S200,Smartpick 200,"KSCL,",Small Cap,,BBOX,Small Cap,,,,,,,,,,,,,,,,,
SURYAROSNI,Normal,S200,Smartpick 200,"SURYAROSNI,",Small Cap,,CENTURYPLY,Small Cap,,,,,,,,,,,,,,,,,
MANINFRA,Normal,S200,Smartpick 200,"MANINFRA,",Small Cap,,PSB,Small Cap,,,,,,,,,,,,,,,,,
IBULLSLTD,Normal,S200,Smartpick 200,"IBULLSLTD,",Small Cap,,KAJARIACER,Small Cap,,,,,,,,,,,,,,,,,
GULFOILLUB,Normal,S200,Smartpick 200,"GULFOILLUB,",Small Cap,,DCMSHRIRAM,Small Cap,,,,,,,,,,,,,,,,,
AURIONPRO,Normal,S200,Smartpick 200,"AURIONPRO,",Small Cap,,GALLANTT,Small Cap,,,,,,,,,,,,,,,,,
JUSTDIAL,Normal,S200,Smartpick 200,"JUSTDIAL,",Small Cap,,PINELABS,Small Cap,,,,,,,,,,,,,,,,,
THOMASCOOK,Normal,S200,Smartpick 200,"THOMASCOOK,",Small Cap,,BHARATCOAL,Small Cap,,,,,,,,,,,,,,,,,
VSTIND,Normal,S200,Smartpick 200,"VSTIND,",Small Cap,,INOXWIND,Small Cap,,,,,,,,,,,,,,,,,
STYL,Normal,S200,Smartpick 200,"STYL,",Small Cap,,CUPID,Small Cap,,,,,,,,,,,,,,,,,
SEAMECLTD,Normal,S200,Smartpick 200,"SEAMECLTD,",Small Cap,,OLAELEC,Small Cap,,,,,,,,,,,,,,,,,
OSWALPUMPS,Normal,S200,Smartpick 200,"OSWALPUMPS,",Small Cap,,IFCI,Small Cap,,,,,,,,,,,,,,,,,
PACEDIGITK,Normal,S200,Smartpick 200,"PACEDIGITK,",Small Cap,,COHANCE,Small Cap,,,,,,,,,,,,,,,,,
GHCL,Normal,S200,Smartpick 200,"GHCL,",Small Cap,,VERTIS,Small Cap,,,,,,,,,,,,,,,,,
ORIANA,Normal,S200,Smartpick 200,"ORIANA,",Small Cap,,BRIGADE,Small Cap,,,,,,,,,,,,,,,,,
CRIZAC,Normal,S200,Smartpick 200,"CRIZAC,",Small Cap,,FINCABLES,Small Cap,,,,,,,,,,,,,,,,,
AGI,Normal,S200,Smartpick 200,"AGI,",Small Cap,,GABRIEL,Small Cap,,,,,,,,,,,,,,,,,
JKIL,Normal,S200,Smartpick 200,"JKIL,",Small Cap,,544467,Small Cap,,,,,,,,,,,,,,,,,
VAIBHAVGBL,Normal,S200,Smartpick 200,"VAIBHAVGBL,",Small Cap,,ARE&M,Small Cap,,,,,,,,,,,,,,,,,
543971,Normal,S200,Smartpick 200,"543971,",#N/A,,IGIL,Small Cap,,,,,,,,,,,,,,,,,
DBCORP,Normal,S200,Smartpick 200,"DBCORP,",Small Cap,,FRACTAL,Small Cap,,,,,,,,,,,,,,,,,
EIEL,Normal,S200,Smartpick 200,"EIEL,",Small Cap,,BIKAJI,Small Cap,,,,,,,,,,,,,,,,,
KSL,Normal,S200,Smartpick 200,"KSL,",Small Cap,,JUBLPHARMA,Small Cap,,,,,,,,,,,,,,,,,
CIGNITITEC,Normal,S200,Smartpick 200,"CIGNITITEC,",Small Cap,,TECHNOE,Small Cap,,,,,,,,,,,,,,,,,
ASHOKA,Normal,S200,Smartpick 200,"ASHOKA,",Small Cap,,LMW,Small Cap,,,,,,,,,,,,,,,,,
ROUTE,Normal,S200,Smartpick 200,"ROUTE,",Small Cap,,CAPLIPOINT,Small Cap,,,,,,,,,,,,,,,,,
RAMKY,Normal,S200,Smartpick 200,"RAMKY,",Small Cap,,POLYMED,Small Cap,,,,,,,,,,,,,,,,,
RSYSTEMS,Normal,S200,Smartpick 200,"RSYSTEMS,",Small Cap,,ANURAS,Small Cap,,,,,,,,,,,,,,,,,
BALMLAWRIE,Normal,S200,Smartpick 200,"BALMLAWRIE,",Small Cap,,RUBICON,Small Cap,,,,,,,,,,,,,,,,,
QUESS,Normal,S200,Smartpick 200,"QUESS,",Small Cap,,NIVABUPA,Small Cap,,,,,,,,,,,,,,,,,
SHAREINDIA,Normal,S200,Smartpick 200,"SHAREINDIA,",Small Cap,,J&KBANK,Small Cap,,,,,,,,,,,,,,,,,
MSTCLTD,Normal,S200,Smartpick 200,"MSTCLTD,",Small Cap,,ZYDUSWELL,Small Cap,,,,,,,,,,,,,,,,,
NIITMTS,Normal,S200,Smartpick 200,"NIITMTS,",Small Cap,,CHOICEIN,Small Cap,,,,,,,,,,,,,,,,,
ORIENTCEM,Normal,S200,Smartpick 200,"ORIENTCEM,",Small Cap,,CHENNPETRO,Small Cap,,,,,,,,,,,,,,,,,
MAITHANALL,Normal,S200,Smartpick 200,"MAITHANALL,",Small Cap,,JYOTICNC,Small Cap,,,,,,,,,,,,,,,,,
SIYSIL,Normal,S200,Smartpick 200,"SIYSIL,",Small Cap,,BASF,Small Cap,,,,,,,,,,,,,,,,,
RELINFRA,Normal,S200,Smartpick 200,"RELINFRA,",Small Cap,,AGARWALEYE,Small Cap,,,,,,,,,,,,,,,,,
PATELENG,Normal,S200,Smartpick 200,"PATELENG,",Small Cap,,BEML,Small Cap,,,,,,,,,,,,,,,,,
GKENERGY,Normal,S200,Smartpick 200,"GKENERGY,",Small Cap,,TRAVELFOOD,Small Cap,,,,,,,,,,,,,,,,,
DDEVPLSTIK,Normal,S200,Smartpick 200,"DDEVPLSTIK,",Small Cap,,GSPL,Small Cap,,,,,,,,,,,,,,,,,
BCG,Normal,S200,Smartpick 200,"BCG,",Small Cap,,CEMPRO,Small Cap,,,,,,,,,,,,,,,,,
KCP,Normal,S200,Smartpick 200,"KCP,",Small Cap,,JBMA,Small Cap,,,,,,,,,,,,,,,,,
JINDRILL,Normal,S200,Smartpick 200,"JINDRILL,",Small Cap,,ABDL,Small Cap,,,,,,,,,,,,,,,,,
WAAREEINDO,Normal,S200,Smartpick 200,"WAAREEINDO,",Small Cap,,APLLTD,Small Cap,,,,,,,,,,,,,,,,,
BLIL,Normal,S200,Smartpick 200,"BLIL,",Small Cap,,ECLERX,Small Cap,,,,,,,,,,,,,,,,,
JPOLYINVST,Normal,S200,Smartpick 200,"JPOLYINVST,",Small Cap,,SOBHA,Small Cap,,,,,,,,,,,,,,,,,
539594,Normal,S200,Smartpick 200,"539594,",#N/A,,VENTIVE,Small Cap,,,,,,,,,,,,,,,,,
538897,Normal,S200,Smartpick 200,"538897,",#N/A,,GRAPHITE,Small Cap,,,,,,,,,,,,,,,,,
HDFCBANK,Banks,S200,Smartpick 200,"HDFCBANK,",Large Cap,,APOLLO,Small Cap,,,,,,,,,,,,,,,,,
ICICIBANK,Banks,S200,Smartpick 200,"ICICIBANK,",Large Cap,,ZENTEC,Small Cap,,,,,,,,,,,,,,,,,
SBIN,Banks,S200,Smartpick 200,"SBIN,",Large Cap,,AEQUS,Small Cap,,,,,,,,,,,,,,,,,
AXISBANK,Banks,S200,Smartpick 200,"AXISBANK,",Large Cap,,JINDALSAW,Small Cap,,,,,,,,,,,,,,,,,
KOTAKBANK,Banks,S200,Smartpick 200,"KOTAKBANK,",Large Cap,,USHAMART,Small Cap,,,,,,,,,,,,,,,,,
BANKBARODA,Banks,S200,Smartpick 200,"BANKBARODA,",Large Cap,,ABREL,Small Cap,,,,,,,,,,,,,,,,,
UNIONBANK,Banks,S200,Smartpick 200,"UNIONBANK,",Large Cap,,KFINTECH,Small Cap,,,,,,,,,,,,,,,,,
PNB,Banks,S200,Smartpick 200,"PNB,",Large Cap,,DEVYANI,Small Cap,,,,,,,,,,,,,,,,,
CANBK,Banks,S200,Smartpick 200,"CANBK,",Large Cap,,SHRIPISTON,Small Cap,,,,,,,,,,,,,,,,,
INDIANB,Banks,S200,Smartpick 200,"INDIANB,",Large Cap,,AETHER,Small Cap,,,,,,,,,,,,,,,,,
IDBI,Banks,S200,Smartpick 200,"IDBI,",Mid Cap,,MAHSCOOTER,Small Cap,,,,,,,,,,,,,,,,,
AUBANK,Banks,S200,Smartpick 200,"AUBANK,",Mid Cap,,KSB,Small Cap,,,,,,,,,,,,,,,,,
FEDERALBNK,Banks,S200,Smartpick 200,"FEDERALBNK,",Mid Cap,,CCL,Small Cap,,,,,,,,,,,,,,,,,
BANKINDIA,Banks,S200,Smartpick 200,"BANKINDIA,",Mid Cap,,SCI,Small Cap,,,,,,,,,,,,,,,,,
IOB,Banks,S200,Smartpick 200,"IOB,",Mid Cap,,LTFOODS,Small Cap,,,,,,,,,,,,,,,,,
MAHABANK,Banks,S200,Smartpick 200,"MAHABANK,",Mid Cap,,EIDPARRY,Small Cap,,,,,,,,,,,,,,,,,
CENTRALBK,Banks,S200,Smartpick 200,"CENTRALBK,",Small Cap,,MINDACORP,Small Cap,,,,,,,,,,,,,,,,,
KARURVYSYA,Banks,S200,Smartpick 200,"KARURVYSYA,",Small Cap,,FINEORG,Small Cap,,,,,,,,,,,,,,,,,
CUB,Banks,S200,Smartpick 200,"CUB,",Small Cap,,JSWHL,Small Cap,,,,,,,,,,,,,,,,,
J&KBANK,Banks,S200,Smartpick 200,"J&KBANK,",Small Cap,,VINATIORGA,Small Cap,,,,,,,,,,,,,,,,,
TMB,Banks,S200,Smartpick 200,"TMB,",Small Cap,,THELEELA,Small Cap,,,,,,,,,,,,,,,,,
SOUTHBANK,Banks,S200,Smartpick 200,"SOUTHBANK,",Small Cap,,RAINBOW,Small Cap,,,,,,,,,,,,,,,,,
KTKBANK,Banks,S200,Smartpick 200,"KTKBANK,",Small Cap,,INGERRAND,Small Cap,,,,,,,,,,,,,,,,,
BAJFINANCE,NBFC,S200,Smartpick 200,"BAJFINANCE,",Large Cap,,JAINREC,Small Cap,,,,,,,,,,,,,,,,,
BAJAJFINSV,NBFC,S200,Smartpick 200,"BAJAJFINSV,",Large Cap,,KEC,Small Cap,,,,,,,,,,,,,,,,,
SHRIRAMFIN,NBFC,S200,Smartpick 200,"SHRIRAMFIN,",Large Cap,,CEATLTD,Small Cap,,,,,,,,,,,,,,,,,
PFC,NBFC,S200,Smartpick 200,"PFC,",Large Cap,,FIVESTAR,Small Cap,,,,,,,,,,,,,,,,,
CHOLAFIN,NBFC,S200,Smartpick 200,"CHOLAFIN,",Large Cap,,PGEL,Small Cap,,,,,,,,,,,,,,,,,
MUTHOOTFIN,NBFC,S200,Smartpick 200,"MUTHOOTFIN,",Large Cap,,IRCON,Small Cap,,,,,,,,,,,,,,,,,
TATACAP,NBFC,S200,Smartpick 200,"TATACAP,",Large Cap,,VGUARD,Small Cap,,,,,,,,,,,,,,,,,
IRFC,NBFC,S200,Smartpick 200,"IRFC,",Large Cap,,DOMS,Small Cap,,,,,,,,,,,,,,,,,
BAJAJHLDNG,NBFC,S200,Smartpick 200,"BAJAJHLDNG,",Large Cap,,JSWDULUX,Small Cap,,,,,,,,,,,,,,,,,
ABCAPITAL,NBFC,S200,Smartpick 200,"ABCAPITAL,",Mid Cap,,PARADEEP,Small Cap,,,,,,,,,,,,,,,,,
RECLTD,NBFC,S200,Smartpick 200,"RECLTD,",Mid Cap,,WELSPUNLIV,Small Cap,,,,,,,,,,,,,,,,,
LTF,NBFC,S200,Smartpick 200,"LTF,",Mid Cap,,CANHLIFE,Small Cap,,,,,,,,,,,,,,,,,
BAJAJHFL,NBFC,S200,Smartpick 200,"BAJAJHFL,",Mid Cap,,TBOTEK,Small Cap,,,,,,,,,,,,,,,,,
SBICARD,NBFC,S200,Smartpick 200,"SBICARD,",Mid Cap,,NSLNISP,Small Cap,,,,,,,,,,,,,,,,,
HDBFS,NBFC,S200,Smartpick 200,"HDBFS,",Mid Cap,,AZAD,Small Cap,,,,,,,,,,,,,,,,,
SUNDARMFIN,NBFC,S200,Smartpick 200,"SUNDARMFIN,",Mid Cap,,APTUS,Small Cap,,,,,,,,,,,,,,,,,
M&MFIN,NBFC,S200,Smartpick 200,"M&MFIN,",Mid Cap,,ATLANTAELE,Small Cap,,,,,,,,,,,,,,,,,
AIIL,NBFC,S200,Smartpick 200,"AIIL,",Mid Cap,,INOXINDIA,Small Cap,,,,,,,,,,,,,,,,,
HUDCO,NBFC,S200,Smartpick 200,"HUDCO,",Mid Cap,,HAPPYFORGE,Small Cap,,,,,,,,,,,,,,,,,
IREDA,NBFC,S200,Smartpick 200,"IREDA,",Mid Cap,,GRWRHITECH,Small Cap,,,,,,,,,,,,,,,,,
CHOLAHLDNG,NBFC,S200,Smartpick 200,"CHOLAHLDNG,",Small Cap,,JPPOWER,Small Cap,,,,,,,,,,,,,,,,,
LICHSGFIN,NBFC,S200,Smartpick 200,"LICHSGFIN,",Small Cap,,KIRLOSBROS,Small Cap,,,,,,,,,,,,,,,,,
PNBHOUSING,NBFC,S200,Smartpick 200,"PNBHOUSING,",Small Cap,,PRIVISCL,Small Cap,,,,,,,,,,,,,,,,,
TVSHLTD,NBFC,S200,Smartpick 200,"TVSHLTD,",Small Cap,,ALIVUS,Small Cap,,,,,,,,,,,,,,,,,
AADHARHFC,NBFC,S200,Smartpick 200,"AADHARHFC,",Small Cap,,ENGINERSIN,Small Cap,,,,,,,,,,,,,,,,,
IIFL,NBFC,S200,Smartpick 200,"IIFL,",Small Cap,,CLEANMAX,Small Cap,,,,,,,,,,,,,,,,,
FIVESTAR,NBFC,S200,Smartpick 200,"FIVESTAR,",Small Cap,,SPLPETRO,Small Cap,,,,,,,,,,,,,,,,,
CANFINHOME,NBFC,S200,Smartpick 200,"CANFINHOME,",Small Cap,,504346,Small Cap,,,,,,,,,,,,,,,,,
KAMAHOLD,NBFC,S200,Smartpick 200,"KAMAHOLD,",Small Cap,,HONASA,Small Cap,,,,,,,,,,,,,,,,,
,,,,,,,JWL,Small Cap,,,,,,,,,,,,,,,,,
,,,,,,,JMFINANCIL,Small Cap,,,,,,,,,,,,,,,,,
,,,,,,,SHAILY,Small Cap,,,,,,,,,,,,,,,,,
,,,,,,,ARVIND,Small Cap,,,,,,,,,,,,,,,,,
,,,,,,,VIJAYA,Small Cap,,,,,,,,,,,,,,,,,
,,,,,,,TRIDENT,Small Cap,,,,,,,,,,,,,,,,,
,,,,,,,INDIACEM,Small Cap,,,,,,,,,,,,,,,,,
,,,,,,,ABLBL,Small Cap,,,,,,,,,,,,,,,,,
,,,,,,,INDGN,Small Cap,,,,,,,,,,,,,,,,,
,,,,,,,UTIAMC,Small Cap,,,,,,,,,,,,,,,,,
,,,,,,,ELECON,Small Cap,,,,,,,,,,,,,,,,,
,,,,,,,GRAVITA,Small Cap,,,,,,,,,,,,,,,,,
,,,,,,,INDIAMART,Small Cap,,,,,,,,,,,,,,,,,
,,,,,,,FIRSTCRY,Small Cap,,,,,,,,,,,,,,,,,
,,,,,,,TEGA,Small Cap,,,,,,,,,,,,,,,,,
,,,,,,,PARKHOSPS,Small Cap,,,,,,,,,,,,,,,,,
,,,,,,,THANGAMAYL,Small Cap,,,,,,,,,,,,,,,,,
,,,,,,,CONCORDBIO,Small Cap,,,,,,,,,,,,,,,,,
,,,,,,,ASTRAMICRO,Small Cap,,,,,,,,,,,,,,,,,
,,,,,,,SHADOWFAX,Small Cap,,,,,,,,,,,,,,,,,
,,,,,,,JUBLINGREA,Small Cap,,,,,,,,,,,,,,,,,
,,,,,,,BLUEDART,Small Cap,,,,,,,,,,,,,,,,,
,,,,,,,PCBL,Small Cap,,,,,,,,,,,,,,,,,
,,,,,,,NUVOCO,Small Cap,,,,,,,,,,,,,,,,,
,,,,,,,SIGNATURE,Small Cap,,,,,,,,,,,,,,,,,
,,,,,,,VIYASH,Small Cap,,,,,,,,,,,,,,,,,
,,,,,,,IEX,Small Cap,,,,,,,,,,,,,,,,,
,,,,,,,SANDUMA,Small Cap,,,,,,,,,,,,,,,,,
,,,,,,,HOMEFIRST,Small Cap,,,,,,,,,,,,,,,,,
,,,,,,,HEG,Small Cap,,,,,,,,,,,,,,,,,
,,,,,,,ZENSARTECH,Small Cap,,,,,,,,,,,,,,,,,
,,,,,,,TITAGARH,Small Cap,,,,,,,,,,,,,,,,,
,,,,,,,CANFINHOME,Small Cap,,,,,,,,,,,,,,,,,
,,,,,,,AFCONS,Small Cap,,,,,,,,,,,,,,,,,
,,,,,,,JKTYRE,Small Cap,,,,,,,,,,,,,,,,,
,,,,,,,PRUDENT,Small Cap,,,,,,,,,,,,,,,,,
,,,,,,,BLS,Small Cap,,,,,,,,,,,,,,,,,
,,,,,,,RPOWER,Small Cap,,,,,,,,,,,,,,,,,
,,,,,,,GODREJAGRO,Small Cap,,,,,,,,,,,,,,,,,
,,,,,,,STAR,Small Cap,,,,,,,,,,,,,,,,,
,,,,,,,LLOYDSENGG,Small Cap,,,,,,,,,,,,,,,,,
,,,,,,,AAVAS,Small Cap,,,,,,,,,,,,,,,,,
,,,,,,,FINPIPE,Small Cap,,,,,,,,,,,,,,,,,
,,,,,,,TI,Small Cap,,,,,,,,,,,,,,,,,
,,,,,,,METROPOLIS,Small Cap,,,,,,,,,,,,,,,,,
,,,,,,,WHIRLPOOL,Small Cap,,,,,,,,,,,,,,,,,
,,,,,,,LUMAXTECH,Small Cap,,,,,,,,,,,,,,,,,
,,,,,,,TMB,Small Cap,,,,,,,,,,,,,,,,,
,,,,,,,BBTC,Small Cap,,,,,,,,,,,,,,,,,
,,,,,,,KIRLPNU,Small Cap,,,,,,,,,,,,,,,,,
,,,,,,,MEDPLUS,Small Cap,,,,,,,,,,,,,,,,,
,,,,,,,BALRAMCHIN,Small Cap,,,,,,,,,,,,,,,,,
,,,,,,,IIFLCAPS,Small Cap,,,,,,,,,,,,,,,,,
,,,,,,,ESABINDIA,Small Cap,,,,,,,,,,,,,,,,,
,,,,,,,NAZARA,Small Cap,,,,,,,,,,,,,,,,,
,,,,,,,SOUTHBANK,Small Cap,,,,,,,,,,,,,,,,,
,,,,,,,LLOYDSENT,Small Cap,,,,,,,,,,,,,,,,,
,,,,,,,UJJIVANSFB,Small Cap,,,,,,,,,,,,,,,,,
,,,,,,,MGL,Small Cap,,,,,,,,,,,,,,,,,
,,,,,,,SANOFICONR,Small Cap,,,,,,,,,,,,,,,,,
,,,,,,,EDELWEISS,Small Cap,,,,,,,,,,,,,,,,,
,,,,,,,RAILTEL,Small Cap,,,,,,,,,,,,,,,,,
,,,,,,,ACE,Small Cap,,,,,,,,,,,,,,,,,
,,,,,,,CORONA,Small Cap,,,,,,,,,,,,,,,,,
,,,,,,,RKFORGE,Small Cap,,,,,,,,,,,,,,,,,
,,,,,,,DIACABS,Small Cap,,,,,,,,,,,,,,,,,
,,,,,,,SBFC,Small Cap,,,,,,,,,,,,,,,,,
,,,,,,,SKFINDUS,Small Cap,,,,,,,,,,,,,,,,,
,,,,,,,WAAREERTL,Small Cap,,,,,,,,,,,,,,,,,
,,,,,,,CYIENT,Small Cap,,,,,,,,,,,,,,,,,
,,,,,,,MANYAVAR,Small Cap,,,,,,,,,,,,,,,,,
,,,,,,,JAYNECOIND,Small Cap,,,,,,,,,,,,,,,,,
,,,,,,,SWANDEF,Small Cap,,,,,,,,,,,,,,,,,
,,,,,,,SWANCORP,Small Cap,,,,,,,,,,,,,,,,,
,,,,,,,AVALON,Small Cap,,,,,,,,,,,,,,,,,
,,,,,,,SHILPAMED,Small Cap,,,,,,,,,,,,,,,,,
,,,,,,,OLECTRA,Small Cap,,,,,,,,,,,,,,,,,
,,,,,,,KTKBANK,Small Cap,,,,,,,,,,,,,,,,,
,,,,,,,INTELLECT,Small Cap,,,,,,,,,,,,,,,,,
,,,,,,,MARKSANS,Small Cap,,,,,,,,,,,,,,,,,
,,,,,,,RITES,Small Cap,,,,,,,,,,,,,,,,,
,,,,,,,GENUSPOWER,Small Cap,,,,,,,,,,,,,,,,,
,,,,,,,HCG,Small Cap,,,,,,,,,,,,,,,,,
,,,,,,,504375,Small Cap,,,,,,,,,,,,,,,,,
,,,,,,,MMTC,Small Cap,,,,,,,,,,,,,,,,,
,,,,,,,PVRINOX,Small Cap,,,,,,,,,,,,,,,,,
,,,,,,,PGHL,Small Cap,,,,,,,,,,,,,,,,,
,,,,,,,NCC,Small Cap,,,,,,,,,,,,,,,,,
,,,,,,,VESUVIUS,Small Cap,,,,,,,,,,,,,,,,,
,,,,,,,TARIL,Small Cap,,,,,,,,,,,,,,,,,
,,,,,,,BLACKBUCK,Small Cap,,,,,,,,,,,,,,,,,
,,,,,,,VOLTAMP,Small Cap,,,,,,,,,,,,,,,,,
,,,,,,,LEMONTREE,Small Cap,,,,,,,,,,,,,,,,,
,,,,,,,BSOFT,Small Cap,,,,,,,,,,,,,,,,,
,,,,,,,TSFINV,Small Cap,,,,,,,,,,,,,,,,,
,,,,,,,GRINFRA,Small Cap,,,,,,,,,,,,,,,,,
,,,,,,,SEDEMAC,Small Cap,,,,,,,,,,,,,,,,,
,,,,,,,WABAG,Small Cap,,,,,,,,,,,,,,,,,
,,,,,,,EUREKAFORB,Small Cap,,,,,,,,,,,,,,,,,
,,,,,,,BATAINDIA,Small Cap,,,,,,,,,,,,,,,,,
,,,,,,,NESCO,Small Cap,,,,,,,,,,,,,,,,,
,,,,,,,BANCOINDIA,Small Cap,,,,,,,,,,,,,,,,,
,,,,,,,ALKYLAMINE,Small Cap,,,,,,,,,,,,,,,,,
,,,,,,,ASKAUTOLTD,Small Cap,,,,,,,,,,,,,,,,,
,,,,,,,VARROC,Small Cap,,,,,,,,,,,,,,,,,
,,,,,,,JLHL,Small Cap,,,,,,,,,,,,,,,,,
,,,,,,,STARCEMENT,Small Cap,,,,,,,,,,,,,,,,,
,,,,,,,TIMETECHNO,Small Cap,,,,,,,,,,,,,,,,,
,,,,,,,AMAGI,Small Cap,,,,,,,,,,,,,,,,,
,,,,,,,EMBDL,Small Cap,,,,,,,,,,,,,,,,,
,,,,,,,UTLSOLAR,Small Cap,,,,,,,,,,,,,,,,,
,,,,,,,V2RETAIL,Small Cap,,,,,,,,,,,,,,,,,
,,,,,,,AXISCADES,Small Cap,,,,,,,,,,,,,,,,,
,,,,,,,PCJEWELLER,Small Cap,,,,,,,,,,,,,,,,,
,,,,,,,ORKLAINDIA,Small Cap,,,,,,,,,,,,,,,,,
,,,,,,,KPIGREEN,Small Cap,,,,,,,,,,,,,,,,,
,,,,,,,RATEGAIN,Small Cap,,,,,,,,,,,,,,,,,
,,,,,,,CARTRADE,Small Cap,,,,,,,,,,,,,,,,,
,,,,,,,SHARDACROP,Small Cap,,,,,,,,,,,,,,,,,
,,,,,,,INDIASHLTR,Small Cap,,,,,,,,,,,,,,,,,
,,,,,,,TEJASNET,Small Cap,,,,,,,,,,,,,,,,,
,,,,,,,CELLO,Small Cap,,,,,,,,,,,,,,,,,
,,,,,,,MANORAMA,Small Cap,,,,,,,,,,,,,,,,,
,,,,,,,GMRP&UI,Small Cap,,,,,,,,,,,,,,,,,
,,,,,,,MAHSEAMLES,Small Cap,,,,,,,,,,,,,,,,,
,,,,,,,TTML,Small Cap,,,,,,,,,,,,,,,,,
,,,,,,,PGINVIT,Small Cap,,,,,,,,,,,,,,,,,
,,,,,,,QPOWER,Small Cap,,,,,,,,,,,,,,,,,
,,,,,,,KAMAHOLD,Small Cap,,,,,,,,,,,,,,,,,
,,,,,,,BLUEJET,Small Cap,,,,,,,,,,,,,,,,,
,,,,,,,RHIM,Small Cap,,,,,,,,,,,,,,,,,
,,,,,,,SKFINDIA,Small Cap,,,,,,,,,,,,,,,,,
,,,,,,,TRIVENI,Small Cap,,,,,,,,,,,,,,,,,
,,,,,,,ABFRL,Small Cap,,,,,,,,,,,,,,,,,
,,,,,,,TIPSMUSIC,Small Cap,,,,,,,,,,,,,,,,,
,,,,,,,SUDARSCHEM,Small Cap,,,,,,,,,,,,,,,,,
,,,,,,,AKUMS,Small Cap,,,,,,,,,,,,,,,,,
,,,,,,,KRBL,Small Cap,,,,,,,,,,,,,,,,,
,,,,,,,PRECWIRE,Small Cap,,,,,,,,,,,,,,,,,
,,,,,,,IMFA,Small Cap,,,,,,,,,,,,,,,,,
,,,,,,,POWERMECH,Small Cap,,,,,,,,,,,,,,,,,
,,,,,,,ZEEL,Small Cap,,,,,,,,,,,,,,,,,
,,,,,,,CLEAN,Small Cap,,,,,,,,,,,,,,,,,
,,,,,,,YATHARTH,Small Cap,,,,,,,,,,,,,,,,,
,,,,,,,JSLL,Small Cap,,,,,,,,,,,,,,,,,
,,,,,,,RELIGARE,Small Cap,,,,,,,,,,,,,,,,,
,,,,,,,SUDEEPPHRM,Small Cap,,,,,,,,,,,,,,,,,
,,,,,,,WEWORK,Small Cap,,,,,,,,,,,,,,,,,
,,,,,,,THYROCARE,Small Cap,,,,,,,,,,,,,,,,,
,,,,,,,MIDHANI,Small Cap,,,,,,,,,,,,,,,,,
,,,,,,,ISGEC,Small Cap,,,,,,,,,,,,,,,,,
,,,,,,,EQUITASBNK,Small Cap,,,,,,,,,,,,,,,,,
,,,,,,,BIRLACORPN,Small Cap,,,,,,,,,,,,,,,,,
,,,,,,,IXIGO,Small Cap,,,,,,,,,,,,,,,,,
,,,,,,,SGMART,Small Cap,,,,,,,,,,,,,,,,,
,,,,,,,SONATSOFTW,Small Cap,,,,,,,,,,,,,,,,,
,,,,,,,DYNAMATECH,Small Cap,,,,,,,,,,,,,,,,,
,,,,,,,SAREGAMA,Small Cap,,,,,,,,,,,,,,,,,
,,,,,,,JKLAKSHMI,Small Cap,,,,,,,,,,,,,,,,,
,,,,,,,E2E,Small Cap,,,,,,,,,,,,,,,,,
,,,,,,,GNFC,Small Cap,,,,,,,,,,,,,,,,,
,,,,,,,SPARC,Small Cap,,,,,,,,,,,,,,,,,
,,,,,,,BENGALASM,Small Cap,,,,,,,,,,,,,,,,,
,,,,,,,PGIL,Small Cap,,,,,,,,,,,,,,,,,
,,,,,,,GPPL,Small Cap,,,,,,,,,,,,,,,,,
,,,,,,,SHREEJISPG,Small Cap,,,,,,,,,,,,,,,,,
,,,,,,,SKYGOLD,Small Cap,,,,,,,,,,,,,,,,,
,,,,,,,GAEL,Small Cap,,,,,,,,,,,,,,,,,
,,,,,,,JYOTHYLAB,Small Cap,,,,,,,,,,,,,,,,,
,,,,,,,RELAXO,Small Cap,,,,,,,,,,,,,,,,,
,,,,,,,SAFARI,Small Cap,,,,,,,,,,,,,,,,,
,,,,,,,KIRLFER,Small Cap,,,,,,,,,,,,,,,,,
,,,,,,,CERA,Small Cap,,,,,,,,,,,,,,,,,
,,,,,,,BLUESTONE,Small Cap,,,,,,,,,,,,,,,,,
,,,,,,,REDTAPE,Small Cap,,,,,,,,,,,,,,,,,
,,,,,,,BAJAJCON,Small Cap,,,,,,,,,,,,,,,,,
,,,,,,,ELANTAS,Small Cap,,,,,,,,,,,,,,,,,
,,,,,,,SANOFI,Small Cap,,,,,,,,,,,,,,,,,
,,,,,,,WESTLIFE,Small Cap,,,,,,,,,,,,,,,,,
,,,,,,,VIKRAMSOLR,Small Cap,,,,,,,,,,,,,,,,,
,,,,,,,BORORENEW,Small Cap,,,,,,,,,,,,,,,,,
,,,,,,,PRAJIND,Small Cap,,,,,,,,,,,,,,,,,
,,,,,,,CAMPUS,Small Cap,,,,,,,,,,,,,,,,,
,,,,,,,RCF,Small Cap,,,,,,,,,,,,,,,,,
,,,,,,,MAHLIFE,Small Cap,,,,,,,,,,,,,,,,,
,,,,,,,PNGJL,Small Cap,,,,,,,,,,,,,,,,,
,,,,,,,TTKPRESTIG,Small Cap,,,,,,,,,,,,,,,,,
,,,,,,,MAXESTATES,Small Cap,,,,,,,,,,,,,,,,,
,,,,,,,SUVEN,Small Cap,,,,,,,,,,,,,,,,,
,,,,,,,KINGFA,Small Cap,,,,,,,,,,,,,,,,,
,,,,,,,INOXGREEN,Small Cap,,,,,,,,,,,,,,,,,
,,,,,,,JKPAPER,Small Cap,,,,,,,,,,,,,,,,,
,,,,,,,DBL,Small Cap,,,,,,,,,,,,,,,,,
,,,,,,,TCI,Small Cap,,,,,,,,,,,,,,,,,
,,,,,,,POWERICA,Small Cap,,,,,,,,,,,,,,,,,
,,,,,,,EPL,Small Cap,,,,,,,,,,,,,,,,,
,,,,,,,SUNFLAG,Small Cap,,,,,,,,,,,,,,,,,
,,,,,,,KALPATARU,Small Cap,,,,,,,,,,,,,,,,,
,,,,,,,SFL,Small Cap,,,,,,,,,,,,,,,,,
,,,,,,,WELENT,Small Cap,,,,,,,,,,,,,,,,,
,,,,,,,AVL,Small Cap,,,,,,,,,,,,,,,,,
,,,,,,,PRICOLLTD,Small Cap,,,,,,,,,,,,,,,,,
,,,,,,,TANLA,Small Cap,,,,,,,,,,,,,,,,,
,,,,,,,LOTUSDEV,Small Cap,,,,,,,,,,,,,,,,,
,,,,,,,PARAS,Small Cap,,,,,,,,,,,,,,,,,
,,,,,,,TRANSRAILL,Small Cap,,,,,,,,,,,,,,,,,
,,,,,,,INDIAGLYCO,Small Cap,,,,,,,,,,,,,,,,,
,,,,,,,GSFC,Small Cap,,,,,,,,,,,,,,,,,
,,,,,,,ACI,Small Cap,,,,,,,,,,,,,,,,,
,,,,,,,KRN,Small Cap,,,,,,,,,,,,,,,,,
,,,,,,,LATENTVIEW,Small Cap,,,,,,,,,,,,,,,,,
,,,,,,,KENNAMET,Small Cap,,,,,,,,,,,,,,,,,
,,,,,,,RIIT,Small Cap,,,,,,,,,,,,,,,,,
,,,,,,,JAIBALAJI,Small Cap,,,,,,,,,,,,,,,,,
,,,,,,,AARTIPHARM,Small Cap,,,,,,,,,,,,,,,,,
,,,,,,,DODLA,Small Cap,,,,,,,,,,,,,,,,,
,,,,,,,AJAXENGG,Small Cap,,,,,,,,,,,,,,,,,
,,,,,,,DBREALTY,Small Cap,,,,,,,,,,,,,,,,,
,,,,,,,GALAXYSURF,Small Cap,,,,,,,,,,,,,,,,,
,,,,,,,ETHOSLTD,Small Cap,,,,,,,,,,,,,,,,,
,,,,,,,HNDFDS,Small Cap,,,,,,,,,,,,,,,,,
,,,,,,,ASHAPURMIN,Small Cap,,,,,,,,,,,,,,,,,
,,,,,,,SIGMAADV,Small Cap,,,,,,,,,,,,,,,,,
,,,,,,,GOKULAGRO,Small Cap,,,,,,,,,,,,,,,,,
,,,,,,,SJS,Small Cap,,,,,,,,,,,,,,,,,
,,,,,,,GREENLAM,Small Cap,,,,,,,,,,,,,,,,,
,,,,,,,CITIUSINVT,Small Cap,,,,,,,,,,,,,,,,,
,,,,,,,CSBBANK,Small Cap,,,,,,,,,,,,,,,,,
,,,,,,,GARFIBRES,Small Cap,,,,,,,,,,,,,,,,,
,,,,,,,SHAKTIPUMP,Small Cap,,,,,,,,,,,,,,,,,
,,,,,,,ALOKINDS,Small Cap,,,,,,,,,,,,,,,,,
,,,,,,,BALAMINES,Small Cap,,,,,,,,,,,,,,,,,
,,,,,,,NEPHROPLUS,Small Cap,,,,,,,,,,,,,,,,,
,,,,,,,ARVINDFASN,Small Cap,,,,,,,,,,,,,,,,,
,,,,,,,NEWGEN,Small Cap,,,,,,,,,,,,,,,,,
,,,,,,,KWIL,Small Cap,,,,,,,,,,,,,,,,,
,,,,,,,FEDFINA,Small Cap,,,,,,,,,,,,,,,,,
,,,,,,,SUPRIYA,Small Cap,,,,,,,,,,,,,,,,,
,,,,,,,MOIL,Small Cap,,,,,,,,,,,,,,,,,
,,,,,,,ICIL,Small Cap,,,,,,,,,,,,,,,,,
,,,,,,,SUPRAJIT,Small Cap,,,,,,,,,,,,,,,,,
,,,,,,,SHREMINVIT,Small Cap,,,,,,,,,,,,,,,,,
,,,,,,,RAIN,Small Cap,,,,,,,,,,,,,,,,,
,,,,,,,FDC,Small Cap,,,,,,,,,,,,,,,,,
,,,,,,,IONEXCHANG,Small Cap,,,,,,,,,,,,,,,,,
,,,,,,,FIEMIND,Small Cap,,,,,,,,,,,,,,,,,
,,,,,,,TIIL,Small Cap,,,,,,,,,,,,,,,,,
,,,,,,,CEIGALL,Small Cap,,,,,,,,,,,,,,,,,
,,,,,,,SAPPHIRE,Small Cap,,,,,,,,,,,,,,,,,
,,,,,,,PRSMJOHNSN,Small Cap,,,,,,,,,,,,,,,,,
,,,,,,,526570,Small Cap,,,,,,,,,,,,,,,,,
,,,,,,,PICCADIL,Small Cap,,,,,,,,,,,,,,,,,
,,,,,,,GANESHHOU,Small Cap,,,,,,,,,,,,,,,,,
,,,,,,,DCBBANK,Small Cap,,,,,,,,,,,,,,,,,
,,,,,,,ENTERO,Small Cap,,,,,,,,,,,,,,,,,
,,,,,,,HCC,Small Cap,,,,,,,,,,,,,,,,,
,,,,,,,KOVAI,Small Cap,,,,,,,,,,,,,,,,,
,,,,,,,SENCO,Small Cap,,,,,,,,,,,,,,,,,
,,,,,,,HAPPSTMNDS,Small Cap,,,,,,,,,,,,,,,,,
,,,,,,,PTC,Small Cap,,,,,,,,,,,,,,,,,
,,,,,,,BALUFORGE,Small Cap,,,,,,,,,,,,,,,,,
,,,,,,,SAATVIKGL,Small Cap,,,,,,,,,,,,,,,,,
,,,,,,,NIRLON,Small Cap,,,,,,,,,,,,,,,,,
,,,,,,,SMLMAH,Small Cap,,,,,,,,,,,,,,,,,
,,,,,,,MASFIN,Small Cap,,,,,,,,,,,,,,,,,
,,,,,,,501945,Small Cap,,,,,,,,,,,,,,,,,
,,,,,,,SIS,Small Cap,,,,,,,,,,,,,,,,,
,,,,,,,BECTORFOOD,Small Cap,,,,,,,,,,,,,,,,,
,,,,,,,AEROFLEX,Small Cap,,,,,,,,,,,,,,,,,
,,,,,,,INDUSINVIT,Small Cap,,,,,,,,,,,,,,,,,
,,,,,,,PNCINFRA,Small Cap,,,,,,,,,,,,,,,,,
,,,,,,,PURVA,Small Cap,,,,,,,,,,,,,,,,,
,,,,,,,SKIPPER,Small Cap,,,,,,,,,,,,,,,,,
,,,,,,,LUMAXIND,Small Cap,,,,,,,,,,,,,,,,,
,,,,,,,AHLUCONT,Small Cap,,,,,,,,,,,,,,,,,
,,,,,,,NDRINVIT,Small Cap,,,,,,,,,,,,,,,,,
,,,,,,,EPIGRAL,Small Cap,,,,,,,,,,,,,,,,,
,,,,,,,TVSSCS,Small Cap,,,,,,,,,,,,,,,,,
,,,,,,,SENORES,Small Cap,,,,,,,,,,,,,,,,,
,,,,,,,OMNI,Small Cap,,,,,,,,,,,,,,,,,
,,,,,,,DHANUKA,Small Cap,,,,,,,,,,,,,,,,,
,,,,,,,VMART,Small Cap,,,,,,,,,,,,,,,,,
,,,,,,,ICRA,Small Cap,,,,,,,,,,,,,,,,,
,,,,,,,GOKEX,Small Cap,,,,,,,,,,,,,,,,,
,,,,,,,SMARTWORKS,Small Cap,,,,,,,,,,,,,,,,,
,,,,,,,MASTEK,Small Cap,,,,,,,,,,,,,,,,,
,,,,,,,GVPIL,Small Cap,,,,,,,,,,,,,,,,,
,,,,,,,GUJALKALI,Small Cap,,,,,,,,,,,,,,,,,
,,,,,,,CMSINFO,Small Cap,,,,,,,,,,,,,,,,,
,,,,,,,542543,Small Cap,,,,,,,,,,,,,,,,,
,,,,,,,PILANIINVS,Small Cap,,,,,,,,,,,,,,,,,
,,,,,,,ELECTCAST,Small Cap,,,,,,,,,,,,,,,,,
,,,,,,,EBGNG,Small Cap,,,,,,,,,,,,,,,,,
,,,,,,,RUSTOMJEE,Small Cap,,,,,,,,,,,,,,,,,
,,,,,,,CARERATING,Small Cap,,,,,,,,,,,,,,,,,
,,,,,,,ELITECON,Small Cap,,,,,,,,,,,,,,,,,
,,,,,,,JSFB,Small Cap,,,,,,,,,,,,,,,,,
,,,,,,,RENUKA,Small Cap,,,,,,,,,,,,,,,,,
,,,,,,,BANSALWIRE,Small Cap,,,,,,,,,,,,,,,,,
,,,,,,,KMEW,Small Cap,,,,,,,,,,,,,,,,,
,,,,,,,CRAMC,Small Cap,,,,,,,,,,,,,,,,,
,,,,,,,SYMPHONY,Small Cap,,,,,,,,,,,,,,,,,
,,,,,,,RTNPOWER,Small Cap,,,,,,,,,,,,,,,,,
,,,,,,,RALLIS,Small Cap,,,,,,,,,,,,,,,,,
,,,,,,,LGBBROSLTD,Small Cap,,,,,,,,,,,,,,,,,
,,,,,,,INNOVACAP,Small Cap,,,,,,,,,,,,,,,,,
,,,,,,,CCAVENUE,Small Cap,,,,,,,,,,,,,,,,,
,,,,,,,NETWORK18,Small Cap,,,,,,,,,,,,,,,,,
,,,,,,,SHARDAMOTR,Small Cap,,,,,,,,,,,,,,,,,
,,,,,,,UNIMECH,Small Cap,,,,,,,,,,,,,,,,,
,,,,,,,STYLAMIND,Small Cap,,,,,,,,,,,,,,,,,
,,,,,,,RTNINDIA,Small Cap,,,,,,,,,,,,,,,,,
,,,,,,,WEBELSOLAR,Small Cap,,,,,,,,,,,,,,,,,
,,,,,,,SUBROS,Small Cap,,,,,,,,,,,,,,,,,
,,,,,,,NEOGEN,Small Cap,,,,,,,,,,,,,,,,,
,,,,,,,IRBINVIT,Small Cap,,,,,,,,,,,,,,,,,
,,,,,,,AGIIL,Small Cap,,,,,,,,,,,,,,,,,
,,,,,,,526433,Small Cap,,,,,,,,,,,,,,,,,
,,,,,,,MBAPL,Small Cap,,,,,,,,,,,,,,,,,
,,,,,,,ITDC,Small Cap,,,,,,,,,,,,,,,,,
,,,,,,,KSCL,Small Cap,,,,,,,,,,,,,,,,,
,,,,,,,INDIGOPNTS,Small Cap,,,,,,,,,,,,,,,,,
,,,,,,,MAPMYINDIA,Small Cap,,,,,,,,,,,,,,,,,
,,,,,,,SURYAROSNI,Small Cap,,,,,,,,,,,,,,,,,
,,,,,,,GOODLUCK,Small Cap,,,,,,,,,,,,,,,,,
,,,,,,,KSHINTL,Small Cap,,,,,,,,,,,,,,,,,
,,,,,,,JAMNAAUTO,Small Cap,,,,,,,,,,,,,,,,,
,,,,,,,CENTUM,Small Cap,,,,,,,,,,,,,,,,,
,,,,,,,SHILCTECH,Small Cap,,,,,,,,,,,,,,,,,
,,,,,,,RESPONIND,Small Cap,,,,,,,,,,,,,,,,,
,,,,,,,MANINFRA,Small Cap,,,,,,,,,,,,,,,,,
,,,,,,,IBULLSLTD,Small Cap,,,,,,,,,,,,,,,,,
,,,,,,,NORTHARC,Small Cap,,,,,,,,,,,,,,,,,
,,,,,,,TEXRAIL,Small Cap,,,,,,,,,,,,,,,,,
,,,,,,,GOLDIAM,Small Cap,,,,,,,,,,,,,,,,,
,,,,,,,DATAMATICS,Small Cap,,,,,,,,,,,,,,,,,
,,,,,,,SWSOLAR,Small Cap,,,,,,,,,,,,,,,,,
,,,,,,,POCL,Small Cap,,,,,,,,,,,,,,,,,
,,,,,,,GULFOILLUB,Small Cap,,,,,,,,,,,,,,,,,
,,,,,,,AVANTEL,Small Cap,,,,,,,,,,,,,,,,,
,,,,,,,ARTEMISMED,Small Cap,,,,,,,,,,,,,,,,,
,,,,,,,AURIONPRO,Small Cap,,,,,,,,,,,,,,,,,
,,,,,,,SWARAJENG,Small Cap,,,,,,,,,,,,,,,,,
,,,,,,,FCL,Small Cap,,,,,,,,,,,,,,,,,
,,,,,,,MIDWESTLTD,Small Cap,,,,,,,,,,,,,,,,,
,,,,,,,PAISALO,Small Cap,,,,,,,,,,,,,,,,,
,,,,,,,BANARISUG,Small Cap,,,,,,,,,,,,,,,,,
,,,,,,,EMIL,Small Cap,,,,,,,,,,,,,,,,,
,,,,,,,WPIL,Small Cap,,,,,,,,,,,,,,,,,
,,,,,,,MHRIL,Small Cap,,,,,,,,,,,,,,,,,
,,,,,,,519477,Small Cap,,,,,,,,,,,,,,,,,
,,,,,,,SUNTECK,Small Cap,,,,,,,,,,,,,,,,,
,,,,,,,JUSTDIAL,Small Cap,,,,,,,,,,,,,,,,,
,,,,,,,RAYMONDLSL,Small Cap,,,,,,,,,,,,,,,,,
,,,,,,,BAJAJHIND,Small Cap,,,,,,,,,,,,,,,,,
,,,,,,,RAMRAT,Small Cap,,,,,,,,,,,,,,,,,
,,,,,,,JUNIPER,Small Cap,,,,,,,,,,,,,,,,,
,,,,,,,THOMASCOOK,Small Cap,,,,,,,,,,,,,,,,,
,,,,,,,VSTIND,Small Cap,,,,,,,,,,,,,,,,,
,,,,,,,RPEL,Small Cap,,,,,,,,,,,,,,,,,
,,,,,,,VIPIND,Small Cap,,,,,,,,,,,,,,,,,
,,,,,,,STYL,Small Cap,,,,,,,,,,,,,,,,,
,,,,,,,WAKEFIT,Small Cap,,,,,,,,,,,,,,,,,
,,,,,,,LXCHEM,Small Cap,,,,,,,,,,,,,,,,,
,,,,,,,IFBIND,Small Cap,,,,,,,,,,,,,,,,,
,,,,,,,KISSHT,Small Cap,,,,,,,,,,,,,,,,,
,,,,,,,SANDHAR,Small Cap,,,,,,,,,,,,,,,,,
,,,,,,,GUJTHEM,Small Cap,,,,,,,,,,,,,,,,,
,,,,,,,PDSL,Small Cap,,,,,,,,,,,,,,,,,
,,,,,,,ADVENZYMES,Small Cap,,,,,,,,,,,,,,,,,
,,,,,,,MANINDS,Small Cap,,,,,,,,,,,,,,,,,
,,,,,,,VRLLOG,Small Cap,,,,,,,,,,,,,,,,,
,,,,,,,HEMIPROP,Small Cap,,,,,,,,,,,,,,,,,
,,,,,,,TRUALT,Small Cap,,,,,,,,,,,,,,,,,
,,,,,,,CAPILLARY,Small Cap,,,,,,,,,,,,,,,,,
,,,,,,,SEAMECLTD,Small Cap,,,,,,,,,,,,,,,,,
,,,,,,,SINDHUTRAD,Small Cap,,,,,,,,,,,,,,,,,
,,,,,,,OSWALPUMPS,Small Cap,,,,,,,,,,,,,,,,,
,,,,,,,PACEDIGITK,Small Cap,,,,,,,,,,,,,,,,,
,,,,,,,VSTTILLERS,Small Cap,,,,,,,,,,,,,,,,,
,,,,,,,LUXIND,Small Cap,,,,,,,,,,,,,,,,,
,,,,,,,RAYMONDREL,Small Cap,,,,,,,,,,,,,,,,,
,,,,,,,GHCL,Small Cap,,,,,,,,,,,,,,,,,
,,,,,,,506854,Small Cap,,,,,,,,,,,,,,,,,
,,,,,,,VISHNU,Small Cap,,,,,,,,,,,,,,,,,
,,,,,,,UNIVCABLES,Small Cap,,,,,,,,,,,,,,,,,
,,,,,,,KRISHANA,Small Cap,,,,,,,,,,,,,,,,,
,,,,,,,SBCL,Small Cap,,,,,,,,,,,,,,,,,
,,,,,,,EMUDHRA,Small Cap,,,,,,,,,,,,,,,,,
,,,,,,,MOSCHIP,Small Cap,,,,,,,,,,,,,,,,,
,,,,,,,GREAVESCOT,Small Cap,,,,,,,,,,,,,,,,,
,,,,,,,STYRENIX,Small Cap,,,,,,,,,,,,,,,,,
,,,,,,,WHEELS,Small Cap,,,,,,,,,,,,,,,,,
,,,,,,,ORIANA,Small Cap,,,,,,,,,,,,,,,,,
,,,,,,,RBA,Small Cap,,,,,,,,,,,,,,,,,
,,,,,,,ANUP,Small Cap,,,,,,,,,,,,,,,,,
,,,,,,,ORIENTELEC,Small Cap,,,,,,,,,,,,,,,,,
,,,,,,,TARC,Small Cap,,,,,,,,,,,,,,,,,
,,,,,,,HGINFRA,Small Cap,,,,,,,,,,,,,,,,,
,,,,,,,CRIZAC,Small Cap,,,,,,,,,,,,,,,,,
,,,,,,,ROLEXRINGS,Small Cap,,,,,,,,,,,,,,,,,
,,,,,,,BAJAJELEC,Small Cap,,,,,,,,,,,,,,,,,
,,,,,,,REFEX,Small Cap,,,,,,,,,,,,,,,,,
,,,,,,,ZOTA,Small Cap,,,,,,,,,,,,,,,,,
,,,,,,,AGI,Small Cap,,,,,,,,,,,,,,,,,
,,,,,,,CHEMPLASTS,Small Cap,,,,,,,,,,,,,,,,,
,,,,,,,TIMEX,Small Cap,,,,,,,,,,,,,,,,,
,,,,,,,JKIL,Small Cap,,,,,,,,,,,,,,,,,
,,,,,,,PREMEXPLN,Small Cap,,,,,,,,,,,,,,,,,
,,,,,,,ROSSTECH,Small Cap,,,,,,,,,,,,,,,,,
,,,,,,,VAIBHAVGBL,Small Cap,,,,,,,,,,,,,,,,,
,,,,,,,ASHIANA,Small Cap,,,,,,,,,,,,,,,,,
,,,,,,,SGFIN,Small Cap,,,,,,,,,,,,,,,,,
,,,,,,,DEEDEV,Small Cap,,,,,,,,,,,,,,,,,
,,,,,,,OPTIEMUS,Small Cap,,,,,,,,,,,,,,,,,
,,,,,,,HAWKINCOOK,Small Cap,,,,,,,,,,,,,,,,,
,,,,,,,NFL,Small Cap,,,,,,,,,,,,,,,,,
,,,,,,,543971,Small Cap,,,,,,,,,,,,,,,,,
,,,,,,,FOSECOIND,Small Cap,,,,,,,,,,,,,,,,,
,,,,,,,KNRCON,Small Cap,,,,,,,,,,,,,,,,,
,,,,,,,NRBBEARING,Small Cap,,,,,,,,,,,,,,,,,
,,,,,,,543542,Small Cap,,,,,,,,,,,,,,,,,
,,,,,,,ELLEN,Small Cap,,,,,,,,,,,,,,,,,
,,,,,,,RPGLIFE,Small Cap,,,,,,,,,,,,,,,,,
,,,,,,,BOSCH-HCIL,Small Cap,,,,,,,,,,,,,,,,,
,,,,,,,RAYMOND,Small Cap,,,,,,,,,,,,,,,,,
,,,,,,,SHOPERSTOP,Small Cap,,,,,,,,,,,,,,,,,
,,,,,,,DBCORP,Small Cap,,,,,,,,,,,,,,,,,
,,,,,,,NACLIND,Small Cap,,,,,,,,,,,,,,,,,
,,,,,,,EIEL,Small Cap,,,,,,,,,,,,,,,,,
,,,,,,,HEIDELBERG,Small Cap,,,,,,,,,,,,,,,,,
,,,,,,,HARSHA,Small Cap,,,,,,,,,,,,,,,,,
,,,,,,,GOPAL,Small Cap,,,,,,,,,,,,,,,,,
,,,,,,,IOLCP,Small Cap,,,,,,,,,,,,,,,,,
,,,,,,,ORCHPHARMA,Small Cap,,,,,,,,,,,,,,,,,
,,,,,,,GMMPFAUDLR,Small Cap,,,,,,,,,,,,,,,,,
,,,,,,,KSL,Small Cap,,,,,,,,,,,,,,,,,
,,,,,,,SAMHI,Small Cap,,,,,,,,,,,,,,,,,
,,,,,,,RPTECH,Small Cap,,,,,,,,,,,,,,,,,
,,,,,,,AARTIDRUGS,Small Cap,,,,,,,,,,,,,,,,,
,,,,,,,AYE,Small Cap,,,,,,,,,,,,,,,,,
,,,,,,,MAHLOG,Small Cap,,,,,,,,,,,,,,,,,
,,,,,,,IDEAFORGE,Small Cap,,,,,,,,,,,,,,,,,
,,,,,,,JTEKTINDIA,Small Cap,,,,,,,,,,,,,,,,,
,,,,,,,INDIQUBE,Small Cap,,,,,,,,,,,,,,,,,
,,,,,,,PITTIENG,Small Cap,,,,,,,,,,,,,,,,,
,,,,,,,CYIENTDLM,Small Cap,,,,,,,,,,,,,,,,,
,,,,,,,CIGNITITEC,Small Cap,,,,,,,,,,,,,,,,,
,,,,,,,ASHOKA,Small Cap,,,,,,,,,,,,,,,,,
,,,,,,,SMSPHARMA,Small Cap,,,,,,,,,,,,,,,,,
,,,,,,,542727,Small Cap,,,,,,,,,,,,,,,,,
,,,,,,,CARRARO,Small Cap,,,,,,,,,,,,,,,,,
,,,,,,,INDOSTAR,Small Cap,,,,,,,,,,,,,,,,,
,,,,,,,KDDL,Small Cap,,,,,,,,,,,,,,,,,
,,,,,,,SANATHAN,Small Cap,,,,,,,,,,,,,,,,,
,,,,,,,TECHNVISN,Small Cap,,,,,,,,,,,,,,,,,
,,,,,,,SHANTIGEAR,Small Cap,,,,,,,,,,,,,,,,,
,,,,,,,ARSSBL,Small Cap,,,,,,,,,,,,,,,,,
,,,,,,,KOLTEPATIL,Small Cap,,,,,,,,,,,,,,,,,
,,,,,,,TFCILTD,Small Cap,,,,,,,,,,,,,,,,,
,,,,,,,BLISSGVS,Small Cap,,,,,,,,,,,,,,,,,
,,,,,,,NOVARTIND,Small Cap,,,,,,,,,,,,,,,,,
,,,,,,,HIRECT,Small Cap,,,,,,,,,,,,,,,,,
,,,,,,,INDRAMEDCO,Small Cap,,,,,,,,,,,,,,,,,
,,,,,,,MARINE,Small Cap,,,,,,,,,,,,,,,,,
,,,,,,,RAJESHEXPO,Small Cap,,,,,,,,,,,,,,,,,
,,,,,,,516038,Small Cap,,,,,,,,,,,,,,,,,
,,,,,,,SSWL,Small Cap,,,,,,,,,,,,,,,,,
,,,,,,,WSTCSTPAPR,Small Cap,,,,,,,,,,,,,,,,,
,,,,,,,SANGHVIMOV,Small Cap,,,,,,,,,,,,,,,,,
,,,,,,,BNAGROCHEM,Small Cap,,,,,,,,,,,,,,,,,
,,,,,,,MARATHON,Small Cap,,,,,,,,,,,,,,,,,
,,,,,,,GREENPLY,Small Cap,,,,,,,,,,,,,,,,,
,,,,,,,GRMOVER,Small Cap,,,,,,,,,,,,,,,,,
,,,,,,,GUFICBIO,Small Cap,,,,,,,,,,,,,,,,,
,,,,,,,KIRLOSIND,Small Cap,,,,,,,,,,,,,,,,,
,,,,,,,ROUTE,Small Cap,,,,,,,,,,,,,,,,,
,,,,,,,KITEX,Small Cap,,,,,,,,,,,,,,,,,
,,,,,,,MAYURUNIQ,Small Cap,,,,,,,,,,,,,,,,,
,,,,,,,INA,Small Cap,,,,,,,,,,,,,,,,,
,,,,,,,COCKERILL,Small Cap,,,,,,,,,,,,,,,,,
,,,,,,,ANZEN,Small Cap,,,,,,,,,,,,,,,,,
,,,,,,,BHAGCHEM,Small Cap,,,,,,,,,,,,,,,,,
,,,,,,,RAMKY,Small Cap,,,,,,,,,,,,,,,,,
,,,,,,,CARYSIL,Small Cap,,,,,,,,,,,,,,,,,
,,,,,,,RSYSTEMS,Small Cap,,,,,,,,,,,,,,,,,
,,,,,,,SAMBHV,Small Cap,,,,,,,,,,,,,,,,,
,,,,,,,SEIL,Small Cap,,,,,,,,,,,,,,,,,
,,,,,,,NAVNETEDUL,Small Cap,,,,,,,,,,,,,,,,,
,,,,,,,FLAIR,Small Cap,,,,,,,,,,,,,,,,,
,,,,,,,VADILALIND,Small Cap,,,,,,,,,,,,,,,,,
,,,,,,,BALMLAWRIE,Small Cap,,,,,,,,,,,,,,,,,
,,,,,,,DCAL,Small Cap,,,,,,,,,,,,,,,,,
,,,,,,,542866,Small Cap,,,,,,,,,,,,,,,,,
,,,,,,,BBL,Small Cap,,,,,,,,,,,,,,,,,
,,,,,,,JINDALPOLY,Small Cap,,,,,,,,,,,,,,,,,
,,,,,,,GRAUWEIL,Small Cap,,,,,,,,,,,,,,,,,
,,,,,,,RPSGVENT,Small Cap,,,,,,,,,,,,,,,,,
,,,,,,,HERITGFOOD,Small Cap,,,,,,,,,,,,,,,,,
,,,,,,,QUESS,Small Cap,,,,,,,,,,,,,,,,,
,,,,,,,SHAREINDIA,Small Cap,,,,,,,,,,,,,,,,,
,,,,,,,PSPPROJECT,Small Cap,,,,,,,,,,,,,,,,,
,,,,,,,MPSLTD,Small Cap,,,,,,,,,,,,,,,,,
,,,,,,,WONDERLA,Small Cap,,,,,,,,,,,,,,,,,
,,,,,,,ADFFOODS,Small Cap,,,,,,,,,,,,,,,,,
,,,,,,,MUTHOOTMF,Small Cap,,,,,,,,,,,,,,,,,
,,,,,,,INTERARCH,Small Cap,,,,,,,,,,,,,,,,,
,,,,,,,MSTCLTD,Small Cap,,,,,,,,,,,,,,,,,
,,,,,,,SUNCLAY,Small Cap,,,,,,,,,,,,,,,,,
,,,,,,,DEEPINDS,Small Cap,,,,,,,,,,,,,,,,,
,,,,,,,NIITMTS,Small Cap,,,,,,,,,,,,,,,,,
,,,,,,,DREDGECORP,Small Cap,,,,,,,,,,,,,,,,,
,,,,,,,PRINCEPIPE,Small Cap,,,,,,,,,,,,,,,,,
,,,,,,,ROSSARI,Small Cap,,,,,,,,,,,,,,,,,
,,,,,,,UFLEX,Small Cap,,,,,,,,,,,,,,,,,
,,,,,,,63MOONS,Small Cap,,,,,,,,,,,,,,,,,
,,,,,,,HUBTOWN,Small Cap,,,,,,,,,,,,,,,,,
,,,,,,,DECNGOLD,Small Cap,,,,,,,,,,,,,,,,,
,,,,,,,VENUSPIPES,Small Cap,,,,,,,,,,,,,,,,,
,,,,,,,NSIL,Small Cap,,,,,,,,,,,,,,,,,
,,,,,,,ZAGGLE,Small Cap,,,,,,,,,,,,,,,,,
,,,,,,,SASKEN,Small Cap,,,,,,,,,,,,,,,,,
,,,,,,,EASEMYTRIP,Small Cap,,,,,,,,,,,,,,,,,
,,,,,,,SOTL,Small Cap,,,,,,,,,,,,,,,,,
,,,,,,,STEELCAS,Small Cap,,,,,,,,,,,,,,,,,
,,,,,,,POLYPLEX,Small Cap,,,,,,,,,,,,,,,,,
,,,,,,,FUSION,Small Cap,,,,,,,,,,,,,,,,,
,,,,,,,ORIENTCEM,Small Cap,,,,,,,,,,,,,,,,,
,,,,,,,WELSPLSOL,Small Cap,,,,,,,,,,,,,,,,,
,,,,,,,ELPROINTL,Small Cap,,,,,,,,,,,,,,,,,
,,,,,,,ROADSTAR,Small Cap,,,,,,,,,,,,,,,,,
,,,,,,,NITINSPIN,Small Cap,,,,,,,,,,,,,,,,,
,,,,,,,VMARCIND,Small Cap,,,,,,,,,,,,,,,,,
,,,,,,,543619,Small Cap,,,,,,,,,,,,,,,,,
,,,,,,,ARVSMART,Small Cap,,,,,,,,,,,,,,,,,
,,,,,,,GATEWAY,Small Cap,,,,,,,,,,,,,,,,,
,,,,,,,JUBLCPL,Small Cap,,,,,,,,,,,,,,,,,
,,,,,,,NOCIL,Small Cap,,,,,,,,,,,,,,,,,
,,,,,,,TATVA,Small Cap,,,,,,,,,,,,,,,,,
,,,,,,,NXT-INFRA,Small Cap,,,,,,,,,,,,,,,,,
,,,,,,,TVSSRICHAK,Small Cap,,,,,,,,,,,,,,,,,
,,,,,,,DALMIASUG,Small Cap,,,,,,,,,,,,,,,,,
,,,,,,,KKCL,Small Cap,,,,,,,,,,,,,,,,,
,,,,,,,MAITHANALL,Small Cap,,,,,,,,,,,,,,,,,
,,,,,,,SETL,Small Cap,,,,,,,,,,,,,,,,,
,,,,,,,SIYSIL,Small Cap,,,,,,,,,,,,,,,,,
,,,,,,,MEDIASSIST,Small Cap,,,,,,,,,,,,,,,,,
,,,,,,,513119,Small Cap,,,,,,,,,,,,,,,,,
,,,,,,,EFCIL,Small Cap,,,,,,,,,,,,,,,,,
,,,,,,,BOROLTD,Small Cap,,,,,,,,,,,,,,,,,
,,,,,,,544224,Small Cap,,,,,,,,,,,,,,,,,
,,,,,,,AUTOAXLES,Small Cap,,,,,,,,,,,,,,,,,
,,,,,,,JINDWORLD,Small Cap,,,,,,,,,,,,,,,,,
,,,,,,,JTLIND,Small Cap,,,,,,,,,,,,,,,,,
,,,,,,,POKARNA,Small Cap,,,,,,,,,,,,,,,,,
,,,,,,,VSSL,Small Cap,,,,,,,,,,,,,,,,,
,,,,,,,PARAGMILK,Small Cap,,,,,,,,,,,,,,,,,
,,,,,,,HIKAL,Small Cap,,,,,,,,,,,,,,,,,
,,,,,,,XPROINDIA,Small Cap,,,,,,,,,,,,,,,,,
,,,,,,,RELINFRA,Small Cap,,,,,,,,,,,,,,,,,
,,,,,,,INDOTHAI,Small Cap,,,,,,,,,,,,,,,,,
,,,,,,,PARKHOTELS,Small Cap,,,,,,,,,,,,,,,,,
,,,,,,,MARSONS,Small Cap,,,,,,,,,,,,,,,,,
,,,,,,,PATELENG,Small Cap,,,,,,,,,,,,,,,,,
,,,,,,,BOMDYEING,Small Cap,,,,,,,,,,,,,,,,,
,,,,,,,KLBRENG-B,Small Cap,,,,,,,,,,,,,,,,,
,,,,,,,MONARCH,Small Cap,,,,,,,,,,,,,,,,,
,,,,,,,INDOTECH,Small Cap,,,,,,,,,,,,,,,,,
,,,,,,,AJMERA,Small Cap,,,,,,,,,,,,,,,,,
,,,,,,,KIRIINDUS,Small Cap,,,,,,,,,,,,,,,,,
,,,,,,,SANGAMIND,Small Cap,,,,,,,,,,,,,,,,,
,,,,,,,AWFIS,Small Cap,,,,,,,,,,,,,,,,,
,,,,,,,GKENERGY,Small Cap,,,,,,,,,,,,,,,,,
,,,,,,,JAYKAY,Small Cap,,,,,,,,,,,,,,,,,
,,,,,,,STYLEBAAZA,Small Cap,,,,,,,,,,,,,,,,,
,,,,,,,FMGOETZE,Small Cap,,,,,,,,,,,,,,,,,
,,,,,,,GLOBUSSPR,Small Cap,,,,,,,,,,,,,,,,,
,,,,,,,ANTELOPUS,Small Cap,,,,,,,,,,,,,,,,,
,,,,,,,PANACEABIO,Small Cap,,,,,,,,,,,,,,,,,
,,,,,,,APCOTEXIND,Small Cap,,,,,,,,,,,,,,,,,
,,,,,,,BUILDPRO,Small Cap,,,,,,,,,,,,,,,,,
,,,,,,,RML,Small Cap,,,,,,,,,,,,,,,,,
,,,,,,,PROTEAN,Small Cap,,,,,,,,,,,,,,,,,
,,,,,,,SUNDROP,Small Cap,,,,,,,,,,,,,,,,,
,,,,,,,YASHO,Small Cap,,,,,,,,,,,,,,,,,
,,,,,,,TIRUMALCHM,Small Cap,,,,,,,,,,,,,,,,,
,,,,,,,JASH,Small Cap,,,,,,,,,,,,,,,,,
,,,,,,,RAMCOIND,Small Cap,,,,,,,,,,,,,,,,,
,,,,,,,UNICHEMLAB,Small Cap,,,,,,,,,,,,,,,,,
,,,,,,,PRAKASH,Small Cap,,,,,,,,,,,,,,,,,
,,,,,,,WINDMACHIN,Small Cap,,,,,,,,,,,,,,,,,
,,,,,,,UNIPARTS,Small Cap,,,,,,,,,,,,,,,,,
,,,,,,,GANECOS,Small Cap,,,,,,,,,,,,,,,,,
,,,,,,,EUROPRATIK,Small Cap,,,,,,,,,,,,,,,,,
,,,,,,,512065,Small Cap,,,,,,,,,,,,,,,,,
,,,,,,,ALPEXSOLAR,Small Cap,,,,,,,,,,,,,,,,,
,,,,,,,CAPINVIT,Small Cap,,,,,,,,,,,,,,,,,
,,,,,,,NATIONSTD,Small Cap,,,,,,,,,,,,,,,,,
,,,,,,,KPEL,Small Cap,,,,,,,,,,,,,,,,,
,,,,,,,VEEDOL,Small Cap,,,,,,,,,,,,,,,,,
,,,,,,,REPCOHOME,Small Cap,,,,,,,,,,,,,,,,,
,,,,,,,IMAGICAA,Small Cap,,,,,,,,,,,,,,,,,
,,,,,,,FISCHER,Small Cap,,,,,,,,,,,,,,,,,
,,,,,,,KERNEX,Small Cap,,,,,,,,,,,,,,,,,
,,,,,,,DDEVPLSTIK,Small Cap,,,,,,,,,,,,,,,,,
,,,,,,,ELCIDIN,Small Cap,,,,,,,,,,,,,,,,,
,,,,,,,ORISSAMINE,Small Cap,,,,,,,,,,,,,,,,,
,,,,,,,GREENPANEL,Small Cap,,,,,,,,,,,,,,,,,
,,,,,,,GIPCL,Small Cap,,,,,,,,,,,,,,,,,
,,,,,,,MSPL,Small Cap,,,,,,,,,,,,,,,,,
,,,,,,,DSSL,Small Cap,,,,,,,,,,,,,,,,,
,,,,,,,TCPLPACK,Small Cap,,,,,,,,,,,,,,,,,
,,,,,,,MOREPENLAB,Small Cap,,,,,,,,,,,,,,,,,
,,,,,,,HPL,Small Cap,,,,,,,,,,,,,,,,,
,,,,,,,DRAGARWQ,Small Cap,,,,,,,,,,,,,,,,,
,,,,,,,SATIN,Small Cap,,,,,,,,,,,,,,,,,
,,,,,,,UTKARSHBNK,Small Cap,,,,,,,,,,,,,,,,,
,,,,,,,SAGCEM,Small Cap,,,,,,,,,,,,,,,,,
,,,,,,,SIRCA,Small Cap,,,,,,,,,,,,,,,,,
,,,,,,,BHARATRAS,Small Cap,,,,,,,,,,,,,,,,,
,,,,,,,BEPL,Small Cap,,,,,,,,,,,,,,,,,
,,,,,,,CAMLINFINE,Small Cap,,,,,,,,,,,,,,,,,
,,,,,,,AIMTRON,Small Cap,,,,,,,,,,,,,,,,,
,,,,,,,RHETAN,Small Cap,,,,,,,,,,,,,,,,,
,,,,,,,DCXINDIA,Small Cap,,,,,,,,,,,,,,,,,
,,,,,,,BRIGHOTEL,Small Cap,,,,,,,,,,,,,,,,,
,,,,,,,DIAMONDYD,Small Cap,,,,,,,,,,,,,,,,,
,,,,,,,MOLDTKPAC,Small Cap,,,,,,,,,,,,,,,,,
,,,,,,,TEAMLEASE,Small Cap,,,,,,,,,,,,,,,,,
,,,,,,,NITCO,Small Cap,,,,,,,,,,,,,,,,,
,,,,,,,MANGLMCEM,Small Cap,,,,,,,,,,,,,,,,,
,,,,,,,KPL,Small Cap,,,,,,,,,,,,,,,,,
,,,,,,,EVEREADY,Small Cap,,,,,,,,,,,,,,,,,
,,,,,,,TVSINVIT,Small Cap,,,,,,,,,,,,,,,,,
,,,,,,,ADVAIT,Small Cap,,,,,,,,,,,,,,,,,
,,,,,,,HLEGLAS,Small Cap,,,,,,,,,,,,,,,,,
,,,,,,,APOLLOPIPE,Small Cap,,,,,,,,,,,,,,,,,
,,,,,,,VERANDA,Small Cap,,,,,,,,,,,,,,,,,
,,,,,,,ANANTAM,Small Cap,,,,,,,,,,,,,,,,,
,,,,,,,RELTD,Small Cap,,,,,,,,,,,,,,,,,
,,,,,,,HONDAPOWER,Small Cap,,,,,,,,,,,,,,,,,
,,,,,,,DIVGIITTS,Small Cap,,,,,,,,,,,,,,,,,
,,,,,,,EPACK,Small Cap,,,,,,,,,,,,,,,,,
,,,,,,,ALEMBICLTD,Small Cap,,,,,,,,,,,,,,,,,
,,,,,,,MMFL,Small Cap,,,,,,,,,,,,,,,,,
,,,,,,,JISLJALEQS,Small Cap,,,,,,,,,,,,,,,,,
,,,,,,,DPABHUSHAN,Small Cap,,,,,,,,,,,,,,,,,
,,,,,,,MVKAGRO,Small Cap,,,,,,,,,,,,,,,,,
,,,,,,,ARKADE,Small Cap,,,,,,,,,,,,,,,,,
,,,,,,,KICL,Small Cap,,,,,,,,,,,,,,,,,
,,,,,,,BCG,Small Cap,,,,,,,,,,,,,,,,,
,,,,,,,PRABHA,Small Cap,,,,,,,,,,,,,,,,,
,,,,,,,SPECTRUM,Small Cap,,,,,,,,,,,,,,,,,
,,,,,,,TALBROAUTO,Small Cap,,,,,,,,,,,,,,,,,
,,,,,,,INSECTICID,Small Cap,,,,,,,,,,,,,,,,,
,,,,,,,HINDOILEXP,Small Cap,,,,,,,,,,,,,,,,,
,,,,,,,SAIPARENT,Small Cap,,,,,,,,,,,,,,,,,
,,,,,,,BGRENERGY,Small Cap,,,,,,,,,,,,,,,,,
,,,,,,,GMBREW,Small Cap,,,,,,,,,,,,,,,,,
,,,,,,,SERVOTECH,Small Cap,,,,,,,,,,,,,,,,,
,,,,,,,NPST,Small Cap,,,,,,,,,,,,,,,,,
,,,,,,,RAJRATAN,Small Cap,,,,,,,,,,,,,,,,,
,,,,,,,544310,Small Cap,,,,,,,,,,,,,,,,,
,,,,,,,MUFIN,Small Cap,,,,,,,,,,,,,,,,,
,,,,,,,SCILAL,Small Cap,,,,,,,,,,,,,,,,,
,,,,,,,JNKINDIA,Small Cap,,,,,,,,,,,,,,,,,
,,,,,,,VENKEYS,Small Cap,,,,,,,,,,,,,,,,,
,,,,,,,RISHABH,Small Cap,,,,,,,,,,,,,,,,,
,,,,,,,SOMANYCERA,Small Cap,,,,,,,,,,,,,,,,,
,,,,,,,KCP,Small Cap,,,,,,,,,,,,,,,,,
,,,,,,,EXICOM,Small Cap,,,,,,,,,,,,,,,,,
,,,,,,,SPORTKING,Small Cap,,,,,,,,,,,,,,,,,
,,,,,,,NIBE,Small Cap,,,,,,,,,,,,,,,,,
,,,,,,,GEOJITFSL,Small Cap,,,,,,,,,,,,,,,,,
,,,,,,,VINDHYATEL,Small Cap,,,,,,,,,,,,,,,,,
,,,,,,,BAJEL,Small Cap,,,,,,,,,,,,,,,,,
,,,,,,,SHRINGARMS,Small Cap,,,,,,,,,,,,,,,,,
,,,,,,,SPANDANA,Small Cap,,,,,,,,,,,,,,,,,
,,,,,,,BFUTILITIE,Small Cap,,,,,,,,,,,,,,,,,
,,,,,,,PIXTRANS,Small Cap,,,,,,,,,,,,,,,,,
,,,,,,,513307,Small Cap,,,,,,,,,,,,,,,,,
,,,,,,,544150,Small Cap,,,,,,,,,,,,,,,,,
,,,,,,,TAJGVK,Small Cap,,,,,,,,,,,,,,,,,
,,,,,,,VIMTALABS,Small Cap,,,,,,,,,,,,,,,,,
,,,,,,,JAICORPLTD,Small Cap,,,,,,,,,,,,,,,,,
,,,,,,,GSPCROP,Small Cap,,,,,,,,,,,,,,,,,
,,,,,,,PENIND,Small Cap,,,,,,,,,,,,,,,,,
,,,,,,,STALLION,Small Cap,,,,,,,,,,,,,,,,,
,,,,,,,NUCLEUS,Small Cap,,,,,,,,,,,,,,,,,
,,,,,,,515008,Small Cap,,,,,,,,,,,,,,,,,
,,,,,,,CONFIPET,Small Cap,,,,,,,,,,,,,,,,,
,,,,,,,IPL,Small Cap,,,,,,,,,,,,,,,,,
,,,,,,,VINCOFE,Small Cap,,,,,,,,,,,,,,,,,
,,,,,,,PANAMAPET,Small Cap,,,,,,,,,,,,,,,,,
,,,,,,,MUKANDLTD,Small Cap,,,,,,,,,,,,,,,,,
,,,,,,,SPICEJET,Small Cap,,,,,,,,,,,,,,,,,
,,,,,,,COSMOFIRST,Small Cap,,,,,,,,,,,,,,,,,
,,,,,,,HMT,Small Cap,,,,,,,,,,,,,,,,,
,,,,,,,544037,Small Cap,,,,,,,,,,,,,,,,,
,,,,,,,SOLARA,Small Cap,,,,,,,,,,,,,,,,,
,,,,,,,RANEHOLDIN,Small Cap,,,,,,,,,,,,,,,,,
,,,,,,,PARACABLES,Small Cap,,,,,,,,,,,,,,,,,
,,,,,,,VIDYAWIRES,Small Cap,,,,,,,,,,,,,,,,,
,,,,,,,SIKA,Small Cap,,,,,,,,,,,,,,,,,
,,,,,,,HINDWAREAP,Small Cap,,,,,,,,,,,,,,,,,
,,,,,,,PFS,Small Cap,,,,,,,,,,,,,,,,,
,,,,,,,TCIEXP,Small Cap,,,,,,,,,,,,,,,,,
,,,,,,,NDRAUTO,Small Cap,,,,,,,,,,,,,,,,,
,,,,,,,UFBL,Small Cap,,,,,,,,,,,,,,,,,
,,,,,,,DELTACORP,Small Cap,,,,,,,,,,,,,,,,,
,,,,,,,EIHAHOTELS,Small Cap,,,,,,,,,,,,,,,,,
,,,,,,,524717,Small Cap,,,,,,,,,,,,,,,,,
,,,,,,,TASTYBITE,Small Cap,,,,,,,,,,,,,,,,,
,,,,,,,LAOPALA,Small Cap,,,,,,,,,,,,,,,,,
,,,,,,,SPAL,Small Cap,,,,,,,,,,,,,,,,,
,,,,,,,SOLARWORLD,Small Cap,,,,,,,,,,,,,,,,,
,,,,,,,BLSE,Small Cap,,,,,,,,,,,,,,,,,
,,,,,,,FILATEX,Small Cap,,,,,,,,,,,,,,,,,
,,,,,,,EPACKPEB,Small Cap,,,,,,,,,,,,,,,,,
,,,,,,,FRONTSP,Small Cap,,,,,,,,,,,,,,,,,
,,,,,,,NILKAMAL,Small Cap,,,,,,,,,,,,,,,,,
,,,,,,,SAKSOFT,Small Cap,,,,,,,,,,,,,,,,,
,,,,,,,HGS,Small Cap,,,,,,,,,,,,,,,,,
,,,,,,,CAPACITE,Small Cap,,,,,,,,,,,,,,,,,
,,,,,,,SANSTAR,Small Cap,,,,,,,,,,,,,,,,,
,,,,,,,CEINSYS,Small Cap,,,,,,,,,,,,,,,,,
,,,,,,,UEL,Small Cap,,,,,,,,,,,,,,,,,
,,,,,,,SHK,Small Cap,,,,,,,,,,,,,,,,,
,,,,,,,ANONDITA,Small Cap,,,,,,,,,,,,,,,,,
,,,,,,,SIMPLEXINF,Small Cap,,,,,,,,,,,,,,,,,
,,,,,,,ADOR,Small Cap,,,,,,,,,,,,,,,,,
,,,,,,,MTNL,Small Cap,,,,,,,,,,,,,,,,,
,,,,,,,HITECH,Small Cap,,,,,,,,,,,,,,,,,
,,,,,,,EMSLIMITED,Small Cap,,,,,,,,,,,,,,,,,
,,,,,,,SHALBY,Small Cap,,,,,,,,,,,,,,,,,
,,,,,,,ASIANTILES,Small Cap,,,,,,,,,,,,,,,,,
,,,,,,,HATHWAY,Small Cap,,,,,,,,,,,,,,,,,
,,,,,,,TCC,Small Cap,,,,,,,,,,,,,,,,,
,,,,,,,SBC,Small Cap,,,,,,,,,,,,,,,,,
,,,,,,,INDNIPPON,Small Cap,,,,,,,,,,,,,,,,,
,,,,,,,SILVERTUC,Small Cap,,,,,,,,,,,,,,,,,
,,,,,,,STOVEKRAFT,Small Cap,,,,,,,,,,,,,,,,,
,,,,,,,539682,Small Cap,,,,,,,,,,,,,,,,,
,,,,,,,CANTABIL,Small Cap,,,,,,,,,,,,,,,,,
,,,,,,,JINDRILL,Small Cap,,,,,,,,,,,,,,,,,
,,,,,,,VIKRAN,Small Cap,,,,,,,,,,,,,,,,,
,,,,,,,RAMCOSYS,Small Cap,,,,,,,,,,,,,,,,,
,,,,,,,SDBL,Small Cap,,,,,,,,,,,,,,,,,
,,,,,,,INDOCO,Small Cap,,,,,,,,,,,,,,,,,
,,,,,,,ARMANFIN,Small Cap,,,,,,,,,,,,,,,,,
,,,,,,,KRSNAA,Small Cap,,,,,,,,,,,,,,,,,
,,,,,,,540718,Small Cap,,,,,,,,,,,,,,,,,
,,,,,,,TIL,Small Cap,,,,,,,,,,,,,,,,,
,,,,,,,ASALCBR,Small Cap,,,,,,,,,,,,,,,,,
,,,,,,,SAKAR,Small Cap,,,,,,,,,,,,,,,,,
,,,,,,,ORIENTHOT,Small Cap,,,,,,,,,,,,,,,,,
,,,,,,,GOCOLORS,Small Cap,,,,,,,,,,,,,,,,,
,,,,,,,STUDDS,Small Cap,,,,,,,,,,,,,,,,,
,,,,,,,MBEL,Small Cap,,,,,,,,,,,,,,,,,
,,,,,,,SPMLINFRA,Small Cap,,,,,,,,,,,,,,,,,
,,,,,,,NGLFINE,Small Cap,,,,,,,,,,,,,,,,,
,,,,,,,THEJO,Small Cap,,,,,,,,,,,,,,,,,
,,,,,,,KOTIC,Small Cap,,,,,,,,,,,,,,,,,
,,,,,,,SUMMITSEC,Small Cap,,,,,,,,,,,,,,,,,
,,,,,,,ASIANENE,Small Cap,,,,,,,,,,,,,,,,,
,,,,,,,505504,Small Cap,,,,,,,,,,,,,,,,,
,,,,,,,GTLINFRA,Small Cap,,,,,,,,,,,,,,,,,
,,,,,,,GOCLCORP,Small Cap,,,,,,,,,,,,,,,,,
,,,,,,,SURYODAY,Small Cap,,,,,,,,,,,,,,,,,
,,,,,,,DANISH,Small Cap,,,,,,,,,,,,,,,,,
,,,,,,,GOODYEAR,Small Cap,,,,,,,,,,,,,,,,,
,,,,,,,ACCELYA,Small Cap,,,,,,,,,,,,,,,,,
,,,,,,,538668,Small Cap,,,,,,,,,,,,,,,,,
,,,,,,,KRISHNADEF,Small Cap,,,,,,,,,,,,,,,,,
,,,,,,,DISAQ,Small Cap,,,,,,,,,,,,,,,,,
,,,,,,,ASTEC,Small Cap,,,,,,,,,,,,,,,,,
,,,,,,,RACLGEAR,Small Cap,,,,,,,,,,,,,,,,,
,,,,,,,504092,Small Cap,,,,,,,,,,,,,,,,,
,,,,,,,INDIANHUME,Small Cap,,,,,,,,,,,,,,,,,
,,,,,,,GANDHAR,Small Cap,,,,,,,,,,,,,,,,,
,,,,,,,WALCHANNAG,Small Cap,,,,,,,,,,,,,,,,,
,,,,,,,ALGOQUANT,Small Cap,,,,,,,,,,,,,,,,,
,,,,,,,WAAREEINDO,Small Cap,,,,,,,,,,,,,,,,,
,,,,,,,DLINKINDIA,Small Cap,,,,,,,,,,,,,,,,,
,,,,,,,SIGNPOST,Small Cap,,,,,,,,,,,,,,,,,
,,,,,,,DOLPHIN,Small Cap,,,,,,,,,,,,,,,,,
,,,,,,,AMRUTANJAN,Small Cap,,,,,,,,,,,,,,,,,
,,,,,,,ARFIN,Small Cap,,,,,,,,,,,,,,,,,
,,,,,,,GNA,Small Cap,,,,,,,,,,,,,,,,,
,,,,,,,ASHIKA,Small Cap,,,,,,,,,,,,,,,,,
,,,,,,,WINDLAS,Small Cap,,,,,,,,,,,,,,,,,
,,,,,,,RICOAUTO,Small Cap,,,,,,,,,,,,,,,,,
,,,,,,,SHANTIGOLD,Small Cap,,,,,,,,,,,,,,,,,
,,,,,,,BLIL,Small Cap,,,,,,,,,,,,,,,,,
,,,,,,,HESTERBIO,Small Cap,,,,,,,,,,,,,,,,,
,,,,,,,ONEPOINT,Small Cap,,,,,,,,,,,,,,,,,
,,,,,,,GARUDA,Small Cap,,,,,,,,,,,,,,,,,
,,,,,,,JGCHEM,Small Cap,,,,,,,,,,,,,,,,,
,,,,,,,LANDMARK,Small Cap,,,,,,,,,,,,,,,,,
,,,,,,,YATRA,Small Cap,,,,,,,,,,,,,,,,,
,,,,,,,543953,Small Cap,,,,,,,,,,,,,,,,,
,,,,,,,MCLOUD,Small Cap,,,,,,,,,,,,,,,,,
,,,,,,,543920,Small Cap,,,,,,,,,,,,,,,,,
,,,,,,,AQYLON,Small Cap,,,,,,,,,,,,,,,,,
,,,,,,,KALAMANDIR,Small Cap,,,,,,,,,,,,,,,,,
,,,,,,,SUMEETINDS,Small Cap,,,,,,,,,,,,,,,,,
,,,,,,,524520,Small Cap,,,,,,,,,,,,,,,,,
,,,,,,,DYCL,Small Cap,,,,,,,,,,,,,,,,,
,,,,,,,ALLTIME,Small Cap,,,,,,,,,,,,,,,,,
,,,,,,,SURAKSHA,Small Cap,,,,,,,,,,,,,,,,,
,,,,,,,SHRIRAMPPS,Small Cap,,,,,,,,,,,,,,,,,
,,,,,,,UGROCAP,Small Cap,,,,,,,,,,,,,,,,,
,,,,,,,MMWL,Small Cap,,,,,,,,,,,,,,,,,
,,,,,,,DOLLAR,Small Cap,,,,,,,,,,,,,,,,,
,,,,,,,NELCO,Small Cap,,,,,,,,,,,,,,,,,
,,,,,,,MIRCELECTR,Small Cap,,,,,,,,,,,,,,,,,
,,,,,,,BHARATWIRE,Small Cap,,,,,,,,,,,,,,,,,
,,,,,,,544291,Small Cap,,,,,,,,,,,,,,,,,
,,,,,,,VENUSREM,Small Cap,,,,,,,,,,,,,,,,,
,,,,,,,JAGRAN,Small Cap,,,,,,,,,,,,,,,,,
,,,,,,,PASHUPATI,Small Cap,,,,,,,,,,,,,,,,,
,,,,,,,VIDHIING,Small Cap,,,,,,,,,,,,,,,,,
,,,,,,,SOLEX,Small Cap,,,,,,,,,,,,,,,,,
,,,,,,,506373,Small Cap,,,,,,,,,,,,,,,,,
,,,,,,,INFOBEAN,Small Cap,,,,,,,,,,,,,,,,,
,,,,,,,MOBIKWIK,Small Cap,,,,,,,,,,,,,,,,,
,,,,,,,5PAISA,Small Cap,,,,,,,,,,,,,,,,,
,,,,,,,GODAVARIB,Small Cap,,,,,,,,,,,,,,,,,
,,,,,,,GPTINFRA,Small Cap,,,,,,,,,,,,,,,,,
,,,,,,,ESAFSFB,Small Cap,,,,,,,,,,,,,,,,,
,,,,,,,SYNCOMF,Small Cap,,,,,,,,,,,,,,,,,
,,,,,,,JYOTISTRUC,Small Cap,,,,,,,,,,,,,,,,,
,,,,,,,SESHAPAPER,Small Cap,,,,,,,,,,,,,,,,,
,,,,,,,BFINVEST,Small Cap,,,,,,,,,,,,,,,,,
,,,,,,,SEPC,Small Cap,,,,,,,,,,,,,,,,,
,,,,,,,CLSEL,Small Cap,,,,,,,,,,,,,,,,,
,,,,,,,PRECAM,Small Cap,,,,,,,,,,,,,,,,,
,,,,,,,NAVKARCORP,Small Cap,,,,,,,,,,,,,,,,,
,,,,,,,SPIC,Small Cap,,,,,,,,,,,,,,,,,
,,,,,,,507912,Small Cap,,,,,,,,,,,,,,,,,
,,,,,,,517035,Small Cap,,,,,,,,,,,,,,,,,
,,,,,,,APEX,Small Cap,,,,,,,,,,,,,,,,,
,,,,,,,LINCOLN,Small Cap,,,,,,,,,,,,,,,,,
,,,,,,,539895,Small Cap,,,,,,,,,,,,,,,,,
,,,,,,,NITTAGELA,Small Cap,,,,,,,,,,,,,,,,,
,,,,,,,MAHASTEEL,Small Cap,,,,,,,,,,,,,,,,,
,,,,,,,PNBGILTS,Small Cap,,,,,,,,,,,,,,,,,
,,,,,,,TINNARUBR,Small Cap,,,,,,,,,,,,,,,,,
,,,,,,,UNITECH,Small Cap,,,,,,,,,,,,,,,,,
,,,,,,,539607,Small Cap,,,,,,,,,,,,,,,,,
,,,,,,,DCW,Small Cap,,,,,,,,,,,,,,,,,
,,,,,,,OMAXE,Small Cap,,,,,,,,,,,,,,,,,
,,,,,,,EXPLEOSOL,Small Cap,,,,,,,,,,,,,,,,,
,,,,,,,WENDT,Small Cap,,,,,,,,,,,,,,,,,
,,,,,,,IMPAL,Small Cap,,,,,,,,,,,,,,,,,
,,,,,,,BETA,Small Cap,,,,,,,,,,,,,,,,,
,,,,,,,526775,Small Cap,,,,,,,,,,,,,,,,,
,,,,,,,JAGSNPHARM,Small Cap,,,,,,,,,,,,,,,,,
,,,,,,,NEUEON,Small Cap,,,,,,,,,,,,,,,,,
,,,,,,,IGPL,Small Cap,,,,,,,,,,,,,,,,,
,,,,,,,ATULAUTO,Small Cap,,,,,,,,,,,,,,,,,
,,,,,,,LAXMIDENTL,Small Cap,,,,,,,,,,,,,,,,,
,,,,,,,SULA,Small Cap,,,,,,,,,,,,,,,,,
,,,,,,,509438,Small Cap,,,,,,,,,,,,,,,,,
,,,,,,,GRANDOAK,Small Cap,,,,,,,,,,,,,,,,,
,,,,,,,AWHCL,Small Cap,,,,,,,,,,,,,,,,,
,,,,,,,IVALUE,Small Cap,,,,,,,,,,,,,,,,,
,,,,,,,DOLATALGO,Small Cap,,,,,,,,,,,,,,,,,
,,,,,,,ALLCARGO,Small Cap,,,,,,,,,,,,,,,,,
,,,,,,,VINYAS,Small Cap,,,,,,,,,,,,,,,,,
,,,,,,,STEELXIND,Small Cap,,,,,,,,,,,,,,,,,
,,,,,,,DHANBANK,Small Cap,,,,,,,,,,,,,,,,,
,,,,,,,EKC,Small Cap,,,,,,,,,,,,,,,,,
,,,,,,,539730,Small Cap,,,,,,,,,,,,,,,,,
,,,,,,,DEN,Small Cap,,,,,,,,,,,,,,,,,
,,,,,,,JAYBARMARU,Small Cap,,,,,,,,,,,,,,,,,
,,,,,,,AMIRCHAND,Small Cap,,,,,,,,,,,,,,,,,
,,,,,,,530927,Small Cap,,,,,,,,,,,,,,,,,
,,,,,,,SMCGLOBAL,Small Cap,,,,,,,,,,,,,,,,,
,,,,,,,MOL,Small Cap,,,,,,,,,,,,,,,,,
,,,,,,,ASIANHOTNR,Small Cap,,,,,,,,,,,,,,,,,
,,,,,,,BLKASHYAP,Small Cap,,,,,,,,,,,,,,,,,
,,,,,,,GREENPOWER,Small Cap,,,,,,,,,,,,,,,,,
,,,,,,,ANDREWYU,Small Cap,,,,,,,,,,,,,,,,,
,,,,,,,ICEMAKE,Small Cap,,,,,,,,,,,,,,,,,
,,,,,,,KODYTECH,Small Cap,,,,,,,,,,,,,,,,,
,,,,,,,AURUM,Small Cap,,,,,,,,,,,,,,,,,
,,,,,,,HUHTAMAKI,Small Cap,,,,,,,,,,,,,,,,,
,,,,,,,WEL,Small Cap,,,,,,,,,,,,,,,,,
,,,,,,,DIGITIDE,Small Cap,,,,,,,,,,,,,,,,,
,,,,,,,JARO,Small Cap,,,,,,,,,,,,,,,,,
,,,,,,,STLNETWORK,Small Cap,,,,,,,,,,,,,,,,,
,,,,,,,PNGSREVA,Small Cap,,,,,,,,,,,,,,,,,
,,,,,,,HARIOMPIPE,Small Cap,,,,,,,,,,,,,,,,,
,,,,,,,ORIENTTECH,Small Cap,,,,,,,,,,,,,,,,,
,,,,,,,DPEL,Small Cap,,,,,,,,,,,,,,,,,
,,,,,,,IFGLEXPOR,Small Cap,,,,,,,,,,,,,,,,,
,,,,,,,CAPITALSFB,Small Cap,,,,,,,,,,,,,,,,,
,,,,,,,TEXINFRA,Small Cap,,,,,,,,,,,,,,,,,
,,,,,,,539724,Small Cap,,,,,,,,,,,,,,,,,
,,,,,,,ALLDIGI,Small Cap,,,,,,,,,,,,,,,,,
,,,,,,,AYMSYNTEX,Small Cap,,,,,,,,,,,,,,,,,
,,,,,,,PUNJABCHEM,Small Cap,,,,,,,,,,,,,,,,,
,,,,,,,SALASAR,Small Cap,,,,,,,,,,,,,,,,,
,,,,,,,ANDHRAPAP,Small Cap,,,,,,,,,,,,,,,,,
,,,,,,,PLATIND,Small Cap,,,,,,,,,,,,,,,,,
,,,,,,,542669,Small Cap,,,,,,,,,,,,,,,,,
,,,,,,,TTKHLTCARE,Small Cap,,,,,,,,,,,,,,,,,
,,,,,,,KROSS,Small Cap,,,,,,,,,,,,,,,,,
,,,,,,,GNRL,Small Cap,,,,,,,,,,,,,,,,,
,,,,,,,SAFEENTP,Small Cap,,,,,,,,,,,,,,,,,
,,,,,,,EXCELINDUS,Small Cap,,,,,,,,,,,,,,,,,
,,,,,,,HMAAGRO,Small Cap,,,,,,,,,,,,,,,,,
,,,,,,,FAZE3Q,Small Cap,,,,,,,,,,,,,,,,,
,,,,,,,HARDWYN,Small Cap,,,,,,,,,,,,,,,,,
,,,,,,,BOROSCI,Small Cap,,,,,,,,,,,,,,,,,
,,,,,,,524632,Small Cap,,,,,,,,,,,,,,,,,
,,,,,,,MONOLITH,Small Cap,,,,,,,,,,,,,,,,,
,,,,,,,IGARASHI,Small Cap,,,,,,,,,,,,,,,,,
,,,,,,,SRM,Small Cap,,,,,,,,,,,,,,,,,
,,,,,,,NINSYS,Small Cap,,,,,,,,,,,,,,,,,
,,,,,,,OBSCP,Small Cap,,,,,,,,,,,,,,,,,
,,,,,,,DIFFNKG,Small Cap,,,,,,,,,,,,,,,,,
,,,,,,,BUTTERFLY,Small Cap,,,,,,,,,,,,,,,,,
,,,,,,,UDS,Small Cap,,,,,,,,,,,,,,,,,
,,,,,,,RATNAVEER,Small Cap,,,,,,,,,,,,,,,,,
,,,,,,,NELCAST,Small Cap,,,,,,,,,,,,,,,,,
,,,,,,,IKIO,Small Cap,,,,,,,,,,,,,,,,,
,,,,,,,511144,Small Cap,,,,,,,,,,,,,,,,,
,,,,,,,BHARATSE,Small Cap,,,,,,,,,,,,,,,,,
,,,,,,,MACPOWER,Small Cap,,,,,,,,,,,,,,,,,
,,,,,,,ULTRAMAR,Small Cap,,,,,,,,,,,,,,,,,
,,,,,,,RUPA,Small Cap,,,,,,,,,,,,,,,,,
,,,,,,,505036,Small Cap,,,,,,,,,,,,,,,,,
,,,,,,,539469,Small Cap,,,,,,,,,,,,,,,,,
,,,,,,,TEMBO,Small Cap,,,,,,,,,,,,,,,,,
,,,,,,,ANDHRSUGAR,Small Cap,,,,,,,,,,,,,,,,,
,,,,,,,MOTISONS,Small Cap,,,,,,,,,,,,,,,,,
,,,,,,,543787,Small Cap,,,,,,,,,,,,,,,,,
,,,,,,,GANDHITUBE,Small Cap,,,,,,,,,,,,,,,,,
,,,,,,,LGHL,Small Cap,,,,,,,,,,,,,,,,,
,,,,,,,QUADFUTURE,Small Cap,,,,,,,,,,,,,,,,,
,,,,,,,521238,Small Cap,,,,,,,,,,,,,,,,,
,,,,,,,SALZERELEC,Small Cap,,,,,,,,,,,,,,,,,
,,,,,,,INDSWFTLAB,Small Cap,,,,,,,,,,,,,,,,,
,,,,,,,514440,Small Cap,,,,,,,,,,,,,,,,,
,,,,,,,BALAJITELE,Small Cap,,,,,,,,,,,,,,,,,
,,,,,,,RIIL,Small Cap,,,,,,,,,,,,,,,,,
,,,,,,,507753,Small Cap,,,,,,,,,,,,,,,,,
,,,,,,,GPTHEALTH,Small Cap,,,,,,,,,,,,,,,,,
,,,,,,,TARSONS,Small Cap,,,,,,,,,,,,,,,,,
,,,,,,,MONTECARLO,Small Cap,,,,,,,,,,,,,,,,,
,,,,,,,MANAKCOAT,Small Cap,,,,,,,,,,,,,,,,,
,,,,,,,INDPRUD,Small Cap,,,,,,,,,,,,,,,,,
,,,,,,,SHREEPUSHK,Small Cap,,,,,,,,,,,,,,,,,
,,,,,,,IRMENERGY,Small Cap,,,,,,,,,,,,,,,,,
,,,,,,,543597,Small Cap,,,,,,,,,,,,,,,,,
,,,,,,,RAJRILTD,Small Cap,,,,,,,,,,,,,,,,,
,,,,,,,GALAPREC,Small Cap,,,,,,,,,,,,,,,,,
,,,,,,,ASTAR,Small Cap,,,,,,,,,,,,,,,,,
,,,,,,,GULPOLY,Small Cap,,,,,,,,,,,,,,,,,
,,,,,,,523411,Small Cap,,,,,,,,,,,,,,,,,
,,,,,,,538992,Small Cap,,,,,,,,,,,,,,,,,
,,,,,,,RGL,Small Cap,,,,,,,,,,,,,,,,,
,,,,,,,PAUSHAKLTD,Small Cap,,,,,,,,,,,,,,,,,
,,,,,,,CENTRUM,Small Cap,,,,,,,,,,,,,,,,,
,,,,,,,GKSL,Small Cap,,,,,,,,,,,,,,,,,
,,,,,,,MADRASFERT,Small Cap,,,,,,,,,,,,,,,,,
,,,,,,,AEROENTER,Small Cap,,,,,,,,,,,,,,,,,
,,,,,,,VHL,Small Cap,,,,,,,,,,,,,,,,,
,,,,,,,CENTENKA,Small Cap,,,,,,,,,,,,,,,,,
,,,,,,,OAL,Small Cap,,,,,,,,,,,,,,,,,
,,,,,,,HITECHGEAR,Small Cap,,,,,,,,,,,,,,,,,
,,,,,,,RSL,Small Cap,,,,,,,,,,,,,,,,,
,,,,,,,MWL,Small Cap,,,,,,,,,,,,,,,,,
,,,,,,,514448,Small Cap,,,,,,,,,,,,,,,,,
,,,,,,,MASTERTR,Small Cap,,,,,,,,,,,,,,,,,
,,,,,,,AKCAPIT,Small Cap,,,,,,,,,,,,,,,,,
,,,,,,,ROTO,Small Cap,,,,,,,,,,,,,,,,,
,,,,,,,ALICON,Small Cap,,,,,,,,,,,,,,,,,
,,,,,,,DAMCAPITAL,Small Cap,,,,,,,,,,,,,,,,,
,,,,,,,JPOLYINVST,Small Cap,,,,,,,,,,,,,,,,,
,,,,,,,ZSARACOM,Small Cap,,,,,,,,,,,,,,,,,
,,,,,,,SURAJEST,Small Cap,,,,,,,,,,,,,,,,,
,,,,,,,INDOBORAX,Small Cap,,,,,,,,,,,,,,,,,
,,,,,,,526935,Small Cap,,,,,,,,,,,,,,,,,
,,,,,,,AMNPLST,Small Cap,,,,,,,,,,,,,,,,,
,,,,,,,3BBLACKBIO,Small Cap,,,,,,,,,,,,,,,,,
,,,,,,,GENESYS,Small Cap,,,,,,,,,,,,,,,,,
,,,,,,,QUICKHEAL,Small Cap,,,,,,,,,,,,,,,,,
,,,,,,,SHREDIGCEM,Small Cap,,,,,,,,,,,,,,,,,
,,,,,,,MICEL,Small Cap,,,,,,,,,,,,,,,,,
,,,,,,,AVTNPL,Small Cap,,,,,,,,,,,,,,,,,
,,,,,,,KRISHIVAL,Small Cap,,,,,,,,,,,,,,,,,
,,,,,,,ARIHANTSUP,Small Cap,,,,,,,,,,,,,,,,,
,,,,,,,TNPL,Small Cap,,,,,,,,,,,,,,,,,
,,,,,,,KAPSTON,Small Cap,,,,,,,,,,,,,,,,,
,,,,,,,FINOPB,Small Cap,,,,,,,,,,,,,,,,,
,,,,,,,ACCENTMIC,Small Cap,,,,,,,,,,,,,,,,,
,,,,,,,JINDALPHOT,Small Cap,,,,,,,,,,,,,,,,,
,,,,,,,MANALIPETC,Small Cap,,,,,,,,,,,,,,,,,
,,,,,,,IZMO,Small Cap,,,,,,,,,,,,,,,,,
,,,,,,,RAJOOENG,Small Cap,,,,,,,,,,,,,,,,,
,,,,,,,BCLIND,Small Cap,,,,,,,,,,,,,,,,,
,,,,,,,HEALTHX,Small Cap,,,,,,,,,,,,,,,,,
,,,,,,,ETL,Small Cap,,,,,,,,,,,,,,,,,
,,,,,,,MAMATA,Small Cap,,,,,,,,,,,,,,,,,
,,,,,,,BIRLANU,Small Cap,,,,,,,,,,,,,,,,,
,,,,,,,AFSL,Small Cap,,,,,,,,,,,,,,,,,
,,,,,,,534535,Small Cap,,,,,,,,,,,,,,,,,
,,,,,,,BAJAJHCARE,Small Cap,,,,,,,,,,,,,,,,,
,,,,,,,GKWLIMITED,Small Cap,,,,,,,,,,,,,,,,,
,,,,,,,544563,Small Cap,,,,,,,,,,,,,,,,,
,,,,,,,BLUSPRING,Small Cap,,,,,,,,,,,,,,,,,
,,,,,,,BSHSL,Small Cap,,,,,,,,,,,,,,,,,
,,,,,,,ARIS,Small Cap,,,,,,,,,,,,,,,,,
,,,,,,,530929,Small Cap,,,,,,,,,,,,,,,,,
,,,,,,,WCIL,Small Cap,,,,,,,,,,,,,,,,,
,,,,,,,EXCELSOFT,Small Cap,,,,,,,,,,,,,,,,,
,,,,,,,HIMATSEIDE,Small Cap,,,,,,,,,,,,,,,,,
,,,,,,,ORICONENT,Small Cap,,,,,,,,,,,,,,,,,
,,,,,,,539300,Small Cap,,,,,,,,,,,,,,,,,
,,,,,,,CREST,Small Cap,,,,,,,,,,,,,,,,,
,,,,,,,UNIECOM,Small Cap,,,,,,,,,,,,,,,,,
,,,,,,,CONTROLPR,Small Cap,,,,,,,,,,,,,,,,,
,,,,,,,512233,Small Cap,,,,,,,,,,,,,,,,,
,,,,,,,WANBURY,Small Cap,,,,,,,,,,,,,,,,,
,,,,,,,SSEGL,Small Cap,,,,,,,,,,,,,,,,,
,,,,,,,TVSELECT,Small Cap,,,,,,,,,,,,,,,,,
,,,,,,,CNL,Small Cap,,,,,,,,,,,,,,,,,
,,,,,,,ELECTHERM,Small Cap,,,,,,,,,,,,,,,,,
,,,,,,,BIL,Small Cap,,,,,,,,,,,,,,,,,
,,,,,,,WEALTH,Small Cap,,,,,,,,,,,,,,,,,
,,,,,,,543543,Small Cap,,,,,,,,,,,,,,,,,
,,,,,,,515043,Small Cap,,,,,,,,,,,,,,,,,
,,,,,,,CIFL,Small Cap,,,,,,,,,,,,,,,,,
,,,,,,,531859,Small Cap,,,,,,,,,,,,,,,,,
,,,,,,,INDORAMA,Small Cap,,,,,,,,,,,,,,,,,
,,,,,,,SKMEGGPROD,Small Cap,,,,,,,,,,,,,,,,,
,,,,,,,BODALCHEM,Small Cap,,,,,,,,,,,,,,,,,
,,,,,,,INDOAMIN,Small Cap,,,,,,,,,,,,,,,,,
,,,,,,,NAHARSPING,Small Cap,,,,,,,,,,,,,,,,,
,,,,,,,PRIMESECU,Small Cap,,,,,,,,,,,,,,,,,
,,,,,,,IFBAGRO,Small Cap,,,,,,,,,,,,,,,,,
,,,,,,,VHLTD,Small Cap,,,,,,,,,,,,,,,,,
,,,,,,,537392,Small Cap,,,,,,,,,,,,,,,,,
,,,,,,,GCSL,Small Cap,,,,,,,,,,,,,,,,,
,,,,,,,VILAS,Small Cap,,,,,,,,,,,,,,,,,
,,,,,,,NIITLTD,Small Cap,,,,,,,,,,,,,,,,,
,,,,,,,UTTAMSUGAR,Small Cap,,,,,,,,,,,,,,,,,
,,,,,,,AVADHSUGAR,Small Cap,,,,,,,,,,,,,,,,,
,,,,,,,STANLEY,Small Cap,,,,,,,,,,,,,,,,,
,,,,,,,DHAMPURSUG,Small Cap,,,,,,,,,,,,,,,,,
,,,,,,,ESTER,Small Cap,,,,,,,,,,,,,,,,,
,,,,,,,MUNJALAU,Small Cap,,,,,,,,,,,,,,,,,
,,,,,,,REGAAL,Small Cap,,,,,,,,,,,,,,,,,
,,,,,,,ROHLTD,Small Cap,,,,,,,,,,,,,,,,,
,,,,,,,ZUARI,Small Cap,,,,,,,,,,,,,,,,,
,,,,,,,SWELECTES,Small Cap,,,,,,,,,,,,,,,,,
,,,,,,,CELLECOR,Small Cap,,,,,,,,,,,,,,,,,
,,,,,,,EIMCOELECO,Small Cap,,,,,,,,,,,,,,,,,
,,,,,,,MAFATIND,Small Cap,,,,,,,,,,,,,,,,,
,,,,,,,FINKURVE,Small Cap,,,,,,,,,,,,,,,,,
,,,,,,,THEMISMED,Small Cap,,,,,,,,,,,,,,,,,
,,,,,,,SRHHYPOLTD,Small Cap,,,,,,,,,,,,,,,,,
,,,,,,,541096,Small Cap,,,,,,,,,,,,,,,,,
,,,,,,,YUKEN,Small Cap,,,,,,,,,,,,,,,,,
,,,,,,,AMBIKCO,Small Cap,,,,,,,,,,,,,,,,,
,,,,,,,PRECOT,Small Cap,,,,,,,,,,,,,,,,,
,,,,,,,RUBYMILLS,Small Cap,,,,,,,,,,,,,,,,,
,,,,,,,DHARMAJ,Small Cap,,,,,,,,,,,,,,,,,
,,,,,,,KOPRAN,Small Cap,,,,,,,,,,,,,,,,,
,,,,,,,TEJASCARGO,Small Cap,,,,,,,,,,,,,,,,,
,,,,,,,GRPLTD,Small Cap,,,,,,,,,,,,,,,,,
,,,,,,,OSELDEVICE,Small Cap,,,,,,,,,,,,,,,,,
,,,,,,,SUYOG,Small Cap,,,,,,,,,,,,,,,,,
,,,,,,,TBZ,Small Cap,,,,,,,,,,,,,,,,,
,,,,,,,HEXATRADEX,Small Cap,,,,,,,,,,,,,,,,,
,,,,,,,543928,Small Cap,,,,,,,,,,,,,,,,,
,,,,,,,GGBL,Small Cap,,,,,,,,,,,,,,,,,
,,,,,,,513361,Small Cap,,,,,,,,,,,,,,,,,
,,,,,,,540980,Small Cap,,,,,,,,,,,,,,,,,
,,,,,,,SYSTMTXC,Small Cap,,,,,,,,,,,,,,,,,
,,,,,,,GHCLTEXTIL,Small Cap,,,,,,,,,,,,,,,,,
,,,,,,,BAJAJINDEF,Small Cap,,,,,,,,,,,,,,,,,
,,,,,,,FERMENTA,Small Cap,,,,,,,,,,,,,,,,,
,,,,,,,MEIL,Small Cap,,,,,,,,,,,,,,,,,
,,,,,,,BHAGYANGR,Small Cap,,,,,,,,,,,,,,,,,
,,,,,,,REMUS,Small Cap,,,,,,,,,,,,,,,,,
,,,,,,,MCCHRLS-B,Small Cap,,,,,,,,,,,,,,,,,
,,,,,,,TAALTECH,Small Cap,,,,,,,,,,,,,,,,,
,,,,,,,ZTECH,Small Cap,,,,,,,,,,,,,,,,,
,,,,,,,NDTV,Small Cap,,,,,,,,,,,,,,,,,
,,,,,,,530643,Small Cap,,,,,,,,,,,,,,,,,
,,,,,,,SEJALLTD,Small Cap,,,,,,,,,,,,,,,,,
,,,,,,,514330,Small Cap,,,,,,,,,,,,,,,,,
,,,,,,,512014,Small Cap,,,,,,,,,,,,,,,,,
,,,,,,,539984,Small Cap,,,,,,,,,,,,,,,,,
,,,,,,,GAUDIUMIVF,Small Cap,,,,,,,,,,,,,,,,,
,,,,,,,DVL,Small Cap,,,,,,,,,,,,,,,,,
,,,,,,,KOKUYOCMLN,Small Cap,,,,,,,,,,,,,,,,,
,,,,,,,543831,Small Cap,,,,,,,,,,,,,,,,,
,,,,,,,SAHASRA,Small Cap,,,,,,,,,,,,,,,,,
,,,,,,,RAMASTEEL,Small Cap,,,,,,,,,,,,,,,,,
,,,,,,,SUDARCOLOR,Small Cap,,,,,,,,,,,,,,,,,
,,,,,,,544406,Small Cap,,,,,,,,,,,,,,,,,
,,,,,,,STEL,Small Cap,,,,,,,,,,,,,,,,,
,,,,,,,MATRIMONY,Small Cap,,,,,,,,,,,,,,,,,
,,,,,,,523475,Small Cap,,,,,,,,,,,,,,,,,
,,,,,,,544186,Small Cap,,,,,,,,,,,,,,,,,
,,,,,,,MAANALU,Small Cap,,,,,,,,,,,,,,,,,
,,,,,,,BAJAJST,Small Cap,,,,,,,,,,,,,,,,,
,,,,,,,519152,Small Cap,,,,,,,,,,,,,,,,,
,,,,,,,VIVIDEL,Small Cap,,,,,,,,,,,,,,,,,
,,,,,,,BORANA,Small Cap,,,,,,,,,,,,,,,,,
,,,,,,,STERTOOLS,Small Cap,,,,,,,,,,,,,,,,,
,,,,,,,ABINFRA,Small Cap,,,,,,,,,,,,,,,,,
,,,,,,,DECCANCE,Small Cap,,,,,,,,,,,,,,,,,
,,,,,,,OMINFRAL,Small Cap,,,,,,,,,,,,,,,,,
,,,,,,,544458,Small Cap,,,,,,,,,,,,,,,,,
,,,,,,,ARIHANT,Small Cap,,,,,,,,,,,,,,,,,
,,,,,,,VIVIANA,Small Cap,,,,,,,,,,,,,,,,,
,,,,,,,543709,Small Cap,,,,,,,,,,,,,,,,,
,,,,,,,KELLTONTEC,Small Cap,,,,,,,,,,,,,,,,,
,,,,,,,543931,Small Cap,,,,,,,,,,,,,,,,,
,,,,,,,540737,Small Cap,,,,,,,,,,,,,,,,,
,,,,,,,MENONBE,Small Cap,,,,,,,,,,,,,,,,,
,,,,,,,526530,Small Cap,,,,,,,,,,,,,,,,,
,,,,,,,506166,Small Cap,,,,,,,,,,,,,,,,,
,,,,,,,PROSTARM,Small Cap,,,,,,,,,,,,,,,,,
,,,,,,,KECL,Small Cap,,,,,,,,,,,,,,,,,
,,,,,,,TAC,Small Cap,,,,,,,,,,,,,,,,,
,,,,,,,DPSCLTD,Small Cap,,,,,,,,,,,,,,,,,
,,,,,,,SCODATUBES,Small Cap,,,,,,,,,,,,,,,,,
,,,,,,,LIKHITHA,Small Cap,,,,,,,,,,,,,,,,,
,,,,,,,543828,Small Cap,,,,,,,,,,,,,,,,,
,,,,,,,ADVENTHTL,Small Cap,,,,,,,,,,,,,,,,,
,,,,,,,ECOSMOBLTY,Small Cap,,,,,,,,,,,,,,,,,
,,,,,,,GANESHCP,Small Cap,,,,,,,,,,,,,,,,,
,,,,,,,531910,Small Cap,,,,,,,,,,,,,,,,,
,,,,,,,TNPETRO,Small Cap,,,,,,,,,,,,,,,,,
,,,,,,,GAYAPROJ,Small Cap,,,,,,,,,,,,,,,,,
,,,,,,,RSWM,Small Cap,,,,,,,,,,,,,,,,,
,,,,,,,GICHSGFIN,Small Cap,,,,,,,,,,,,,,,,,
,,,,,,,517320,Small Cap,,,,,,,,,,,,,,,,,
,,,,,,,508807,Small Cap,,,,,,,,,,,,,,,,,
,,,,,,,SARLAPOLY,Small Cap,,,,,,,,,,,,,,,,,
,,,,,,,MAXIND,Small Cap,,,,,,,,,,,,,,,,,
,,,,,,,ASAL,Small Cap,,,,,,,,,,,,,,,,,
,,,,,,,KRYSTAL,Small Cap,,,,,,,,,,,,,,,,,
,,,,,,,SALSTEEL,Small Cap,,,,,,,,,,,,,,,,,
,,,,,,,RMDRIP,Small Cap,,,,,,,,,,,,,,,,,
,,,,,,,KARNIKA,Small Cap,,,,,,,,,,,,,,,,,
,,,,,,,KABRAEXTRU,Small Cap,,,,,,,,,,,,,,,,,
,,,,,,,517336,Small Cap,,,,,,,,,,,,,,,,,
,,,,,,,VALIANTORG,Small Cap,,,,,,,,,,,,,,,,,
,,,,,,,GEMAROMA,Small Cap,,,,,,,,,,,,,,,,,
,,,,,,,DWARKESH,Small Cap,,,,,,,,,,,,,,,,,
,,,,,,,SGIL,Small Cap,,,,,,,,,,,,,,,,,
,,,,,,,id,Small Cap,,,,,,,,,,,,,,,,,
,,,,,,,SUPREMEINF,Small Cap,,,,,,,,,,,,,,,,,
,,,,,,,BIRLAMONEY,Small Cap,,,,,,,,,,,,,,,,,
,,,,,,,FAIRCHEMOR,Small Cap,,,,,,,,,,,,,,,,,
,,,,,,,ELDEHSG,Small Cap,,,,,,,,,,,,,,,,,
,,,,,,,BLAL,Small Cap,,,,,,,,,,,,,,,,,
,,,,,,,VASCONEQ,Small Cap,,,,,,,,,,,,,,,,,
,,,,,,,PDMJEPAPER,Small Cap,,,,,,,,,,,,,,,,,
,,,,,,,BIGBLOC,Small Cap,,,,,,,,,,,,,,,,,
,,,,,,,509960,Small Cap,,,,,,,,,,,,,,,,,
,,,,,,,PROZONER,Small Cap,,,,,,,,,,,,,,,,,
,,,,,,,NRAIL,Small Cap,,,,,,,,,,,,,,,,,
,,,,,,,511702,Small Cap,,,,,,,,,,,,,,,,,
,,,,,,,UNITEDPOLY,Small Cap,,,,,,,,,,,,,,,,,
,,,,,,,504605,Small Cap,,,,,,,,,,,,,,,,,
,,,,,,,MCLEODRUSS,Small Cap,,,,,,,,,,,,,,,,,
,,,,,,,NCLIND,Small Cap,,,,,,,,,,,,,,,,,
,,,,,,,505358,Small Cap,,,,,,,,,,,,,,,,,
,,,,,,,SANDESH,Small Cap,,,,,,,,,,,,,,,,,
,,,,,,,SIGACHI,Small Cap,,,,,,,,,,,,,,,,,
,,,,,,,ANUHPHR,Small Cap,,,,,,,,,,,,,,,,,
,,,,,,,VIESL,Small Cap,,,,,,,,,,,,,,,,,
,,,,,,,DENTA,Small Cap,,,,,,,,,,,,,,,,,
,,,,,,,KOTHARIPET,Small Cap,,,,,,,,,,,,,,,,,
,,,,,,,HERANBA,Small Cap,,,,,,,,,,,,,,,,,
,,,,,,,CONSOFINVT,Small Cap,,,,,,,,,,,,,,,,,
,,,,,,,530845,Small Cap,,,,,,,,,,,,,,,,,
,,,,,,,AHLWEST,Small Cap,,,,,,,,,,,,,,,,,
,,,,,,,544516,Small Cap,,,,,,,,,,,,,,,,,
,,,,,,,RITCO,Small Cap,,,,,,,,,,,,,,,,,
,,,,,,,ARIHANTCAP,Small Cap,,,,,,,,,,,,,,,,,
,,,,,,,RAJPALAYAM,Small Cap,,,,,,,,,,,,,,,,,
,,,,,,,ZUARIIND,Small Cap,,,,,,,,,,,,,,,,,
,,,,,,,VISACHROME,Small Cap,,,,,,,,,,,,,,,,,
,,,,,,,PVSL,Small Cap,,,,,,,,,,,,,,,,,
,,,,,,,GTPL,Small Cap,,,,,,,,,,,,,,,,,
,,,,,,,533315,Small Cap,,,,,,,,,,,,,,,,,
,,,,,,,PARIN,Small Cap,,,,,,,,,,,,,,,,,
,,,,,,,UNIENTER,Small Cap,,,,,,,,,,,,,,,,,
,,,,,,,504132,Small Cap,,,,,,,,,,,,,,,,,
,,,,,,,523850,Small Cap,,,,,,,,,,,,,,,,,
,,,,,,,522229,Small Cap,,,,,,,,,,,,,,,,,
,,,,,,,530521,Small Cap,,,,,,,,,,,,,,,,,
,,,,,,,XCHANGING,Small Cap,,,,,,,,,,,,,,,,,
,,,,,,,MVGJL,Small Cap,,,,,,,,,,,,,,,,,
,,,,,,,C2C,Small Cap,,,,,,,,,,,,,,,,,
,,,,,,,VLSFINANCE,Small Cap,,,,,,,,,,,,,,,,,
,,,,,,,GLOSTERLTD,Small Cap,,,,,,,,,,,,,,,,,
,,,,,,,JITFINFRA,Small Cap,,,,,,,,,,,,,,,,,
,,,,,,,INNOVISION,Small Cap,,,,,,,,,,,,,,,,,
,,,,,,,MMP,Small Cap,,,,,,,,,,,,,,,,,
,,,,,,,530245,Small Cap,,,,,,,,,,,,,,,,,
,,,,,,,AHCL,Small Cap,,,,,,,,,,,,,,,,,
,,,,,,,SOUTHWEST,Small Cap,,,,,,,,,,,,,,,,,
,,,,,,,SACHEEROME,Small Cap,,,,,,,,,,,,,,,,,
,,,,,,,RNFI,Small Cap,,,,,,,,,,,,,,,,,
,,,,,,,PRADPME,Small Cap,,,,,,,,,,,,,,,,,
,,,,,,,532467,Small Cap,,,,,,,,,,,,,,,,,
,,,,,,,BEEKAY,Small Cap,,,,,,,,,,,,,,,,,
,,,,,,,FLYSBS,Small Cap,,,,,,,,,,,,,,,,,
,,,,,,,DENTALKART,Small Cap,,,,,,,,,,,,,,,,,
,,,,,,,INNOVANA,Small Cap,,,,,,,,,,,,,,,,,
,,,,,,,533477,Small Cap,,,,,,,,,,,,,,,,,
,,,,,,,GANESHBE,Small Cap,,,,,,,,,,,,,,,,,
,,,,,,,531035,Small Cap,,,,,,,,,,,,,,,,,
,,,,,,,VAKRANGEE,Small Cap,,,,,,,,,,,,,,,,,
,,,,,,,PCCL,Small Cap,,,,,,,,,,,,,,,,,
,,,,,,,ABSMARINE,Small Cap,,,,,,,,,,,,,,,,,
,,,,,,,517166,Small Cap,,,,,,,,,,,,,,,,,
,,,,,,,UNIHEALTH,Small Cap,,,,,,,,,,,,,,,,,
,,,,,,,CHEMCON,Small Cap,,,,,,,,,,,,,,,,,
,,,,,,,SAHANA,Small Cap,,,,,,,,,,,,,,,,,
,,,,,,,DBOL,Small Cap,,,,,,,,,,,,,,,,,
,,,,,,,538563,Small Cap,,,,,,,,,,,,,,,,,
,,,,,,,ADSL,Small Cap,,,,,,,,,,,,,,,,,
,,,,,,,TRANSPEK,Small Cap,,,,,,,,,,,,,,,,,
,,,,,,,KAMDHENU,Small Cap,,,,,,,,,,,,,,,,,
,,,,,,,UTSSAV,Small Cap,,,,,,,,,,,,,,,,,
,,,,,,,PRIZOR,Small Cap,,,,,,,,,,,,,,,,,
,,,,,,,SADHNANIQ,Small Cap,,,,,,,,,,,,,,,,,
,,,,,,,FABTECH,Small Cap,,,,,,,,,,,,,,,,,
,,,,,,,STCINDIA,Small Cap,,,,,,,,,,,,,,,,,
,,,,,,,KUANTUM,Small Cap,,,,,,,,,,,,,,,,,
,,,,,,,DMCC,Small Cap,,,,,,,,,,,,,,,,,
,,,,,,,SARTELE,Small Cap,,,,,,,,,,,,,,,,,
,,,,,,,MUKKA,Small Cap,,,,,,,,,,,,,,,,,
,,,,,,,20MICRONS,Small Cap,,,,,,,,,,,,,,,,,
,,,,,,,APS,Small Cap,,,,,,,,,,,,,,,,,
,,,,,,,GEECEE,Small Cap,,,,,,,,,,,,,,,,,
,,,,,,,SHRIAHIMSA,Small Cap,,,,,,,,,,,,,,,,,
,,,,,,,JAYAGROGN,Small Cap,,,,,,,,,,,,,,,,,
,,,,,,,523160,Small Cap,,,,,,,,,,,,,,,,,
,,,,,,,506597,Small Cap,,,,,,,,,,,,,,,,,
,,,,,,,PRAVEG,Small Cap,,,,,,,,,,,,,,,,,
,,,,,,,CCCL,Small Cap,,,,,,,,,,,,,,,,,
,,,,,,,ARROWGREEN,Small Cap,,,,,,,,,,,,,,,,,
,,,,,,,WELINV,Small Cap,,,,,,,,,,,,,,,,,
,,,,,,,543926,Small Cap,,,,,,,,,,,,,,,,,
,,,,,,,SAURASHCEM,Small Cap,,,,,,,,,,,,,,,,,
,,,,,,,PVP,Small Cap,,,,,,,,,,,,,,,,,
,,,,,,,ATL,Small Cap,,,,,,,,,,,,,,,,,
,,,,,,,KSOLVES,Small Cap,,,,,,,,,,,,,,,,,
,,,,,,,MODISONLTD,Small Cap,,,,,,,,,,,,,,,,,
,,,,,,,IRISDOREME,Small Cap,,,,,,,,,,,,,,,,,
,,,,,,,ADVANCE,Small Cap,,,,,,,,,,,,,,,,,
,,,,,,,MODIS,Small Cap,,,,,,,,,,,,,,,,,
,,,,,,,RADHIKAJWE,Small Cap,,,,,,,,,,,,,,,,,
,,,,,,,543895,Small Cap,,,,,,,,,,,,,,,,,
,,,,,,,BHAGERIA,Small Cap,,,,,,,,,,,,,,,,,
,,,,,,,SWARAJ,Small Cap,,,,,,,,,,,,,,,,,
,,,,,,,522122,Small Cap,,,,,,,,,,,,,,,,,
,,,,,,,511634,Small Cap,,,,,,,,,,,,,,,,,
,,,,,,,532893,Small Cap,,,,,,,,,,,,,,,,,
,,,,,,,PATELRMART,Small Cap,,,,,,,,,,,,,,,,,
,,,,,,,MAGADSUGAR,Small Cap,,,,,,,,,,,,,,,,,
,,,,,,,CHEVIOT,Small Cap,,,,,,,,,,,,,,,,,
,,,,,,,507155,Small Cap,,,,,,,,,,,,,,,,,
,,,,,,,FEDDERSHOL,Small Cap,,,,,,,,,,,,,,,,,
,,,,,,,EVERESTIND,Small Cap,,,,,,,,,,,,,,,,,
,,,,,,,FOCE,Small Cap,,,,,,,,,,,,,,,,,
,,,,,,,506808,Small Cap,,,,,,,,,,,,,,,,,
,,,,,,,TVTODAY,Small Cap,,,,,,,,,,,,,,,,,
,,,,,,,MINDTECK,Small Cap,,,,,,,,,,,,,,,,,
,,,,,,,APTECHT,Small Cap,,,,,,,,,,,,,,,,,
,,,,,,,OSWALGREEN,Small Cap,,,,,,,,,,,,,,,,,
,,,,,,,KILITCH,Small Cap,,,,,,,,,,,,,,,,,
,,,,,,,OMPOWER,Small Cap,,,,,,,,,,,,,,,,,
,,,,,,,BESTAGRO,Small Cap,,,,,,,,,,,,,,,,,
,,,,,,,531771,Small Cap,,,,,,,,,,,,,,,,,
,,,,,,,ZFSTEERING,Small Cap,,,,,,,,,,,,,,,,,
,,,,,,,SVLL,Small Cap,,,,,,,,,,,,,,,,,
,,,,,,,VISAKAIND,Small Cap,,,,,,,,,,,,,,,,,
,,,,,,,GLOTTIS,Small Cap,,,,,,,,,,,,,,,,,
,,,,,,,MALLCOM,Small Cap,,,,,,,,,,,,,,,,,
,,,,,,,DISHTV,Small Cap,,,,,,,,,,,,,,,,,
,,,,,,,540717,Small Cap,,,,,,,,,,,,,,,,,
,,,,,,,SNOWMAN,Small Cap,,,,,,,,,,,,,,,,,
,,,,,,,AGARIND,Small Cap,,,,,,,,,,,,,,,,,
,,,,,,,SUPREMEPWR,Small Cap,,,,,,,,,,,,,,,,,
,,,,,,,PYRAMID,Small Cap,,,,,,,,,,,,,,,,,
,,,,,,,INDOFARM,Small Cap,,,,,,,,,,,,,,,,,
,,,,,,,SUNLITE,Small Cap,,,,,,,,,,,,,,,,,
,,,,,,,SUBEXLTD,Small Cap,,,,,,,,,,,,,,,,,
,,,,,,,INVPRECQ,Small Cap,,,,,,,,,,,,,,,,,
,,,,,,,543378,Small Cap,,,,,,,,,,,,,,,,,
,,,,,,,BAHETI,Small Cap,,,,,,,,,,,,,,,,,
,,,,,,,519421,Small Cap,,,,,,,,,,,,,,,,,
,,,,,,,544681,Small Cap,,,,,,,,,,,,,,,,,
,,,,,,,NAHARPOLY,Small Cap,,,,,,,,,,,,,,,,,
,,,,,,,522134,Small Cap,,,,,,,,,,,,,,,,,
,,,,,,,SHINDL,Small Cap,,,,,,,,,,,,,,,,,
,,,,,,,LEMERITE,Small Cap,,,,,,,,,,,,,,,,,
,,,,,,,COMSYN,Small Cap,,,,,,,,,,,,,,,,,
,,,,,,,EFFWA,Small Cap,,,,,,,,,,,,,,,,,
,,,,,,,OSWALAGRO,Small Cap,,,,,,,,,,,,,,,,,
,,,,,,,ONWARDTEC,Small Cap,,,,,,,,,,,,,,,,,
,,,,,,,HALDYNGL,Small Cap,,,,,,,,,,,,,,,,,
,,,,,,,MODINATUR,Small Cap,,,,,,,,,,,,,,,,,
,,,,,,,SUKHJITS,Small Cap,,,,,,,,,,,,,,,,,
,,,,,,,SCHAND,Small Cap,,,,,,,,,,,,,,,,,
,,,,,,,BASILIC,Small Cap,,,,,,,,,,,,,,,,,
,,,,,,,TREL,Small Cap,,,,,,,,,,,,,,,,,
,,,,,,,SHREERAMA,Small Cap,,,,,,,,,,,,,,,,,
,,,,,,,PARTH,Small Cap,,,,,,,,,,,,,,,,,
,,,,,,,LINC,Small Cap,,,,,,,,,,,,,,,,,
,,,,,,,513511,Small Cap,,,,,,,,,,,,,,,,,
,,,,,,,ELIN,Small Cap,,,,,,,,,,,,,,,,,
,,,,,,,LAXMIINDIA,Small Cap,,,,,,,,,,,,,,,,,
,,,,,,,EMKAY,Small Cap,,,,,,,,,,,,,,,,,
,,,,,,,EIFFL,Small Cap,,,,,,,,,,,,,,,,,
,,,,,,,AMCL,Small Cap,,,,,,,,,,,,,,,,,
,,,,,,,CHEMFAB,Small Cap,,,,,,,,,,,,,,,,,
,,,,,,,544267,Small Cap,,,,,,,,,,,,,,,,,
,,,,,,,SUTLEJTEX,Small Cap,,,,,,,,,,,,,,,,,
,,,,,,,SATIA,Small Cap,,,,,,,,,,,,,,,,,
,,,,,,,DAVANGERE,Small Cap,,,,,,,,,,,,,,,,,
,,,,,,,504731,Small Cap,,,,,,,,,,,,,,,,,
,,,,,,,PREMIERPOL,Small Cap,,,,,,,,,,,,,,,,,
,,,,,,,CEWATER,Small Cap,,,,,,,,,,,,,,,,,
,,,,,,,HINDCOMPOS,Small Cap,,,,,,,,,,,,,,,,,
,,,,,,,NBIFIN,Small Cap,,,,,,,,,,,,,,,,,
,,,,,,,531357,Small Cap,,,,,,,,,,,,,,,,,
,,,,,,,CHANDAN,Small Cap,,,,,,,,,,,,,,,,,
,,,,,,,SOFTTECH,Small Cap,,,,,,,,,,,,,,,,,
,,,,,,,531191,Small Cap,,,,,,,,,,,,,,,,,
,,,,,,,531889,Small Cap,,,,,,,,,,,,,,,,,
,,,,,,,OCCLLTD,Small Cap,,,,,,,,,,,,,,,,,
,,,,,,,URJA,Small Cap,,,,,,,,,,,,,,,,,
,,,,,,,MUFTI,Small Cap,,,,,,,,,,,,,,,,,
,,,,,,,543373,Small Cap,,,,,,,,,,,,,,,,,
,,,,,,,509525,Small Cap,,,,,,,,,,,,,,,,,
,,,,,,,FOCUS,Small Cap,,,,,,,,,,,,,,,,,
,,,,,,,535667,Small Cap,,,,,,,,,,,,,,,,,
,,,,,,,PROV,Small Cap,,,,,,,,,,,,,,,,,
,,,,,,,MUNJALSHOW,Small Cap,,,,,,,,,,,,,,,,,
,,,,,,,PENINLAND,Small Cap,,,,,,,,,,,,,,,,,
,,,,,,,PANACHE,Small Cap,,,,,,,,,,,,,,,,,
,,,,,,,539195,Small Cap,,,,,,,,,,,,,,,,,
,,,,,,,533285,Small Cap,,,,,,,,,,,,,,,,,
,,,,,,,505703,Small Cap,,,,,,,,,,,,,,,,,
,,,,,,,INFLUX,Small Cap,,,,,,,,,,,,,,,,,
,,,,,,,LOKESHMACH,Small Cap,,,,,,,,,,,,,,,,,
,,,,,,,REPRO,Small Cap,,,,,,,,,,,,,,,,,
,,,,,,,ONMOBILE,Small Cap,,,,,,,,,,,,,,,,,
,,,,,,,512025,Small Cap,,,,,,,,,,,,,,,,,
,,,,,,,SPECIALITY,Small Cap,,,,,,,,,,,,,,,,,
,,,,,,,CSLFINANCE,Small Cap,,,,,,,,,,,,,,,,,
,,,,,,,NILE,Small Cap,,,,,,,,,,,,,,,,,
,,,,,,,IRIS,Small Cap,,,,,,,,,,,,,,,,,
,,,,,,,543916,Small Cap,,,,,,,,,,,,,,,,,
,,,,,,,MANBA,Small Cap,,,,,,,,,,,,,,,,,
,,,,,,,BMWVENTLTD,Small Cap,,,,,,,,,,,,,,,,,
,,,,,,,500240,Small Cap,,,,,,,,,,,,,,,,,
,,,,,,,544504,Small Cap,,,,,,,,,,,,,,,,,
,,,,,,,KHAICHEM,Small Cap,,,,,,,,,,,,,,,,,
,,,,,,,DHUNINV,Small Cap,,,,,,,,,,,,,,,,,
,,,,,,,ZIMLAB,Small Cap,,,,,,,,,,,,,,,,,
,,,,,,,COFFEEDAY,Small Cap,,,,,,,,,,,,,,,,,
,,,,,,,CHEMBONDCH,Small Cap,,,,,,,,,,,,,,,,,
,,,,,,,512453,Small Cap,,,,,,,,,,,,,,,,,
,,,,,,,PRIMO,Small Cap,,,,,,,,,,,,,,,,,
,,,,,,,517286,Small Cap,,,,,,,,,,,,,,,,,
,,,,,,,514336,Small Cap,,,,,,,,,,,,,,,,,
,,,,,,,532011,Small Cap,,,,,,,,,,,,,,,,,
,,,,,,,TIRUPATIFL,Small Cap,,,,,,,,,,,,,,,,,
,,,,,,,FRESHARA,Small Cap,,,,,,,,,,,,,,,,,
,,,,,,,513544,Small Cap,,,,,,,,,,,,,,,,,
,,,,,,,HLVLTD,Small Cap,,,,,,,,,,,,,,,,,
,,,,,,,KRMAYURVED,Small Cap,,,,,,,,,,,,,,,,,
,,,,,,,GFLLIMITED,Small Cap,,,,,,,,,,,,,,,,,
,,,,,,,ORIENTBELL,Small Cap,,,,,,,,,,,,,,,,,
,,,,,,,GPECO,Small Cap,,,,,,,,,,,,,,,,,
,,,,,,,ENIL,Small Cap,,,,,,,,,,,,,,,,,
,,,,,,,533407,Small Cap,,,,,,,,,,,,,,,,,
,,,,,,,DCMSIL,Small Cap,,,,,,,,,,,,,,,,,
,,,,,,,502958,Small Cap,,,,,,,,,,,,,,,,,
,,,,,,,539518,Small Cap,,,,,,,,,,,,,,,,,
,,,,,,,505978,Small Cap,,,,,,,,,,,,,,,,,
,,,,,,,THEINVEST,Small Cap,,,,,,,,,,,,,,,,,
,,,,,,,SICALLOG,Small Cap,,,,,,,,,,,,,,,,,
,,,,,,,DCMSRIND,Small Cap,,,,,,,,,,,,,,,,,
,,,,,,,GLOBAL,Small Cap,,,,,,,,,,,,,,,,,
,,,,,,,524731,Small Cap,,,,,,,,,,,,,,,,,
,,,,,,,BLACKROSE,Small Cap,,,,,,,,,,,,,,,,,
,,,,,,,VPRPL,Small Cap,,,,,,,,,,,,,,,,,
,,,,,,,532323,Small Cap,,,,,,,,,,,,,,,,,
,,,,,,,AMANTA,Small Cap,,,,,,,,,,,,,,,,,
,,,,,,,PASUPTAC,Small Cap,,,,,,,,,,,,,,,,,
,,,,,,,HTMEDIA,Small Cap,,,,,,,,,,,,,,,,,
,,,,,,,512062,Small Cap,,,,,,,,,,,,,,,,,
,,,,,,,540693,Small Cap,,,,,,,,,,,,,,,,,
,,,,,,,WSI,Small Cap,,,,,,,,,,,,,,,,,
,,,,,,,NAMOEWASTE,Small Cap,,,,,,,,,,,,,,,,,
,,,,,,,NILASPACES,Small Cap,,,,,,,,,,,,,,,,,
,,,,,,,ACL,Small Cap,,,,,,,,,,,,,,,,,
,,,,,,,GUJAPOLLO,Small Cap,,,,,,,,,,,,,,,,,
,,,,,,,MONEYBOXX,Small Cap,,,,,,,,,,,,,,,,,
,,,,,,,531359,Small Cap,,,,,,,,,,,,,,,,,
,,,,,,,KRONOX,Small Cap,,,,,,,,,,,,,,,,,
,,,,,,,544524,Small Cap,,,,,,,,,,,,,,,,,
,,,,,,,506528,Small Cap,,,,,,,,,,,,,,,,,
,,,,,,,VISHAL,Small Cap,,,,,,,,,,,,,,,,,
,,,,,,,KANPRPLA,Small Cap,,,,,,,,,,,,,,,,,
,,,,,,,TPLPLASTEH,Small Cap,,,,,,,,,,,,,,,,,
,,,,,,,HALEOSLABS,Small Cap,,,,,,,,,,,,,,,,,
,,,,,,,PTL,Small Cap,,,,,,,,,,,,,,,,,
,,,,,,,BIRLACABLE,Small Cap,,,,,,,,,,,,,,,,,
,,,,,,,ZEEMEDIA,Small Cap,,,,,,,,,,,,,,,,,
,,,,,,,530477,Small Cap,,,,,,,,,,,,,,,,,
,,,,,,,517449,Small Cap,,,,,,,,,,,,,,,,,
,,,,,,,538716,Small Cap,,,,,,,,,,,,,,,,,
,,,,,,,524480,Small Cap,,,,,,,,,,,,,,,,,
,,,,,,,PANSARI,Small Cap,,,,,,,,,,,,,,,,,
,,,,,,,RKSWAMY,Small Cap,,,,,,,,,,,,,,,,,
,,,,,,,INTLCONV,Small Cap,,,,,,,,,,,,,,,,,
,,,,,,,RBZJEWEL,Small Cap,,,,,,,,,,,,,,,,,
,,,,,,,TIRUPATI,Small Cap,,,,,,,,,,,,,,,,,
,,,,,,,SAYAJIHOTL,Small Cap,,,,,,,,,,,,,,,,,
,,,,,,,ADVANIHOTR,Small Cap,,,,,,,,,,,,,,,,,
,,,,,,,544451,Small Cap,,,,,,,,,,,,,,,,,
,,,,,,,VINYLINDIA,Small Cap,,,,,,,,,,,,,,,,,
,,,,,,,MANORG,Small Cap,,,,,,,,,,,,,,,,,
,,,,,,,544296,Small Cap,,,,,,,,,,,,,,,,,
,,,,,,,ABMKNO,Small Cap,,,,,,,,,,,,,,,,,
,,,,,,,SJLOGISTIC,Small Cap,,,,,,,,,,,,,,,,,
,,,,,,,ESSARSHPNG,Small Cap,,,,,,,,,,,,,,,,,
,,,,,,,535693,Small Cap,,,,,,,,,,,,,,,,,
,,,,,,,TECHD,Small Cap,,,,,,,,,,,,,,,,,
,,,,,,,KAMATHOTEL,Small Cap,,,,,,,,,,,,,,,,,
,,,,,,,OMAXAUTO,Small Cap,,,,,,,,,,,,,,,,,
,,,,,,,523105,Small Cap,,,,,,,,,,,,,,,,,
,,,,,,,544462,Small Cap,,,,,,,,,,,,,,,,,
,,,,,,,NAHARINDUS,Small Cap,,,,,,,,,,,,,,,,,
,,,,,,,ORIENTCER,Small Cap,,,,,,,,,,,,,,,,,
,,,,,,,GVKPIL,Small Cap,,,,,,,,,,,,,,,,,
,,,,,,,ZODIAC,Small Cap,,,,,,,,,,,,,,,,,
,,,,,,,EMAMIPAP,Small Cap,,,,,,,,,,,,,,,,,
,,,,,,,VINSYS,Small Cap,,,,,,,,,,,,,,,,,
,,,,,,,PPL,Small Cap,,,,,,,,,,,,,,,,,
,,,,,,,544541,Small Cap,,,,,,,,,,,,,,,,,
,,,,,,,KNAGRI,Small Cap,,,,,,,,,,,,,,,,,
,,,,,,,DICIND,Small Cap,,,,,,,,,,,,,,,,,
,,,,,,,504176,Small Cap,,,,,,,,,,,,,,,,,
,,,,,,,538772,Small Cap,,,,,,,,,,,,,,,,,
,,,,,,,544091,Small Cap,,,,,,,,,,,,,,,,,
,,,,,,,536974,Small Cap,,,,,,,,,,,,,,,,,
,,,,,,,KRITINUT,Small Cap,,,,,,,,,,,,,,,,,
,,,,,,,ABCOTS,Small Cap,,,,,,,,,,,,,,,,,
,,,,,,,543363,Small Cap,,,,,,,,,,,,,,,,,
,,,,,,,523888,Small Cap,,,,,,,,,,,,,,,,,
,,,,,,,DCI,Small Cap,,,,,,,,,,,,,,,,,
,,,,,,,ARIES,Small Cap,,,,,,,,,,,,,,,,,
,,,,,,,UGARSUGAR,Small Cap,,,,,,,,,,,,,,,,,
,,,,,,,INSPIRISYS,Small Cap,,,,,,,,,,,,,,,,,
,,,,,,,UNIVPHOTO,Small Cap,,,,,,,,,,,,,,,,,
,,,,,,,SINGERIND,Small Cap,,,,,,,,,,,,,,,,,
,,,,,,,HMVL,Small Cap,,,,,,,,,,,,,,,,,
,,,,,,,544657,Small Cap,,,,,,,,,,,,,,,,,
,,,,,,,DONEAR,Small Cap,,,,,,,,,,,,,,,,,
,,,,,,,VELJAN,Small Cap,,,,,,,,,,,,,,,,,
,,,,,,,KIRANVYPAR,Small Cap,,,,,,,,,,,,,,,,,
,,,,,,,UNIDT,Small Cap,,,,,,,,,,,,,,,,,
,,,,,,,544584,Small Cap,,,,,,,,,,,,,,,,,
,,,,,,,540652,Small Cap,,,,,,,,,,,,,,,,,
,,,,,,,SHAH,Small Cap,,,,,,,,,,,,,,,,,
,,,,,,,539594,Small Cap,,,,,,,,,,,,,,,,,
,,,,,,,544656,Small Cap,,,,,,,,,,,,,,,,,
,,,,,,,MAXVOLT,Small Cap,,,,,,,,,,,,,,,,,
,,,,,,,RUSHIL,Small Cap,,,,,,,,,,,,,,,,,
,,,,,,,E2ERAIL,Small Cap,,,,,,,,,,,,,,,,,
,,,,,,,531676,Small Cap,,,,,,,,,,,,,,,,,
,,,,,,,CYBERTECH,Small Cap,,,,,,,,,,,,,,,,,
,,,,,,,SARVESHWAR,Small Cap,,,,,,,,,,,,,,,,,
,,,,,,,PLASTIBLEN,Small Cap,,,,,,,,,,,,,,,,,
,,,,,,,544434,Small Cap,,,,,,,,,,,,,,,,,
,,,,,,,544023,Small Cap,,,,,,,,,,,,,,,,,
,,,,,,,EUROBOND,Small Cap,,,,,,,,,,,,,,,,,
,,,,,,,521113,Small Cap,,,,,,,,,,,,,,,,,
,,,,,,,EMAMIREAL,Small Cap,,,,,,,,,,,,,,,,,
,,,,,,,S&SPOWER,Small Cap,,,,,,,,,,,,,,,,,
,,,,,,,GICL,Small Cap,,,,,,,,,,,,,,,,,
,,,,,,,DIGISPICE,Small Cap,,,,,,,,,,,,,,,,,
,,,,,,,MANAKSTEEL,Small Cap,,,,,,,,,,,,,,,,,
,,,,,,,SRGHFL,Small Cap,,,,,,,,,,,,,,,,,
,,,,,,,KOTYARK,Small Cap,,,,,,,,,,,,,,,,,
,,,,,,,SILINV,Small Cap,,,,,,,,,,,,,,,,,
,,,,,,,544518,Small Cap,,,,,,,,,,,,,,,,,
,,,,,,,VISHNUINFR,Small Cap,,,,,,,,,,,,,,,,,
,,,,,,,ATMASTCO,Small Cap,,,,,,,,,,,,,,,,,
,,,,,,,530145,Small Cap,,,,,,,,,,,,,,,,,
,,,,,,,544141,Small Cap,,,,,,,,,,,,,,,,,
,,,,,,,542012,Small Cap,,,,,,,,,,,,,,,,,
,,,,,,,NEPTUNE,Small Cap,,,,,,,,,,,,,,,,,
,,,,,,,SBGLP,Small Cap,,,,,,,,,,,,,,,,,
,,,,,,,SREEL,Small Cap,,,,,,,,,,,,,,,,,
,,,,,,,RADIANTCMS,Small Cap,,,,,,,,,,,,,,,,,
,,,,,,,544001,Small Cap,,,,,,,,,,,,,,,,,
,,,,,,,512229,Small Cap,,,,,,,,,,,,,,,,,
,,,,,,,SCPL,Small Cap,,,,,,,,,,,,,,,,,
,,,,,,,544332,Small Cap,,,,,,,,,,,,,,,,,
,,,,,,,TAKE,Small Cap,,,,,,,,,,,,,,,,,
,,,,,,,XTGLOBAL,Small Cap,,,,,,,,,,,,,,,,,
,,,,,,,TARACHAND,Small Cap,,,,,,,,,,,,,,,,,
,,,,,,,NDLVENTURE,Small Cap,,,,,,,,,,,,,,,,,
,,,,,,,KOTHARIPRO,Small Cap,,,,,,,,,,,,,,,,,
,,,,,,,MGEL,Small Cap,,,,,,,,,,,,,,,,,
,,,,,,,SHIVAUM,Small Cap,,,,,,,,,,,,,,,,,
,,,,,,,ORBTEXP,Small Cap,,,,,,,,,,,,,,,,,
,,,,,,,SURAJLTD,Small Cap,,,,,,,,,,,,,,,,,
,,,,,,,532829,Small Cap,,,,,,,,,,,,,,,,,
,,,,,,,RAMAPHO,Small Cap,,,,,,,,,,,,,,,,,
,,,,,,,BANSWRAS,Small Cap,,,,,,,,,,,,,,,,,
,,,,,,,NAHARCAP,Small Cap,,,,,,,,,,,,,,,,,
,,,,,,,MIRZAINT,Small Cap,,,,,,,,,,,,,,,,,
,,,,,,,RUBFILA,Small Cap,,,,,,,,,,,,,,,,,
,,,,,,,TERASOFT,Small Cap,,,,,,,,,,,,,,,,,
,,,,,,,LIBERTSHOE,Small Cap,,,,,,,,,,,,,,,,,
,,,,,,,502865,Small Cap,,,,,,,,,,,,,,,,,
,,,,,,,SHALPAINTS,Small Cap,,,,,,,,,,,,,,,,,
,,,,,,,RAMANEWS,Small Cap,,,,,,,,,,,,,,,,,
,,,,,,,NIMBSPROJ,Small Cap,,,,,,,,,,,,,,,,,
,,,,,,,VALIANTLAB,Small Cap,,,,,,,,,,,,,,,,,
,,,,,,,MAZDA,Small Cap,,,,,,,,,,,,,,,,,
,,,,,,,MEGATHERM,Small Cap,,,,,,,,,,,,,,,,,
,,,,,,,CONNPLEX,Small Cap,,,,,,,,,,,,,,,,,
,,,,,,,541358,Small Cap,,,,,,,,,,,,,,,,,
,,,,,,,544189,Small Cap,,,,,,,,,,,,,,,,,
,,,,,,,TOLINS,Small Cap,,,,,,,,,,,,,,,,,
,,,,,,,DIVINEHIRA,Small Cap,,,,,,,,,,,,,,,,,
,,,,,,,523558,Small Cap,,,,,,,,,,,,,,,,,
,,,,,,,SHIVALIK,Small Cap,,,,,,,,,,,,,,,,,
,,,,,,,WIMPLAST,Small Cap,,,,,,,,,,,,,,,,,
,,,,,,,SHERA,Small Cap,,,,,,,,,,,,,,,,,
,,,,,,,RMC,Small Cap,,,,,,,,,,,,,,,,,
,,,,,,,PATILAUTOM,Small Cap,,,,,,,,,,,,,,,,,
,,,,,,,543464,Small Cap,,,,,,,,,,,,,,,,,
,,,,,,,540199,Small Cap,,,,,,,,,,,,,,,,,
,,,,,,,ALBERTDAVD,Small Cap,,,,,,,,,,,,,,,,,
,,,,,,,526159,Small Cap,,,,,,,,,,,,,,,,,
,,,,,,,KESORAMIND,Small Cap,,,,,,,,,,,,,,,,,
,,,,,,,DREAMFOLKS,Small Cap,,,,,,,,,,,,,,,,,
,,,,,,,AEPL,Small Cap,,,,,,,,,,,,,,,,,
,,,,,,,YAAP,Small Cap,,,,,,,,,,,,,,,,,
,,,,,,,GOKUL,Small Cap,,,,,,,,,,,,,,,,,
,,,,,,,MEDICO,Small Cap,,,,,,,,,,,,,,,,,
,,,,,,,VRAJ,Small Cap,,,,,,,,,,,,,,,,,
,,,,,,,AFIL,Small Cap,,,,,,,,,,,,,,,,,
,,,,,,,526179,Small Cap,,,,,,,,,,,,,,,,,
,,,,,,,MANAKSIA,Small Cap,,,,,,,,,,,,,,,,,
,,,,,,,543782,Small Cap,,,,,,,,,,,,,,,,,
,,,,,,,504028,Small Cap,,,,,,,,,,,,,,,,,
,,,,,,,FOODSIN,Small Cap,,,,,,,,,,,,,,,,,
,,,,,,,SAAKSHI,Small Cap,,,,,,,,,,,,,,,,,
,,,,,,,538715,Small Cap,,,,,,,,,,,,,,,,,
,,,,,,,544354,Small Cap,,,,,,,,,,,,,,,,,
,,,,,,,VERTOZ,Small Cap,,,,,,,,,,,,,,,,,
,,,,,,,PAKKA,Small Cap,,,,,,,,,,,,,,,,,
,,,,,,,GRETEX,Small Cap,,,,,,,,,,,,,,,,,
,,,,,,,544191,Small Cap,,,,,,,,,,,,,,,,,
,,,,,,,MBLINFRA,Small Cap,,,,,,,,,,,,,,,,,
,,,,,,,540492,Small Cap,,,,,,,,,,,,,,,,,
,,,,,,,KANORICHEM,Small Cap,,,,,,,,,,,,,,,,,
,,,,,,,513496,Small Cap,,,,,,,,,,,,,,,,,
,,,,,,,519031,Small Cap,,,,,,,,,,,,,,,,,
,,,,,,,KAVDEFENCE,Small Cap,,,,,,,,,,,,,,,,,
,,,,,,,500399,Small Cap,,,,,,,,,,,,,,,,,
,,,,,,,IGCL,Small Cap,,,,,,,,,,,,,,,,,
,,,,,,,514316,Small Cap,,,,,,,,,,,,,,,,,
,,,,,,,BBTCL,Small Cap,,,,,,,,,,,,,,,,,
,,,,,,,544610,Small Cap,,,,,,,,,,,,,,,,,
,,,,,,,APSISAERO,Small Cap,,,,,,,,,,,,,,,,,
,,,,,,,SIGMA,Small Cap,,,,,,,,,,,,,,,,,
,,,,,,,MAWANASUG,Small Cap,,,,,,,,,,,,,,,,,
,,,,,,,COASTCORP,Small Cap,,,,,,,,,,,,,,,,,
,,,,,,,532329,Small Cap,,,,,,,,,,,,,,,,,
,,,,,,,526443,Small Cap,,,,,,,,,,,,,,,,,
,,,,,,,522650,Small Cap,,,,,,,,,,,,,,,,,
,,,,,,,HARRMALAYA,Small Cap,,,,,,,,,,,,,,,,,
,,,,,,,LORDSCHLO,Small Cap,,,,,,,,,,,,,,,,,
,,,,,,,544611,Small Cap,,,,,,,,,,,,,,,,,
,,,,,,,PURPLEUTED,Small Cap,,,,,,,,,,,,,,,,,
,,,,,,,543943,Small Cap,,,,,,,,,,,,,,,,,
,,,,,,,512595,Small Cap,,,,,,,,,,,,,,,,,
,,,,,,,HERCULES,Small Cap,,,,,,,,,,,,,,,,,
,,,,,,,524634,Small Cap,,,,,,,,,,,,,,,,,
,,,,,,,ORIENTPPR,Small Cap,,,,,,,,,,,,,,,,,
,,,,,,,504240,Small Cap,,,,,,,,,,,,,,,,,
,,,,,,,GINNIFILA,Small Cap,,,,,,,,,,,,,,,,,
,,,,,,,530627,Small Cap,,,,,,,,,,,,,,,,,
,,,,,,,ANLON,Small Cap,,,,,,,,,,,,,,,,,
,,,,,,,HCL-INSYS,Small Cap,,,,,,,,,,,,,,,,,
,,,,,,,NDL,Small Cap,,,,,,,,,,,,,,,,,
,,,,,,,AUTOIND,Small Cap,,,,,,,,,,,,,,,,,
,,,,,,,SINCLAIR,Small Cap,,,,,,,,,,,,,,,,,
,,,,,,,514238,Small Cap,,,,,,,,,,,,,,,,,
,,,,,,,TIGERLOGS,Small Cap,,,,,,,,,,,,,,,,,
,,,,,,,544361,Small Cap,,,,,,,,,,,,,,,,,
,,,,,,,537254,Small Cap,,,,,,,,,,,,,,,,,
,,,,,,,TECHLABS,Small Cap,,,,,,,,,,,,,,,,,
,,,,,,,IL&FSENGG,Small Cap,,,,,,,,,,,,,,,,,
,,,,,,,DENORA,Small Cap,,,,,,,,,,,,,,,,,
,,,,,,,500166,Small Cap,,,,,,,,,,,,,,,,,
,,,,,,,544369,Small Cap,,,,,,,,,,,,,,,,,
,,,,,,,KAYA,Small Cap,,,,,,,,,,,,,,,,,
,,,,,,,544531,Small Cap,,,,,,,,,,,,,,,,,
,,,,,,,GIRIRAJ,Small Cap,,,,,,,,,,,,,,,,,
,,,,,,,513472,Small Cap,,,,,,,,,,,,,,,,,
,,,,,,,RUCHIRA,Small Cap,,,,,,,,,,,,,,,,,
,,,,,,,THOMASCOTT,Small Cap,,,,,,,,,,,,,,,,,
,,,,,,,BATLIBOI,Small Cap,,,,,,,,,,,,,,,,,
,,,,,,,NRL,Small Cap,,,,,,,,,,,,,,,,,
,,,,,,,544347,Small Cap,,,,,,,,,,,,,,,,,
,,,,,,,SHETHJI,Small Cap,,,,,,,,,,,,,,,,,
,,,,,,,ATALREAL,Small Cap,,,,,,,,,,,,,,,,,
,,,,,,,MARKOLINES,Small Cap,,,,,,,,,,,,,,,,,
,,,,,,,GOACARBON,Small Cap,,,,,,,,,,,,,,,,,
,,,,,,,544346,Small Cap,,,,,,,,,,,,,,,,,
,,,,,,,IITL,Small Cap,,,,,,,,,,,,,,,,,
,,,,,,,IWARE,Small Cap,,,,,,,,,,,,,,,,,
,,,,,,,MEDICAMEQ,Small Cap,,,,,,,,,,,,,,,,,
,,,,,,,KRITI,Small Cap,,,,,,,,,,,,,,,,,
,,,,,,,513252,Small Cap,,,,,,,,,,,,,,,,,
,,,,,,,532070,Small Cap,,,,,,,,,,,,,,,,,
,,,,,,,RBMINFRA,Small Cap,,,,,,,,,,,,,,,,,
,,,,,,,544670,Small Cap,,,,,,,,,,,,,,,,,
,,,,,,,540796,Small Cap,,,,,,,,,,,,,,,,,
,,,,,,,3IINFOLTD,Small Cap,,,,,,,,,,,,,,,,,
,,,,,,,HINDMOTORS,Small Cap,,,,,,,,,,,,,,,,,
,,,,,,,RPPINFRA,Small Cap,,,,,,,,,,,,,,,,,
,,,,,,,TICL,Small Cap,,,,,,,,,,,,,,,,,
,,,,,,,544626,Small Cap,,,,,,,,,,,,,,,,,
,,,,,,,APCL,Small Cap,,,,,,,,,,,,,,,,,
,,,,,,,DBEIL,Small Cap,,,,,,,,,,,,,,,,,
,,,,,,,GANESHIN,Small Cap,,,,,,,,,,,,,,,,,
,,,,,,,MOS,Small Cap,,,,,,,,,,,,,,,,,
,,,,,,,538987,Small Cap,,,,,,,,,,,,,,,,,
,,,,,,,TRACXN,Small Cap,,,,,,,,,,,,,,,,,
,,,,,,,MANCREDIT,Small Cap,,,,,,,,,,,,,,,,,
,,,,,,,500298,Small Cap,,,,,,,,,,,,,,,,,
,,,,,,,TREJHARA,Small Cap,,,,,,,,,,,,,,,,,
,,,,,,,534733,Small Cap,,,,,,,,,,,,,,,,,
,,,,,,,544295,Small Cap,,,,,,,,,,,,,,,,,
,,,,,,,ENCOMPAS,Small Cap,,,,,,,,,,,,,,,,,
,,,,,,,TRANSWORLD,Small Cap,,,,,,,,,,,,,,,,,
,,,,,,,TANKUP,Small Cap,,,,,,,,,,,,,,,,,
,,,,,,,AVANA,Small Cap,,,,,,,,,,,,,,,,,
,,,,,,,526873,Small Cap,,,,,,,,,,,,,,,,,
,,,,,,,SETCO,Small Cap,,,,,,,,,,,,,,,,,
,,,,,,,504959,Small Cap,,,,,,,,,,,,,,,,,
,,,,,,,HIGREEN,Small Cap,,,,,,,,,,,,,,,,,
,,,,,,,MAJESAUT,Small Cap,,,,,,,,,,,,,,,,,
,,,,,,,DEVX,Small Cap,,,,,,,,,,,,,,,,,
,,,,,,,542770,Small Cap,,,,,,,,,,,,,,,,,
,,,,,,,522017,Small Cap,,,,,,,,,,,,,,,,,
,,,,,,,ATLANTAA,Small Cap,,,,,,,,,,,,,,,,,
,,,,,,,HILINFRA,Small Cap,,,,,,,,,,,,,,,,,
,,,,,,,BEDMUTHA,Small Cap,,,,,,,,,,,,,,,,,
,,,,,,,544205,Small Cap,,,,,,,,,,,,,,,,,
,,,,,,,VARDHACRLC,Small Cap,,,,,,,,,,,,,,,,,
,,,,,,,MOLDTECH,Small Cap,,,,,,,,,,,,,,,,,
,,,,,,,526961,Small Cap,,,,,,,,,,,,,,,,,
,,,,,,,531364,Small Cap,,,,,,,,,,,,,,,,,
,,,,,,,CGRAPHICS,Small Cap,,,,,,,,,,,,,,,,,
,,,,,,,SOMATEX,Small Cap,,,,,,,,,,,,,,,,,
,,,,,,,531537,Small Cap,,,,,,,,,,,,,,,,,
,,,,,,,LANCER,Small Cap,,,,,,,,,,,,,,,,,
,,,,,,,504398,Small Cap,,,,,,,,,,,,,,,,,
,,,,,,,FELIX,Small Cap,,,,,,,,,,,,,,,,,
,,,,,,,530197,Small Cap,,,,,,,,,,,,,,,,,
,,,,,,,539927,Small Cap,,,,,,,,,,,,,,,,,
,,,,,,,544272,Small Cap,,,,,,,,,,,,,,,,,
,,,,,,,SHEETAL,Small Cap,,,,,,,,,,,,,,,,,
,,,,,,,APRAMEYA,Small Cap,,,,,,,,,,,,,,,,,
,,,,,,,540956,Small Cap,,,,,,,,,,,,,,,,,
,,,,,,,DJML,Small Cap,,,,,,,,,,,,,,,,,
,,,,,,,SPENCERS,Small Cap,,,,,,,,,,,,,,,,,
,,,,,,,MUTHOOTCAP,Small Cap,,,,,,,,,,,,,,,,,
,,,,,,,VGINFOTECH,Small Cap,,,,,,,,,,,,,,,,,
,,,,,,,531652,Small Cap,,,,,,,,,,,,,,,,,
,,,,,,,544740,Small Cap,,,,,,,,,,,,,,,,,
,,,,,,,BELLACASA,Small Cap,,,,,,,,,,,,,,,,,
,,,,,,,VGL,Small Cap,,,,,,,,,,,,,,,,,
,,,,,,,AARTISURF,Small Cap,,,,,,,,,,,,,,,,,
,,,,,,,NATHBIOGEN,Small Cap,,,,,,,,,,,,,,,,,
,,,,,,,SYSTANGO,Small Cap,,,,,,,,,,,,,,,,,
,,,,,,,SAHYADRI,Small Cap,,,,,,,,,,,,,,,,,
,,,,,,,500012,Small Cap,,,,,,,,,,,,,,,,,
,,,,,,,INFINIUM,Small Cap,,,,,,,,,,,,,,,,,
,,,,,,,MODIRUBBER,Small Cap,,,,,,,,,,,,,,,,,
,,,,,,,MAHEPC,Small Cap,,,,,,,,,,,,,,,,,
,,,,,,,SAVY,Small Cap,,,,,,,,,,,,,,,,,
,,,,,,,HPAL,Small Cap,,,,,,,,,,,,,,,,,
,,,,,,,ADISOFT,Small Cap,,,,,,,,,,,,,,,,,
,,,,,,,530219,Small Cap,,,,,,,,,,,,,,,,,
,,,,,,,ALLETEC,Small Cap,,,,,,,,,,,,,,,,,
,,,,,,,RHL,Small Cap,,,,,,,,,,,,,,,,,
,,,,,,,YASHOPTICS,Small Cap,,,,,,,,,,,,,,,,,
,,,,,,,MANOMAY,Small Cap,,,,,,,,,,,,,,,,,
,,,,,,,GENUSPAPER,Small Cap,,,,,,,,,,,,,,,,,
,,,,,,,544453,Small Cap,,,,,,,,,,,,,,,,,
,,,,,,,MEGASTAR,Small Cap,,,,,,,,,,,,,,,,,
,,,,,,,538786,Small Cap,,,,,,,,,,,,,,,,,
,,,,,,,id,Small Cap,,,,,,,,,,,,,,,,,
,,,,,,,REMSONSIND,Small Cap,,,,,,,,,,,,,,,,,
,,,,,,,544695,Small Cap,,,,,,,,,,,,,,,,,
,,,,,,,539546,Small Cap,,,,,,,,,,,,,,,,,
,,,,,,,541741,Small Cap,,,,,,,,,,,,,,,,,
,,,,,,,JKIPL,Small Cap,,,,,,,,,,,,,,,,,
,,,,,,,539834,Small Cap,,,,,,,,,,,,,,,,,
,,,,,,,SAHAJSOLAR,Small Cap,,,,,,,,,,,,,,,,,
,,,,,,,543806,Small Cap,,,,,,,,,,,,,,,,,
,,,,,,,540082,Small Cap,,,,,,,,,,,,,,,,,
,,,,,,,526721,Small Cap,,,,,,,,,,,,,,,,,
,,,,,,,ARHAM,Small Cap,,,,,,,,,,,,,,,,,
,,,,,,,CPEDU,Small Cap,,,,,,,,,,,,,,,,,
,,,,,,,AVONMORE,Small Cap,,,,,,,,,,,,,,,,,
,,,,,,,BIRLAPREC,Small Cap,,,,,,,,,,,,,,,,,
,,,,,,,BAFNAPH,Small Cap,,,,,,,,,,,,,,,,,
,,,,,,,NILAINFRA,Small Cap,,,,,,,,,,,,,,,,,
,,,,,,,SUBAHOTELS,Small Cap,,,,,,,,,,,,,,,,,
,,,,,,,544551,Small Cap,,,,,,,,,,,,,,,,,
,,,,,,,544213,Small Cap,,,,,,,,,,,,,,,,,
,,,,,,,540728,Small Cap,,,,,,,,,,,,,,,,,
,,,,,,,512399,Small Cap,,,,,,,,,,,,,,,,,
,,,,,,,524622,Small Cap,,,,,,,,,,,,,,,,,
,,,,,,,532016,Small Cap,,,,,,,,,,,,,,,,,
,,,,,,,HPTL,Small Cap,,,,,,,,,,,,,,,,,
,,,,,,,544080,Small Cap,,,,,,,,,,,,,,,,,
,,,,,,,PHANTOMFX,Small Cap,,,,,,,,,,,,,,,,,
,,,,,,,539479,Small Cap,,,,,,,,,,,,,,,,,
,,,,,,,BRANDMAN,Small Cap,,,,,,,,,,,,,,,,,
,,,,,,,512026,Small Cap,,,,,,,,,,,,,,,,,
,,,,,,,539132,Small Cap,,,,,,,,,,,,,,,,,
,,,,,,,APOLSINHOT,Small Cap,,,,,,,,,,,,,,,,,
,,,,,,,543746,Small Cap,,,,,,,,,,,,,,,,,
,,,,,,,ESFL,Small Cap,,,,,,,,,,,,,,,,,
,,,,,,,VARDMNPOLY,Small Cap,,,,,,,,,,,,,,,,,
,,,,,,,514324,Small Cap,,,,,,,,,,,,,,,,,
,,,,,,,CMNL,Small Cap,,,,,,,,,,,,,,,,,
,,,,,,,SHREEKARNI,Small Cap,,,,,,,,,,,,,,,,,
,,,,,,,GRCL,Small Cap,,,,,,,,,,,,,,,,,
,,,,,,,JAINAM,Small Cap,,,,,,,,,,,,,,,,,
,,,,,,,DHARIWAL,Small Cap,,,,,,,,,,,,,,,,,
,,,,,,,544529,Small Cap,,,,,,,,,,,,,,,,,
,,,,,,,531739,Small Cap,,,,,,,,,,,,,,,,,
,,,,,,,526071,Small Cap,,,,,,,,,,,,,,,,,
,,,,,,,535916,Small Cap,,,,,,,,,,,,,,,,,
,,,,,,,ANNAPURNA,Small Cap,,,,,,,,,,,,,,,,,
,,,,,,,COMMITTED,Small Cap,,,,,,,,,,,,,,,,,
,,,,,,,544501,Small Cap,,,,,,,,,,,,,,,,,
,,,,,,,CHAVDA,Small Cap,,,,,,,,,,,,,,,,,
,,,,,,,524444,Small Cap,,,,,,,,,,,,,,,,,
,,,,,,,544330,Small Cap,,,,,,,,,,,,,,,,,
,,,,,,,540404,Small Cap,,,,,,,,,,,,,,,,,
,,,,,,,SHANKARA,Small Cap,,,,,,,,,,,,,,,,,
,,,,,,,538537,Small Cap,,,,,,,,,,,,,,,,,
,,,,,,,MENNPIS,Small Cap,,,,,,,,,,,,,,,,,
,,,,,,,SKP,Small Cap,,,,,,,,,,,,,,,,,
,,,,,,,CORDSCABLE,Small Cap,,,,,,,,,,,,,,,,,
,,,,,,,POLYSIL,Small Cap,,,,,,,,,,,,,,,,,
,,,,,,,ASHIMASYN,Small Cap,,,,,,,,,,,,,,,,,
,,,,,,,544440,Small Cap,,,,,,,,,,,,,,,,,
,,,,,,,512600,Small Cap,,,,,,,,,,,,,,,,,
,,,,,,,543616,Small Cap,,,,,,,,,,,,,,,,,
,,,,,,,544248,Small Cap,,,,,,,,,,,,,,,,,
,,,,,,,MASON,Small Cap,,,,,,,,,,,,,,,,,
,,,,,,,TECHERA,Small Cap,,,,,,,,,,,,,,,,,
,,,,,,,MERCANTILE,Small Cap,,,,,,,,,,,,,,,,,
,,,,,,,PSRAJ,Small Cap,,,,,,,,,,,,,,,,,
,,,,,,,OLIL,Small Cap,,,,,,,,,,,,,,,,,
,,,,,,,544684,Small Cap,,,,,,,,,,,,,,,,,
,,,,,,,ECOLINE,Small Cap,,,,,,,,,,,,,,,,,
,,,,,,,PPAP,Small Cap,,,,,,,,,,,,,,,,,
,,,,,,,AXITA,Small Cap,,,,,,,,,,,,,,,,,
,,,,,,,SUNDRMBRAK,Small Cap,,,,,,,,,,,,,,,,,
,,,,,,,RNBDENIMS,Small Cap,,,,,,,,,,,,,,,,,
,,,,,,,SHEMAROO,Small Cap,,,,,,,,,,,,,,,,,
,,,,,,,EXXARO,Small Cap,,,,,,,,,,,,,,,,,
,,,,,,,531237,Small Cap,,,,,,,,,,,,,,,,,
,,,,,,,COOLCAPS,Small Cap,,,,,,,,,,,,,,,,,
,,,,,,,509470,Small Cap,,,,,,,,,,,,,,,,,
,,,,,,,OILCOUNTUB,Small Cap,,,,,,,,,,,,,,,,,
,,,,,,,OMFREIGHT,Small Cap,,,,,,,,,,,,,,,,,
,,,,,,,AVG,Small Cap,,,,,,,,,,,,,,,,,
,,,,,,,PELATRO,Small Cap,,,,,,,,,,,,,,,,,
,,,,,,,530215,Small Cap,,,,,,,,,,,,,,,,,
,,,,,,,500270,Small Cap,,,,,,,,,,,,,,,,,
,,,,,,,PUSHPA,Small Cap,,,,,,,,,,,,,,,,,
,,,,,,,544335,Small Cap,,,,,,,,,,,,,,,,,
,,,,,,,DYNPRO,Small Cap,,,,,,,,,,,,,,,,,
,,,,,,,526407,Small Cap,,,,,,,,,,,,,,,,,
,,,,,,,HITECHCORP,Small Cap,,,,,,,,,,,,,,,,,
,,,,,,,AHLEAST,Small Cap,,,,,,,,,,,,,,,,,
,,,,,,,TRANSTEEL,Small Cap,,,,,,,,,,,,,,,,,
,,,,,,,UFO,Small Cap,,,,,,,,,,,,,,,,,
,,,,,,,540175,Small Cap,,,,,,,,,,,,,,,,,
,,,,,,,544219,Small Cap,,,,,,,,,,,,,,,,,
,,,,,,,531412,Small Cap,,,,,,,,,,,,,,,,,
,,,,,,,508875,Small Cap,,,,,,,,,,,,,,,,,
,,,,,,,BLUEWATER,Small Cap,,,,,,,,,,,,,,,,,
,,,,,,,ESSENTIA,Small Cap,,,,,,,,,,,,,,,,,
,,,,,,,532039,Small Cap,,,,,,,,,,,,,,,,,
,,,,,,,EMPOWER,Small Cap,,,,,,,,,,,,,,,,,
,,,,,,,AKIKO,Small Cap,,,,,,,,,,,,,,,,,
,,,,,,,GSMFOILS,Small Cap,,,,,,,,,,,,,,,,,
,,,,,,,SHRADHA,Small Cap,,,,,,,,,,,,,,,,,
,,,,,,,KRISHCA,Small Cap,,,,,,,,,,,,,,,,,
,,,,,,,UYFINCORP,Small Cap,,,,,,,,,,,,,,,,,
,,,,,,,SATKARTAR,Small Cap,,,,,,,,,,,,,,,,,
,,,,,,,543531,Small Cap,,,,,,,,,,,,,,,,,
,,,,,,,524723,Small Cap,,,,,,,,,,,,,,,,,
,,,,,,,ASCOM,Small Cap,,,,,,,,,,,,,,,,,
,,,,,,,539337,Small Cap,,,,,,,,,,,,,,,,,
,,,,,,,530977,Small Cap,,,,,,,,,,,,,,,,,
,,,,,,,DCMNVL,Small Cap,,,,,,,,,,,,,,,,,
,,,,,,,KCPSUGIND,Small Cap,,,,,,,,,,,,,,,,,
,,,,,,,ASAHISONG,Small Cap,,,,,,,,,,,,,,,,,
,,,,,,,SAPPL,Small Cap,,,,,,,,,,,,,,,,,
,,,,,,,SAKUMA,Small Cap,,,,,,,,,,,,,,,,,
,,,,,,,SAWALIYA,Small Cap,,,,,,,,,,,,,,,,,
,,,,,,,530163,Small Cap,,,,,,,,,,,,,,,,,
,,,,,,,539788,Small Cap,,,,,,,,,,,,,,,,,
,,,,,,,523449,Small Cap,,,,,,,,,,,,,,,,,
,,,,,,,533167,Small Cap,,,,,,,,,,,,,,,,,
,,,,,,,VIKASLIFE,Small Cap,,,,,,,,,,,,,,,,,
,,,,,,,CINELINE,Small Cap,,,,,,,,,,,,,,,,,
,,,,,,,505750,Small Cap,,,,,,,,,,,,,,,,,
,,,,,,,NIPPOBATRY,Small Cap,,,,,,,,,,,,,,,,,
,,,,,,,ARIHANTACA,Small Cap,,,,,,,,,,,,,,,,,
,,,,,,,539922,Small Cap,,,,,,,,,,,,,,,,,
,,,,,,,512103,Small Cap,,,,,,,,,,,,,,,,,
,,,,,,,504084,Small Cap,,,,,,,,,,,,,,,,,
,,,,,,,ACTIVEINFR,Small Cap,,,,,,,,,,,,,,,,,
,,,,,,,CUDML,Small Cap,,,,,,,,,,,,,,,,,
,,,,,,,BPL,Small Cap,,,,,,,,,,,,,,,,,
,,,,,,,HALDER,Small Cap,,,,,,,,,,,,,,,,,
,,,,,,,507265,Small Cap,,,,,,,,,,,,,,,,,
,,,,,,,SPUNWEB,Small Cap,,,,,,,,,,,,,,,,,
,,,,,,,SRD,Small Cap,,,,,,,,,,,,,,,,,
,,,,,,,533608,Small Cap,,,,,,,,,,,,,,,,,
,,,,,,,505285,Small Cap,,,,,,,,,,,,,,,,,
,,,,,,,APEXECO,Small Cap,,,,,,,,,,,,,,,,,
,,,,,,,544383,Small Cap,,,,,,,,,,,,,,,,,
,,,,,,,EFACTOR,Small Cap,,,,,,,,,,,,,,,,,
,,,,,,,TRF,Small Cap,,,,,,,,,,,,,,,,,
,,,,,,,DPWIRES,Small Cap,,,,,,,,,,,,,,,,,
,,,,,,,526717,Small Cap,,,,,,,,,,,,,,,,,
,,,,,,,526739,Small Cap,,,,,,,,,,,,,,,,,
,,,,,,,532344,Small Cap,,,,,,,,,,,,,,,,,
,,,,,,,NOVAAGRI,Small Cap,,,,,,,,,,,,,,,,,
,,,,,,,GCHOTELS,Small Cap,,,,,,,,,,,,,,,,,
,,,,,,,500069,Small Cap,,,,,,,,,,,,,,,,,
,,,,,,,PODDARMENT,Small Cap,,,,,,,,,,,,,,,,,
,,,,,,,AARON,Small Cap,,,,,,,,,,,,,,,,,
,,,,,,,543982,Small Cap,,,,,,,,,,,,,,,,,
,,,,,,,532090,Small Cap,,,,,,,,,,,,,,,,,
,,,,,,,A2ZINFRA,Small Cap,,,,,,,,,,,,,,,,,
,,,,,,,PAVNAIND,Small Cap,,,,,,,,,,,,,,,,,
,,,,,,,PROPEQUITY,Small Cap,,,,,,,,,,,,,,,,,
,,,,,,,PONNIERODE,Small Cap,,,,,,,,,,,,,,,,,
,,,,,,,BCONCEPTS,Small Cap,,,,,,,,,,,,,,,,,
,,,,,,,GLOBECIVIL,Small Cap,,,,,,,,,,,,,,,,,
,,,,,,,542332,Small Cap,,,,,,,,,,,,,,,,,
,,,,,,,NURECA,Small Cap,,,,,,,,,,,,,,,,,
,,,,,,,541353,Small Cap,,,,,,,,,,,,,,,,,
,,,,,,,FCSSOFT,Small Cap,,,,,,,,,,,,,,,,,
,,,,,,,UNIVASTU,Small Cap,,,,,,,,,,,,,,,,,
,,,,,,,NDGL,Small Cap,,,,,,,,,,,,,,,,,
,,,,,,,544435,Small Cap,,,,,,,,,,,,,,,,,
,,,,,,,PKTEA,Small Cap,,,,,,,,,,,,,,,,,
,,,,,,,523586,Small Cap,,,,,,,,,,,,,,,,,
,,,,,,,UNITEDTEA,Small Cap,,,,,,,,,,,,,,,,,
,,,,,,,543737,Small Cap,,,,,,,,,,,,,,,,,
,,,,,,,526747,Small Cap,,,,,,,,,,,,,,,,,
,,,,,,,DUGLOBAL,Small Cap,,,,,,,,,,,,,,,,,
,,,,,,,541701,Small Cap,,,,,,,,,,,,,,,,,
,,,,,,,DELPHIFX,Small Cap,,,,,,,,,,,,,,,,,
,,,,,,,543391,Small Cap,,,,,,,,,,,,,,,,,
,,,,,,,522273,Small Cap,,,,,,,,,,,,,,,,,
,,,,,,,GOLDKART,Small Cap,,,,,,,,,,,,,,,,,
,,,,,,,MADHUSUDAN,Small Cap,,,,,,,,,,,,,,,,,
,,,,,,,512527,Small Cap,,,,,,,,,,,,,,,,,
,,,,,,,524790,Small Cap,,,,,,,,,,,,,,,,,
,,,,,,,544090,Small Cap,,,,,,,,,,,,,,,,,
,,,,,,,518075,Small Cap,,,,,,,,,,,,,,,,,
,,,,,,,500213,Small Cap,,,,,,,,,,,,,,,,,
,,,,,,,517514,Small Cap,,,,,,,,,,,,,,,,,
,,,,,,,512361,Small Cap,,,,,,,,,,,,,,,,,
,,,,,,,KMSUGAR,Small Cap,,,,,,,,,,,,,,,,,
,,,,,,,CKKRETAIL,Small Cap,,,,,,,,,,,,,,,,,
,,,,,,,GEEKAYWIRE,Small Cap,,,,,,,,,,,,,,,,,
,,,,,,,504746,Small Cap,,,,,,,,,,,,,,,,,
,,,,,,,SILGO,Small Cap,,,,,,,,,,,,,,,,,
,,,,,,,BALAJEE,Small Cap,,,,,,,,,,,,,,,,,
,,,,,,,CLEDUCATE,Small Cap,,,,,,,,,,,,,,,,,
,,,,,,,ELGIRUBCO,Small Cap,,,,,,,,,,,,,,,,,
,,,,,,,id,Small Cap,,,,,,,,,,,,,,,,,
,,,,,,,RCOM,Small Cap,,,,,,,,,,,,,,,,,
,,,,,,,544166,Small Cap,,,,,,,,,,,,,,,,,
,,,,,,,519606,Small Cap,,,,,,,,,,,,,,,,,
,,,,,,,TAURIAN,Small Cap,,,,,,,,,,,,,,,,,
,,,,,,,SHARDUL,Small Cap,,,,,,,,,,,,,,,,,
,,,,,,,531281,Small Cap,,,,,,,,,,,,,,,,,
,,,,,,,AMBALALSA,Small Cap,,,,,,,,,,,,,,,,,
,,,,,,,543997,Small Cap,,,,,,,,,,,,,,,,,
,,,,,,,531253,Small Cap,,,,,,,,,,,,,,,,,
,,,,,,,DIAMINESQ,Small Cap,,,,,,,,,,,,,,,,,
,,,,,,,STARTECK,Small Cap,,,,,,,,,,,,,,,,,
,,,,,,,535621,Small Cap,,,,,,,,,,,,,,,,,
,,,,,,,543939,Small Cap,,,,,,,,,,,,,,,,,
,,,,,,,ALANKIT,Small Cap,,,,,,,,,,,,,,,,,
,,,,,,,517096,Small Cap,,,,,,,,,,,,,,,,,
,,,,,,,542679,Small Cap,,,,,,,,,,,,,,,,,
,,,,,,,SSDL,Small Cap,,,,,,,,,,,,,,,,,
,,,,,,,RRIL,Small Cap,,,,,,,,,,,,,,,,,
,,,,,,,RVTH,Small Cap,,,,,,,,,,,,,,,,,
,,,,,,,BAGDIGITAL,Small Cap,,,,,,,,,,,,,,,,,
,,,,,,,SURANAT&P,Small Cap,,,,,,,,,,,,,,,,,
,,,,,,,544682,Small Cap,,,,,,,,,,,,,,,,,
,,,,,,,517246,Small Cap,,,,,,,,,,,,,,,,,
,,,,,,,JAYSREETEA,Small Cap,,,,,,,,,,,,,,,,,
,,,,,,,544510,Small Cap,,,,,,,,,,,,,,,,,
,,,,,,,526169,Small Cap,,,,,,,,,,,,,,,,,
,,,,,,,544409,Small Cap,,,,,,,,,,,,,,,,,
,,,,,,,DYNAMIC,Small Cap,,,,,,,,,,,,,,,,,
,,,,,,,ALMONDZ,Small Cap,,,,,,,,,,,,,,,,,
,,,,,,,543284,Small Cap,,,,,,,,,,,,,,,,,
,,,,,,,531173,Small Cap,,,,,,,,,,,,,,,,,
,,,,,,,500449,Small Cap,,,,,,,,,,,,,,,,,
,,,,,,,PRATHAM,Small Cap,,,,,,,,,,,,,,,,,
,,,,,,,OWAIS,Small Cap,,,,,,,,,,,,,,,,,
,,,,,,,VMSTMT,Small Cap,,,,,,,,,,,,,,,,,
,,,,,,,522091,Small Cap,,,,,,,,,,,,,,,,,
,,,,,,,SHIVAMAUTO,Small Cap,,,,,,,,,,,,,,,,,
,,,,,,,HOACFOODS,Small Cap,,,,,,,,,,,,,,,,,
,,,,,,,514010,Small Cap,,,,,,,,,,,,,,,,,
,,,,,,,FROG,Small Cap,,,,,,,,,,,,,,,,,
,,,,,,,GLOBALVECT,Small Cap,,,,,,,,,,,,,,,,,
,,,,,,,500422,Small Cap,,,,,,,,,,,,,,,,,
,,,,,,,501151,Small Cap,,,,,,,,,,,,,,,,,
,,,,,,,VOLERCAR,Small Cap,,,,,,,,,,,,,,,,,
,,,,,,,539112,Small Cap,,,,,,,,,,,,,,,,,
,,,,,,,VIPCLOTHNG,Small Cap,,,,,,,,,,,,,,,,,
,,,,,,,531279,Small Cap,,,,,,,,,,,,,,,,,
,,,,,,,NECLIFE,Small Cap,,,,,,,,,,,,,,,,,
,,,,,,,544568,Small Cap,,,,,,,,,,,,,,,,,
,,,,,,,INTENTECH,Small Cap,,,,,,,,,,,,,,,,,
,,,,,,,BALAJIPHOS,Small Cap,,,,,,,,,,,,,,,,,
,,,,,,,VIKASECO,Small Cap,,,,,,,,,,,,,,,,,
,,,,,,,500143,Small Cap,,,,,,,,,,,,,,,,,
,,,,,,,INM,Small Cap,,,,,,,,,,,,,,,,,
,,,,,,,532320,Small Cap,,,,,,,,,,,,,,,,,
,,,,,,,544112,Small Cap,,,,,,,,,,,,,,,,,
,,,,,,,IVC,Small Cap,,,,,,,,,,,,,,,,,
,,,,,,,504093,Small Cap,,,,,,,,,,,,,,,,,
,,,,,,,543241,Small Cap,,,,,,,,,,,,,,,,,
,,,,,,,509162,Small Cap,,,,,,,,,,,,,,,,,
,,,,,,,SCANSTL,Small Cap,,,,,,,,,,,,,,,,,
,,,,,,,MARALOVER,Small Cap,,,,,,,,,,,,,,,,,
,,,,,,,PRITIKAUTO,Small Cap,,,,,,,,,,,,,,,,,
,,,,,,,AAREYDRUGS,Small Cap,,,,,,,,,,,,,,,,,
,,,,,,,AERONEU,Small Cap,,,,,,,,,,,,,,,,,
,,,,,,,TCL,Small Cap,,,,,,,,,,,,,,,,,
,,,,,,,SONAMLTD,Small Cap,,,,,,,,,,,,,,,,,
,,,,,,,FINBUD,Small Cap,,,,,,,,,,,,,,,,,
,,,,,,,KALYANIFRG,Small Cap,,,,,,,,,,,,,,,,,
,,,,,,,MANAKALUCO,Small Cap,,,,,,,,,,,,,,,,,
,,,,,,,MACOBSTECH,Small Cap,,,,,,,,,,,,,,,,,
,,,,,,,MAHICKRA,Small Cap,,,,,,,,,,,,,,,,,
,,,,,,,GENCON,Small Cap,,,,,,,,,,,,,,,,,
,,,,,,,531041,Small Cap,,,,,,,,,,,,,,,,,
,,,,,,,GSLSU,Small Cap,,,,,,,,,,,,,,,,,
,,,,,,,CHEMBOND,Small Cap,,,,,,,,,,,,,,,,,
,,,,,,,508941,Small Cap,,,,,,,,,,,,,,,,,
,,,,,,,RVHL,Small Cap,,,,,,,,,,,,,,,,,
,,,,,,,MAGSON,Small Cap,,,,,,,,,,,,,,,,,
,,,,,,,506640,Small Cap,,,,,,,,,,,,,,,,,
,,,,,,,522292,Small Cap,,,,,,,,,,,,,,,,,
,,,,,,,505216,Small Cap,,,,,,,,,,,,,,,,,
,,,,,,,VISAMAN,Small Cap,,,,,,,,,,,,,,,,,
,,,,,,,LOTUSEYE,Small Cap,,,,,,,,,,,,,,,,,
,,,,,,,TEAMGTY,Small Cap,,,,,,,,,,,,,,,,,
,,,,,,,543376,Small Cap,,,,,,,,,,,,,,,,,
,,,,,,,DSFCL,Small Cap,,,,,,,,,,,,,,,,,
,,,,,,,IWP,Small Cap,,,,,,,,,,,,,,,,,
,,,,,,,NAGAFERT,Small Cap,,,,,,,,,,,,,,,,,
,,,,,,,CPS,Small Cap,,,,,,,,,,,,,,,,,
,,,,,,,SILKFLEX,Small Cap,,,,,,,,,,,,,,,,,
,,,,,,,MADHAVIPL,Small Cap,,,,,,,,,,,,,,,,,
,,,,,,,LLOYDS,Small Cap,,,,,,,,,,,,,,,,,
,,,,,,,VSTL,Small Cap,,,,,,,,,,,,,,,,,
,,,,,,,CURRENT,Small Cap,,,,,,,,,,,,,,,,,
,,,,,,,544535,Small Cap,,,,,,,,,,,,,,,,,
,,,,,,,540829,Small Cap,,,,,,,,,,,,,,,,,
,,,,,,,SHIVASHRIT,Small Cap,,,,,,,,,,,,,,,,,
,,,,,,,526723,Small Cap,,,,,,,,,,,,,,,,,
,,,,,,,ASMS,Small Cap,,,,,,,,,,,,,,,,,
,,,,,,,WTICAB,Small Cap,,,,,,,,,,,,,,,,,
,,,,,,,540097,Small Cap,,,,,,,,,,,,,,,,,
,,,,,,,CSSL,Small Cap,,,,,,,,,,,,,,,,,
,,,,,,,PRAMARA,Small Cap,,,,,,,,,,,,,,,,,
,,,,,,,531694,Small Cap,,,,,,,,,,,,,,,,,
,,,,,,,GOLDTECH,Small Cap,,,,,,,,,,,,,,,,,
,,,,,,,SICAGEN,Small Cap,,,,,,,,,,,,,,,,,
,,,,,,,524174,Small Cap,,,,,,,,,,,,,,,,,
,,,,,,,544735,Small Cap,,,,,,,,,,,,,,,,,
,,,,,,,530495,Small Cap,,,,,,,,,,,,,,,,,
,,,,,,,544755,Small Cap,,,,,,,,,,,,,,,,,
,,,,,,,PIGL,Small Cap,,,,,,,,,,,,,,,,,
,,,,,,,540198,Small Cap,,,,,,,,,,,,,,,,,
,,,,,,,513043,Small Cap,,,,,,,,,,,,,,,,,
,,,,,,,506863,Small Cap,,,,,,,,,,,,,,,,,
,,,,,,,BIMETAL,Small Cap,,,,,,,,,,,,,,,,,
,,,,,,,505712,Small Cap,,,,,,,,,,,,,,,,,
,,,,,,,STARPAPER,Small Cap,,,,,,,,,,,,,,,,,
,,,,,,,ACETEC,Small Cap,,,,,,,,,,,,,,,,,
,,,,,,,LYKALABS,Small Cap,,,,,,,,,,,,,,,,,
,,,,,,,538890,Small Cap,,,,,,,,,,,,,,,,,
,,,,,,,543799,Small Cap,,,,,,,,,,,,,,,,,
,,,,,,,540151,Small Cap,,,,,,,,,,,,,,,,,
,,,,,,,DRCSYSTEMS,Small Cap,,,,,,,,,,,,,,,,,
,,,,,,,541144,Small Cap,,,,,,,,,,,,,,,,,
,,,,,,,SAHLIBHFI,Small Cap,,,,,,,,,,,,,,,,,
,,,,,,,RBS,Small Cap,,,,,,,,,,,,,,,,,
,,,,,,,CCHHL,Small Cap,,,,,,,,,,,,,,,,,
,,,,,,,SINTERCOM,Small Cap,,,,,,,,,,,,,,,,,
,,,,,,,SHIVATEX,Small Cap,,,,,,,,,,,,,,,,,
,,,,,,,AGARWALTUF,Small Cap,,,,,,,,,,,,,,,,,
,,,,,,,KATARIA,Small Cap,,,,,,,,,,,,,,,,,
,,,,,,,SPCENET,Small Cap,,,,,,,,,,,,,,,,,
,,,,,,,544665,Small Cap,,,,,,,,,,,,,,,,,
,,,,,,,538882,Small Cap,,,,,,,,,,,,,,,,,
,,,,,,,544460,Small Cap,,,,,,,,,,,,,,,,,
,,,,,,,VETO,Small Cap,,,,,,,,,,,,,,,,,
,,,,,,,540078,Small Cap,,,,,,,,,,,,,,,,,
,,,,,,,EXIMROUTES,Small Cap,,,,,,,,,,,,,,,,,
,,,,,,,JAYBEE,Small Cap,,,,,,,,,,,,,,,,,
,,,,,,,538476,Small Cap,,,,,,,,,,,,,,,,,
,,,,,,,538713,Small Cap,,,,,,,,,,,,,,,,,
,,,,,,,SUMIT,Small Cap,,,,,,,,,,,,,,,,,
,,,,,,,HVAX,Small Cap,,,,,,,,,,,,,,,,,
,,,,,,,502015,Small Cap,,,,,,,,,,,,,,,,,
,,,,,,,513353,Small Cap,,,,,,,,,,,,,,,,,
,,,,,,,FIDEL,Small Cap,,,,,,,,,,,,,,,,,
,,,,,,,544431,Small Cap,,,,,,,,,,,,,,,,,
,,,,,,,543172,Small Cap,,,,,,,,,,,,,,,,,
,,,,,,,SAKHTISUG,Small Cap,,,,,,,,,,,,,,,,,
,,,,,,,KOTARISUG,Small Cap,,,,,,,,,,,,,,,,,
,,,,,,,ASHWINI,Small Cap,,,,,,,,,,,,,,,,,
,,,,,,,RADIOCITY,Small Cap,,,,,,,,,,,,,,,,,
,,,,,,,EMAPARTNER,Small Cap,,,,,,,,,,,,,,,,,
,,,,,,,GRAVISSHO,Small Cap,,,,,,,,,,,,,,,,,
,,,,,,,GOLDSTAR,Small Cap,,,,,,,,,,,,,,,,,
,,,,,,,507998,Small Cap,,,,,,,,,,,,,,,,,
,,,,,,,532425,Small Cap,,,,,,,,,,,,,,,,,
,,,,,,,RACE,Small Cap,,,,,,,,,,,,,,,,,
,,,,,,,511557,Small Cap,,,,,,,,,,,,,,,,,
,,,,,,,512345,Small Cap,,,,,,,,,,,,,,,,,
,,,,,,,538970,Small Cap,,,,,,,,,,,,,,,,,
,,,,,,,ZODIACLOTH,Small Cap,,,,,,,,,,,,,,,,,
,,,,,,,ROSSELLIND,Small Cap,,,,,,,,,,,,,,,,,
,,,,,,,ACSTECH,Small Cap,,,,,,,,,,,,,,,,,
,,,,,,,PLAZACABLE,Small Cap,,,,,,,,,,,,,,,,,
,,,,,,,COMFINTE,Small Cap,,,,,,,,,,,,,,,,,
,,,,,,,SHREYANIND,Small Cap,,,,,,,,,,,,,,,,,
,,,,,,,SURANI,Small Cap,,,,,,,,,,,,,,,,,
,,,,,,,517258,Small Cap,,,,,,,,,,,,,,,,,
,,,,,,,524828,Small Cap,,,,,,,,,,,,,,,,,
,,,,,,,TUNWAL,Small Cap,,,,,,,,,,,,,,,,,
,,,,,,,505690,Small Cap,,,,,,,,,,,,,,,,,
,,,,,,,ANYA,Small Cap,,,,,,,,,,,,,,,,,
,,,,,,,AMBAAUTO,Small Cap,,,,,,,,,,,,,,,,,
,,,,,,,DHARARAIL,Small Cap,,,,,,,,,,,,,,,,,
,,,,,,,GOYALSALT,Small Cap,,,,,,,,,,,,,,,,,
,,,,,,,532362,Small Cap,,,,,,,,,,,,,,,,,
,,,,,,,542628,Small Cap,,,,,,,,,,,,,,,,,
,,,,,,,MURUDCERA,Small Cap,,,,,,,,,,,,,,,,,
,,,,,,,DENEERS,Small Cap,,,,,,,,,,,,,,,,,
,,,,,,,544623,Small Cap,,,,,,,,,,,,,,,,,
,,,,,,,WORTHPERI,Small Cap,,,,,,,,,,,,,,,,,
,,,,,,,UCAL,Small Cap,,,,,,,,,,,,,,,,,
,,,,,,,AIRAN,Small Cap,,,,,,,,,,,,,,,,,
,,,,,,,511571,Small Cap,,,,,,,,,,,,,,,,,
,,,,,,,MADHAVBAUG,Small Cap,,,,,,,,,,,,,,,,,
,,,,,,,INDOUS,Small Cap,,,,,,,,,,,,,,,,,
,,,,,,,SPEB,Small Cap,,,,,,,,,,,,,,,,,
,,,,,,,521167,Small Cap,,,,,,,,,,,,,,,,,
,,,,,,,BTTL,Small Cap,,,,,,,,,,,,,,,,,
,,,,,,,JAINIK,Small Cap,,,,,,,,,,,,,,,,,
,,,,,,,JMA,Small Cap,,,,,,,,,,,,,,,,,
,,,,,,,ZEELEARN,Small Cap,,,,,,,,,,,,,,,,,
,,,,,,,506180,Small Cap,,,,,,,,,,,,,,,,,
,,,,,,,NEAGI,Small Cap,,,,,,,,,,,,,,,,,
,,,,,,,544567,Small Cap,,,,,,,,,,,,,,,,,
,,,,,,,NEOCHEM,Small Cap,,,,,,,,,,,,,,,,,
,,,,,,,ABANSENT,Small Cap,,,,,,,,,,,,,,,,,
,,,,,,,WATERBASE,Small Cap,,,,,,,,,,,,,,,,,
,,,,,,,512109,Small Cap,,,,,,,,,,,,,,,,,
,,,,,,,PRIMECAB,Small Cap,,,,,,,,,,,,,,,,,
,,,,,,,OPTIVALUE,Small Cap,,,,,,,,,,,,,,,,,
,,,,,,,523100,Small Cap,,,,,,,,,,,,,,,,,
,,,,,,,537839,Small Cap,,,,,,,,,,,,,,,,,
,,,,,,,GILLANDERS,Small Cap,,,,,,,,,,,,,,,,,
,,,,,,,NITIRAJ,Small Cap,,,,,,,,,,,,,,,,,
,,,,,,,519216,Small Cap,,,,,,,,,,,,,,,,,
,,,,,,,538714,Small Cap,,,,,,,,,,,,,,,,,
,,,,,,,BASML,Small Cap,,,,,,,,,,,,,,,,,
,,,,,,,504258,Small Cap,,,,,,,,,,,,,,,,,
,,,,,,,QUINT,Small Cap,,,,,,,,,,,,,,,,,
,,,,,,,RANASUG,Small Cap,,,,,,,,,,,,,,,,,
,,,,,,,TTL,Small Cap,,,,,,,,,,,,,,,,,
,,,,,,,530457,Small Cap,,,,,,,,,,,,,,,,,
,,,,,,,544594,Small Cap,,,,,,,,,,,,,,,,,
,,,,,,,544738,Small Cap,,,,,,,,,,,,,,,,,
,,,,,,,AFFORDABLE,Small Cap,,,,,,,,,,,,,,,,,
,,,,,,,544549,Small Cap,,,,,,,,,,,,,,,,,
,,,,,,,512149,Small Cap,,,,,,,,,,,,,,,,,
,,,,,,,531069,Small Cap,,,,,,,,,,,,,,,,,
,,,,,,,GJL,Small Cap,,,,,,,,,,,,,,,,,
,,,,,,,FILATFASH,Small Cap,,,,,,,,,,,,,,,,,
,,,,,,,526081,Small Cap,,,,,,,,,,,,,,,,,
,,,,,,,531726,Small Cap,,,,,,,,,,,,,,,,,
,,,,,,,SHRITECH,Small Cap,,,,,,,,,,,,,,,,,
,,,,,,,542862,Small Cap,,,,,,,,,,,,,,,,,
,,,,,,,509953,Small Cap,,,,,,,,,,,,,,,,,
,,,,,,,DAICHI,Small Cap,,,,,,,,,,,,,,,,,
,,,,,,,503635,Small Cap,,,,,,,,,,,,,,,,,
,,,,,,,UCL,Small Cap,,,,,,,,,,,,,,,,,
,,,,,,,MKPL,Small Cap,,,,,,,,,,,,,,,,,
,,,,,,,SUPREME,Small Cap,,,,,,,,,,,,,,,,,
,,,,,,,544343,Small Cap,,,,,,,,,,,,,,,,,
,,,,,,,FORCAS,Small Cap,,,,,,,,,,,,,,,,,
,,,,,,,RUDRA,Small Cap,,,,,,,,,,,,,,,,,
,,,,,,,QUESTLAB,Small Cap,,,,,,,,,,,,,,,,,
,,,,,,,AVPINFRA,Small Cap,,,,,,,,,,,,,,,,,
,,,,,,,540874,Small Cap,,,,,,,,,,,,,,,,,
,,,,,,,id,Small Cap,,,,,,,,,,,,,,,,,
,,,,,,,KHADIM,Small Cap,,,,,,,,,,,,,,,,,
,,,,,,,524636,Small Cap,,,,,,,,,,,,,,,,,
,,,,,,,MHLXMIRU,Small Cap,,,,,,,,,,,,,,,,,
,,,,,,,AARVI,Small Cap,,,,,,,,,,,,,,,,,
,,,,,,,544542,Small Cap,,,,,,,,,,,,,,,,,
,,,,,,,ELGNZ,Small Cap,,,,,,,,,,,,,,,,,
,,,,,,,PILITA,Small Cap,,,,,,,,,,,,,,,,,
,,,,,,,531525,Small Cap,,,,,,,,,,,,,,,,,
,,,,,,,INFOLLION,Small Cap,,,,,,,,,,,,,,,,,
,,,,,,,BYKE,Small Cap,,,,,,,,,,,,,,,,,
,,,,,,,TAINWALCHM,Small Cap,,,,,,,,,,,,,,,,,
,,,,,,,SIMCA,Small Cap,,,,,,,,,,,,,,,,,
,,,,,,,541083,Small Cap,,,,,,,,,,,,,,,,,
,,,,,,,IVP,Small Cap,,,,,,,,,,,,,,,,,
,,,,,,,VIRINCHI,Small Cap,,,,,,,,,,,,,,,,,
,,,,,,,DUCOL,Small Cap,,,,,,,,,,,,,,,,,
,,,,,,,PARSVNATH,Small Cap,,,,,,,,,,,,,,,,,
,,,,,,,514318,Small Cap,,,,,,,,,,,,,,,,,
,,,,,,,AUSOMENT,Small Cap,,,,,,,,,,,,,,,,,
,,,,,,,544668,Small Cap,,,,,,,,,,,,,,,,,
,,,,,,,544340,Small Cap,,,,,,,,,,,,,,,,,
,,,,,,,SPCL,Small Cap,,,,,,,,,,,,,,,,,
,,,,,,,SIKKO,Small Cap,,,,,,,,,,,,,,,,,
,,,,,,,543937,Small Cap,,,,,,,,,,,,,,,,,
,,,,,,,544387,Small Cap,,,,,,,,,,,,,,,,,
,,,,,,,544165,Small Cap,,,,,,,,,,,,,,,,,
,,,,,,,544694,Small Cap,,,,,,,,,,,,,,,,,
,,,,,,,TRIGYN,Small Cap,,,,,,,,,,,,,,,,,
,,,,,,,SADHAV,Small Cap,,,,,,,,,,,,,,,,,
,,,,,,,VIJAYPD,Small Cap,,,,,,,,,,,,,,,,,
,,,,,,,500388,Small Cap,,,,,,,,,,,,,,,,,
,,,,,,,539598,Small Cap,,,,,,,,,,,,,,,,,
,,,,,,,531569,Small Cap,,,,,,,,,,,,,,,,,
,,,,,,,511066,Small Cap,,,,,,,,,,,,,,,,,
,,,,,,,ASPINWALL,Small Cap,,,,,,,,,,,,,,,,,
,,,,,,,506979,Small Cap,,,,,,,,,,,,,,,,,
,,,,,,,DURLAX,Small Cap,,,,,,,,,,,,,,,,,
,,,,,,,ARVEE,Small Cap,,,,,,,,,,,,,,,,,
,,,,,,,532275,Small Cap,,,,,,,,,,,,,,,,,
,,,,,,,NIKITA,Small Cap,,,,,,,,,,,,,,,,,
,,,,,,,539963,Small Cap,,,,,,,,,,,,,,,,,
,,,,,,,532992,Small Cap,,,,,,,,,,,,,,,,,
,,,,,,,512634,Small Cap,,,,,,,,,,,,,,,,,
,,,,,,,VASWANI,Small Cap,,,,,,,,,,,,,,,,,
,,,,,,,TAMBOLIIN,Small Cap,,,,,,,,,,,,,,,,,
,,,,,,,542694,Small Cap,,,,,,,,,,,,,,,,,
,,,,,,,NRVANDANA,Small Cap,,,,,,,,,,,,,,,,,
,,,,,,,524506,Small Cap,,,,,,,,,,,,,,,,,
,,,,,,,ENVIRO,Small Cap,,,,,,,,,,,,,,,,,
,,,,,,,539227,Small Cap,,,,,,,,,,,,,,,,,
,,,,,,,REXPIPES,Small Cap,,,,,,,,,,,,,,,,,
,,,,,,,LANCORHOL,Small Cap,,,,,,,,,,,,,,,,,
,,,,,,,KAMOPAINTS,Small Cap,,,,,,,,,,,,,,,,,
,,,,,,,523373,Small Cap,,,,,,,,,,,,,,,,,
,,,,,,,516108,Small Cap,,,,,,,,,,,,,,,,,
,,,,,,,544746,Small Cap,,,,,,,,,,,,,,,,,
,,,,,,,537669,Small Cap,,,,,,,,,,,,,,,,,
,,,,,,,543346,Small Cap,,,,,,,,,,,,,,,,,
,,,,,,,513502,Small Cap,,,,,,,,,,,,,,,,,
,,,,,,,514470,Small Cap,,,,,,,,,,,,,,,,,
,,,,,,,538451,Small Cap,,,,,,,,,,,,,,,,,
,,,,,,,id,Small Cap,,,,,,,,,,,,,,,,,
,,,,,,,ISHANCH,Small Cap,,,,,,,,,,,,,,,,,
,,,,,,,544444,Small Cap,,,,,,,,,,,,,,,,,
,,,,,,,PML,Small Cap,,,,,,,,,,,,,,,,,
,,,,,,,523676,Small Cap,,,,,,,,,,,,,,,,,
,,,,,,,540062,Small Cap,,,,,,,,,,,,,,,,,
,,,,,,,BHARATGEAR,Small Cap,,,,,,,,,,,,,,,,,
,,,,,,,544637,Small Cap,,,,,,,,,,,,,,,,,
,,,,,,,544669,Small Cap,,,,,,,,,,,,,,,,,
,,,,,,,531550,Small Cap,,,,,,,,,,,,,,,,,
,,,,,,,RAJINDLTD,Small Cap,,,,,,,,,,,,,,,,,
,,,,,,,HBESD,Small Cap,,,,,,,,,,,,,,,,,
,,,,,,,FWSTC,Small Cap,,,,,,,,,,,,,,,,,
,,,,,,,GLOBALPET,Small Cap,,,,,,,,,,,,,,,,,
,,,,,,,503804,Small Cap,,,,,,,,,,,,,,,,,
,,,,,,,BEACON,Small Cap,,,,,,,,,,,,,,,,,
,,,,,,,ENFUSE,Small Cap,,,,,,,,,,,,,,,,,
,,,,,,,NIRAJ,Small Cap,,,,,,,,,,,,,,,,,
,,,,,,,SRTL,Small Cap,,,,,,,,,,,,,,,,,
,,,,,,,IPSL,Small Cap,,,,,,,,,,,,,,,,,
,,,,,,,MUNISH,Small Cap,,,,,,,,,,,,,,,,,
,,,,,,,PRITIKA,Small Cap,,,,,,,,,,,,,,,,,
,,,,,,,542013,Small Cap,,,,,,,,,,,,,,,,,
,,,,,,,526415,Small Cap,,,,,,,,,,,,,,,,,
,,,,,,,544555,Small Cap,,,,,,,,,,,,,,,,,
,,,,,,,534796,Small Cap,,,,,,,,,,,,,,,,,
,,,,,,,538546,Small Cap,,,,,,,,,,,,,,,,,
,,,,,,,544151,Small Cap,,,,,,,,,,,,,,,,,
,,,,,,,511644,Small Cap,,,,,,,,,,,,,,,,,
,,,,,,,SUPERHOUSE,Small Cap,,,,,,,,,,,,,,,,,
,,,,,,,BRNL,Small Cap,,,,,,,,,,,,,,,,,
,,,,,,,KDL,Small Cap,,,,,,,,,,,,,,,,,
,,,,,,,KANCHI,Small Cap,,,,,,,,,,,,,,,,,
,,,,,,,TIPSFILMS,Small Cap,,,,,,,,,,,,,,,,,
,,,,,,,ROYALARC,Small Cap,,,,,,,,,,,,,,,,,
,,,,,,,538837,Small Cap,,,,,,,,,,,,,,,,,
,,,,,,,GULFPETRO,Small Cap,,,,,,,,,,,,,,,,,
,,,,,,,523289,Small Cap,,,,,,,,,,,,,,,,,
,,,,,,,531862,Small Cap,,,,,,,,,,,,,,,,,
,,,,,,,504076,Small Cap,,,,,,,,,,,,,,,,,
,,,,,,,517417,Small Cap,,,,,,,,,,,,,,,,,
,,,,,,,ESCONET,Small Cap,,,,,,,,,,,,,,,,,
,,,,,,,SHIGAN,Small Cap,,,,,,,,,,,,,,,,,
,,,,,,,544707,Small Cap,,,,,,,,,,,,,,,,,
,,,,,,,SDREAMS,Small Cap,,,,,,,,,,,,,,,,,
,,,,,,,506134,Small Cap,,,,,,,,,,,,,,,,,
,,,,,,,CPCAP,Small Cap,,,,,,,,,,,,,,,,,
,,,,,,,519295,Small Cap,,,,,,,,,,,,,,,,,
,,,,,,,INCREDIBLE,Small Cap,,,,,,,,,,,,,,,,,
,,,,,,,AKANKSHA,Small Cap,,,,,,,,,,,,,,,,,
,,,,,,,530313,Small Cap,,,,,,,,,,,,,,,,,
,,,,,,,507621,Small Cap,,,,,,,,,,,,,,,,,
,,,,,,,RAJPUTANA,Small Cap,,,,,,,,,,,,,,,,,
,,,,,,,530233,Small Cap,,,,,,,,,,,,,,,,,
,,,,,,,ROCKINGDCE,Small Cap,,,,,,,,,,,,,,,,,
,,,,,,,506128,Small Cap,,,,,,,,,,,,,,,,,
,,,,,,,BROOKS,Small Cap,,,,,,,,,,,,,,,,,
,,,,,,,544641,Small Cap,,,,,,,,,,,,,,,,,
,,,,,,,ETML,Small Cap,,,,,,,,,,,,,,,,,
,,,,,,,526073,Small Cap,,,,,,,,,,,,,,,,,
,,,,,,,513456,Small Cap,,,,,,,,,,,,,,,,,
,,,,,,,DEVIT,Small Cap,,,,,,,,,,,,,,,,,
,,,,,,,KRITIKA,Small Cap,,,,,,,,,,,,,,,,,
,,,,,,,CENTEXT,Small Cap,,,,,,,,,,,,,,,,,
,,,,,,,DCM,Small Cap,,,,,,,,,,,,,,,,,
,,,,,,,524592,Small Cap,,,,,,,,,,,,,,,,,
,,,,,,,MCL,Small Cap,,,,,,,,,,,,,,,,,
,,,,,,,543976,Small Cap,,,,,,,,,,,,,,,,,
,,,,,,,523248,Small Cap,,,,,,,,,,,,,,,,,
,,,,,,,526703,Small Cap,,,,,,,,,,,,,,,,,
,,,,,,,504646,Small Cap,,,,,,,,,,,,,,,,,
,,,,,,,539255,Small Cap,,,,,,,,,,,,,,,,,
,,,,,,,544687,Small Cap,,,,,,,,,,,,,,,,,
,,,,,,,504903,Small Cap,,,,,,,,,,,,,,,,,
,,,,,,,INDTERRAIN,Small Cap,,,,,,,,,,,,,,,,,
,,,,,,,EMMBI,Small Cap,,,,,,,,,,,,,,,,,
,,,,,,,MEGAFLEX,Small Cap,,,,,,,,,,,,,,,,,
,,,,,,,523874,Small Cap,,,,,,,,,,,,,,,,,
,,,,,,,ARCHIDPLY,Small Cap,,,,,,,,,,,,,,,,,
,,,,,,,AKSHARCHEM,Small Cap,,,,,,,,,,,,,,,,,
,,,,,,,533007,Small Cap,,,,,,,,,,,,,,,,,
,,,,,,,QMSMEDI,Small Cap,,,,,,,,,,,,,,,,,
,,,,,,,514428,Small Cap,,,,,,,,,,,,,,,,,
,,,,,,,MAHESHWARI,Small Cap,,,,,,,,,,,,,,,,,
,,,,,,,544511,Small Cap,,,,,,,,,,,,,,,,,
,,,,,,,505299,Small Cap,,,,,,,,,,,,,,,,,
,,,,,,,EMMIL,Small Cap,,,,,,,,,,,,,,,,,
,,,,,,,526519,Small Cap,,,,,,,,,,,,,,,,,
,,,,,,,NATCAPSUQ,Small Cap,,,,,,,,,,,,,,,,,
,,,,,,,INDOWIND,Small Cap,,,,,,,,,,,,,,,,,
,,,,,,,503663,Small Cap,,,,,,,,,,,,,,,,,
,,,,,,,AVAILFC,Small Cap,,,,,,,,,,,,,,,,,
,,,,,,,BAIDFIN,Small Cap,,,,,,,,,,,,,,,,,
,,,,,,,SURYALA,Small Cap,,,,,,,,,,,,,,,,,
,,,,,,,531658,Small Cap,,,,,,,,,,,,,,,,,
,,,,,,,531306,Small Cap,,,,,,,,,,,,,,,,,
,,,,,,,538817,Small Cap,,,,,,,,,,,,,,,,,
,,,,,,,531289,Small Cap,,,,,,,,,,,,,,,,,
,,,,,,,AVIANSH,Small Cap,,,,,,,,,,,,,,,,,
,,,,,,,SHUBHSHREE,Small Cap,,,,,,,,,,,,,,,,,
,,,,,,,526827,Small Cap,,,,,,,,,,,,,,,,,
,,,,,,,500028,Small Cap,,,,,,,,,,,,,,,,,
,,,,,,,544468,Small Cap,,,,,,,,,,,,,,,,,
,,,,,,,SADBHAV,Small Cap,,,,,,,,,,,,,,,,,
,,,,,,,METROGLOBL,Small Cap,,,,,,,,,,,,,,,,,
,,,,,,,531997,Small Cap,,,,,,,,,,,,,,,,,
,,,,,,,EPWINDIA,Small Cap,,,,,,,,,,,,,,,,,
,,,,,,,524238,Small Cap,,,,,,,,,,,,,,,,,
,,,,,,,EQUIPPP,Small Cap,,,,,,,,,,,,,,,,,
,,,,,,,544442,Small Cap,,,,,,,,,,,,,,,,,
,,,,,,,523638,Small Cap,,,,,,,,,,,,,,,,,
,,,,,,,UMIYA-MRO,Small Cap,,,,,,,,,,,,,,,,,
,,,,,,,RFBL,Small Cap,,,,,,,,,,,,,,,,,
,,,,,,,AMJLAND,Small Cap,,,,,,,,,,,,,,,,,
,,,,,,,DGCONTENT,Small Cap,,,,,,,,,,,,,,,,,
,,,,,,,536493,Small Cap,,,,,,,,,,,,,,,,,
,,,,,,,NECCLTD,Small Cap,,,,,,,,,,,,,,,,,
,,,,,,,KORE,Small Cap,,,,,,,,,,,,,,,,,
,,,,,,,VLEGOV,Small Cap,,,,,,,,,,,,,,,,,
,,,,,,,539528,Small Cap,,,,,,,,,,,,,,,,,
,,,,,,,MARC,Small Cap,,,,,,,,,,,,,,,,,
,,,,,,,ESPRIT,Small Cap,,,,,,,,,,,,,,,,,
,,,,,,,USHAFIN,Small Cap,,,,,,,,,,,,,,,,,
,,,,,,,WINSOL,Small Cap,,,,,,,,,,,,,,,,,
,,,,,,,544616,Small Cap,,,,,,,,,,,,,,,,,
,,,,,,,AVROIND,Small Cap,,,,,,,,,,,,,,,,,
,,,,,,,544441,Small Cap,,,,,,,,,,,,,,,,,
,,,,,,,524202,Small Cap,,,,,,,,,,,,,,,,,
,,,,,,,MODTHREAD,Small Cap,,,,,,,,,,,,,,,,,
,,,,,,,PIONRINV,Small Cap,,,,,,,,,,,,,,,,,
,,,,,,,JEYYAM,Small Cap,,,,,,,,,,,,,,,,,
,,,,,,,SMARTLINK,Small Cap,,,,,,,,,,,,,,,,,
,,,,,,,539196,Small Cap,,,,,,,,,,,,,,,,,
,,,,,,,539275,Small Cap,,,,,,,,,,,,,,,,,
,,,,,,,KEYFINSERV,Small Cap,,,,,,,,,,,,,,,,,
,,,,,,,544708,Small Cap,,,,,,,,,,,,,,,,,
,,,,,,,539288,Small Cap,,,,,,,,,,,,,,,,,
,,,,,,,HPIL,Small Cap,,,,,,,,,,,,,,,,,
,,,,,,,XELPMOC,Small Cap,,,,,,,,,,,,,,,,,
,,,,,,,540192,Small Cap,,,,,,,,,,,,,,,,,
,,,,,,,INDBANK,Small Cap,,,,,,,,,,,,,,,,,
,,,,,,,POSITRON,Small Cap,,,,,,,,,,,,,,,,,
,,,,,,,537326,Small Cap,,,,,,,,,,,,,,,,,
,,,,,,,504908,Small Cap,,,,,,,,,,,,,,,,,
,,,,,,,539115,Small Cap,,,,,,,,,,,,,,,,,
,,,,,,,517372,Small Cap,,,,,,,,,,,,,,,,,
,,,,,,,540168,Small Cap,,,,,,,,,,,,,,,,,
,,,,,,,524502,Small Cap,,,,,,,,,,,,,,,,,
,,,,,,,PROFX,Small Cap,,,,,,,,,,,,,,,,,
,,,,,,,IBLFL,Small Cap,,,,,,,,,,,,,,,,,
,,,,,,,DTIL,Small Cap,,,,,,,,,,,,,,,,,
,,,,,,,523309,Small Cap,,,,,,,,,,,,,,,,,
,,,,,,,SIGIND,Small Cap,,,,,,,,,,,,,,,,,
,,,,,,,AVATAR,Small Cap,,,,,,,,,,,,,,,,,
,,,,,,,540401,Small Cap,,,,,,,,,,,,,,,,,
,,,,,,,524218,Small Cap,,,,,,,,,,,,,,,,,
,,,,,,,501391,Small Cap,,,,,,,,,,,,,,,,,
,,,,,,,542579,Small Cap,,,,,,,,,,,,,,,,,
,,,,,,,RUCHINFRA,Small Cap,,,,,,,,,,,,,,,,,
,,,,,,,544514,Small Cap,,,,,,,,,,,,,,,,,
,,,,,,,512099,Small Cap,,,,,,,,,,,,,,,,,
,,,,,,,BARFLEX,Small Cap,,,,,,,,,,,,,,,,,
,,,,,,,id,Small Cap,,,,,,,,,,,,,,,,,
,,,,,,,PRAENG,Small Cap,,,,,,,,,,,,,,,,,
,,,,,,,JAYESH,Small Cap,,,,,,,,,,,,,,,,,
,,,,,,,MUKTAARTS,Small Cap,,,,,,,,,,,,,,,,,
,,,,,,,SALONA,Small Cap,,,,,,,,,,,,,,,,,
,,,,,,,RAPIDFLEET,Small Cap,,,,,,,,,,,,,,,,,
,,,,,,,BI,Small Cap,,,,,,,,,,,,,,,,,
,,,,,,,516003,Small Cap,,,,,,,,,,,,,,,,,
,,,,,,,526731,Small Cap,,,,,,,,,,,,,,,,,
,,,,,,,523054,Small Cap,,,,,,,,,,,,,,,,,
,,,,,,,530741,Small Cap,,,,,,,,,,,,,,,,,
,,,,,,,509026,Small Cap,,,,,,,,,,,,,,,,,
,,,,,,,MAHAPEXLTD,Small Cap,,,,,,,,,,,,,,,,,
,,,,,,,532056,Small Cap,,,,,,,,,,,,,,,,,
,,,,,,,ALPA,Small Cap,,,,,,,,,,,,,,,,,
,,,,,,,517172,Small Cap,,,,,,,,,,,,,,,,,
,,,,,,,532102,Small Cap,,,,,,,,,,,,,,,,,
,,,,,,,AERON,Small Cap,,,,,,,,,,,,,,,,,
,,,,,,,512277,Small Cap,,,,,,,,,,,,,,,,,
,,,,,,,ALPHAGEO,Small Cap,,,,,,,,,,,,,,,,,
,,,,,,,SHBAJRG,Small Cap,,,,,,,,,,,,,,,,,
,,,,,,,543848,Small Cap,,,,,,,,,,,,,,,,,
,,,,,,,HECPROJECT,Small Cap,,,,,,,,,,,,,,,,,
,,,,,,,539175,Small Cap,,,,,,,,,,,,,,,,,
,,,,,,,BALPHARMA,Small Cap,,,,,,,,,,,,,,,,,
,,,,,,,LAGNAM,Small Cap,,,,,,,,,,,,,,,,,
,,,,,,,NARMADA,Small Cap,,,,,,,,,,,,,,,,,
,,,,,,,532384,Small Cap,,,,,,,,,,,,,,,,,
,,,,,,,531260,Small Cap,,,,,,,,,,,,,,,,,
,,,,,,,SAMBHAAV,Small Cap,,,,,,,,,,,,,,,,,
,,,,,,,532230,Small Cap,,,,,,,,,,,,,,,,,
,,,,,,,MAGNUM,Small Cap,,,,,,,,,,,,,,,,,
,,,,,,,LAKSHYA,Small Cap,,,,,,,,,,,,,,,,,
,,,,,,,543499,Small Cap,,,,,,,,,,,,,,,,,
,,,,,,,BHANDARI,Small Cap,,,,,,,,,,,,,,,,,
,,,,,,,IPHL,Small Cap,,,,,,,,,,,,,,,,,
,,,,,,,SHAHALLOYS,Small Cap,,,,,,,,,,,,,,,,,
,,,,,,,540395,Small Cap,,,,,,,,,,,,,,,,,
,,,,,,,507645,Small Cap,,,,,,,,,,,,,,,,,
,,,,,,,BALAXI,Small Cap,,,,,,,,,,,,,,,,,
,,,,,,,523732,Small Cap,,,,,,,,,,,,,,,,,
,,,,,,,526025,Small Cap,,,,,,,,,,,,,,,,,
,,,,,,,ENSER,Small Cap,,,,,,,,,,,,,,,,,
,,,,,,,NEPHROCARE,Small Cap,,,,,,,,,,,,,,,,,
,,,,,,,ISFT,Small Cap,,,,,,,,,,,,,,,,,
,,,,,,,RAPPID,Small Cap,,,,,,,,,,,,,,,,,
,,,,,,,RELIABLE,Small Cap,,,,,,,,,,,,,,,,,
,,,,,,,LATTEYS,Small Cap,,,,,,,,,,,,,,,,,
,,,,,,,531390,Small Cap,,,,,,,,,,,,,,,,,
,,,,,,,544571,Small Cap,,,,,,,,,,,,,,,,,
,,,,,,,544724,Small Cap,,,,,,,,,,,,,,,,,
,,,,,,,543993,Small Cap,,,,,,,,,,,,,,,,,
,,,,,,,540686,Small Cap,,,,,,,,,,,,,,,,,
,,,,,,,SIDDHIKA,Small Cap,,,,,,,,,,,,,,,,,
,,,,,,,531287,Small Cap,,,,,,,,,,,,,,,,,
,,,,,,,AARTECH,Small Cap,,,,,,,,,,,,,,,,,
,,,,,,,SHYAMDHANI,Small Cap,,,,,,,,,,,,,,,,,
,,,,,,,517477,Small Cap,,,,,,,,,,,,,,,,,
,,,,,,,MASTER,Small Cap,,,,,,,,,,,,,,,,,
,,,,,,,535566,Small Cap,,,,,,,,,,,,,,,,,
,,,,,,,MITCON,Small Cap,,,,,,,,,,,,,,,,,
,,,,,,,542910,Small Cap,,,,,,,,,,,,,,,,,
,,,,,,,WOL3D,Small Cap,,,,,,,,,,,,,,,,,
,,,,,,,531399,Small Cap,,,,,,,,,,,,,,,,,
,,,,,,,PRLIND,Small Cap,,,,,,,,,,,,,,,,,
,,,,,,,505302,Small Cap,,,,,,,,,,,,,,,,,
,,,,,,,EEPL,Small Cap,,,,,,,,,,,,,,,,,
,,,,,,,SAMPANN,Small Cap,,,,,,,,,,,,,,,,,
,,,,,,,544671,Small Cap,,,,,,,,,,,,,,,,,
,,,,,,,CROWN,Small Cap,,,,,,,,,,,,,,,,,
,,,,,,,534060,Small Cap,,,,,,,,,,,,,,,,,
,,,,,,,GREENCHEF,Small Cap,,,,,,,,,,,,,,,,,
,,,,,,,URAVIDEF,Small Cap,,,,,,,,,,,,,,,,,
,,,,,,,503816,Small Cap,,,,,,,,,,,,,,,,,
,,,,,,,544105,Small Cap,,,,,,,,,,,,,,,,,
,,,,,,,532879,Small Cap,,,,,,,,,,,,,,,,,
,,,,,,,505827,Small Cap,,,,,,,,,,,,,,,,,
,,,,,,,REPL,Small Cap,,,,,,,,,,,,,,,,,
,,,,,,,CORALFINAC,Small Cap,,,,,,,,,,,,,,,,,
,,,,,,,INDIANCARD,Small Cap,,,,,,,,,,,,,,,,,
,,,,,,,SPECTSTM,Small Cap,,,,,,,,,,,,,,,,,
,,,,,,,KREBSBIO,Small Cap,,,,,,,,,,,,,,,,,
,,,,,,,539219,Small Cap,,,,,,,,,,,,,,,,,
,,,,,,,526211,Small Cap,,,,,,,,,,,,,,,,,
,,,,,,,530077,Small Cap,,,,,,,,,,,,,,,,,
,,,,,,,KHFM,Small Cap,,,,,,,,,,,,,,,,,
,,,,,,,SURANASOL,Small Cap,,,,,,,,,,,,,,,,,
,,,,,,,511260,Small Cap,,,,,,,,,,,,,,,,,
,,,,,,,BHADORA,Small Cap,,,,,,,,,,,,,,,,,
,,,,,,,543753,Small Cap,,,,,,,,,,,,,,,,,
,,,,,,,542803,Small Cap,,,,,,,,,,,,,,,,,
,,,,,,,MANILAM,Small Cap,,,,,,,,,,,,,,,,,
,,,,,,,513369,Small Cap,,,,,,,,,,,,,,,,,
,,,,,,,544482,Small Cap,,,,,,,,,,,,,,,,,
,,,,,,,531673,Small Cap,,,,,,,,,,,,,,,,,
,,,,,,,PRAXIS,Small Cap,,,,,,,,,,,,,,,,,
,,,,,,,539620,Small Cap,,,,,,,,,,,,,,,,,
,,,,,,,530617,Small Cap,,,,,,,,,,,,,,,,,
,,,,,,,SECMARK,Small Cap,,,,,,,,,,,,,,,,,
,,,,,,,TEXMOPIPES,Small Cap,,,,,,,,,,,,,,,,,
,,,,,,,544391,Small Cap,,,,,,,,,,,,,,,,,
,,,,,,,VITAL,Small Cap,,,,,,,,,,,,,,,,,
,,,,,,,TARMAT,Small Cap,,,,,,,,,,,,,,,,,
,,,,,,,526971,Small Cap,,,,,,,,,,,,,,,,,
,,,,,,,NORBTEAEXP,Small Cap,,,,,,,,,,,,,,,,,
,,,,,,,ACCPL,Small Cap,,,,,,,,,,,,,,,,,
,,,,,,,530589,Small Cap,,,,,,,,,,,,,,,,,
,,,,,,,SONAL,Small Cap,,,,,,,,,,,,,,,,,
,,,,,,,PREMCO,Small Cap,,,,,,,,,,,,,,,,,
,,,,,,,AESTHETIK,Small Cap,,,,,,,,,,,,,,,,,
,,,,,,,543897,Small Cap,,,,,,,,,,,,,,,,,
,,,,,,,543805,Small Cap,,,,,,,,,,,,,,,,,
,,,,,,,THACKER,Small Cap,,,,,,,,,,,,,,,,,
,,,,,,,CUBEXTUB,Small Cap,,,,,,,,,,,,,,,,,
,,,,,,,539661,Small Cap,,,,,,,,,,,,,,,,,
,,,,,,,523116,Small Cap,,,,,,,,,,,,,,,,,
,,,,,,,500319,Small Cap,,,,,,,,,,,,,,,,,
,,,,,,,530317,Small Cap,,,,,,,,,,,,,,,,,
,,,,,,,544710,Small Cap,,,,,,,,,,,,,,,,,
,,,,,,,524582,Small Cap,,,,,,,,,,,,,,,,,
,,,,,,,501848,Small Cap,,,,,,,,,,,,,,,,,
,,,,,,,LANDSMILL,Small Cap,,,,,,,,,,,,,,,,,
,,,,,,,530585,Small Cap,,,,,,,,,,,,,,,,,
,,,,,,,539167,Small Cap,,,,,,,,,,,,,,,,,
,,,,,,,id,Small Cap,,,,,,,,,,,,,,,,,
,,,,,,,MAYASHEEL,Small Cap,,,,,,,,,,,,,,,,,
,,,,,,,KANDARP,Small Cap,,,,,,,,,,,,,,,,,
,,,,,,,526614,Small Cap,,,,,,,,,,,,,,,,,
,,,,,,,VIPULLTD,Small Cap,,,,,,,,,,,,,,,,,
,,,,,,,WEIZMANIND,Small Cap,,,,,,,,,,,,,,,,,
,,,,,,,LAHOTIOV,Small Cap,,,,,,,,,,,,,,,,,
,,,,,,,544108,Small Cap,,,,,,,,,,,,,,,,,
,,,,,,,NOIDATOLL,Small Cap,,,,,,,,,,,,,,,,,
,,,,,,,540252,Small Cap,,,,,,,,,,,,,,,,,
,,,,,,,SSFL,Small Cap,,,,,,,,,,,,,,,,,
,,,,,,,BSL,Small Cap,,,,,,,,,,,,,,,,,
,,,,,,,DOLLEX,Small Cap,,,,,,,,,,,,,,,,,
,,,,,,,544680,Small Cap,,,,,,,,,,,,,,,,,
,,,,,,,512437,Small Cap,,,,,,,,,,,,,,,,,
,,,,,,,540809,Small Cap,,,,,,,,,,,,,,,,,
,,,,,,,540519,Small Cap,,,,,,,,,,,,,,,,,
,,,,,,,544643,Small Cap,,,,,,,,,,,,,,,,,
,,,,,,,503127,Small Cap,,,,,,,,,,,,,,,,,
,,,,,,,AIROLAM,Small Cap,,,,,,,,,,,,,,,,,
,,,,,,,517393,Small Cap,,,,,,,,,,,,,,,,,
,,,,,,,544177,Small Cap,,,,,,,,,,,,,,,,,
,,,,,,,526861,Small Cap,,,,,,,,,,,,,,,,,
,,,,,,,504273,Small Cap,,,,,,,,,,,,,,,,,
,,,,,,,505893,Small Cap,,,,,,,,,,,,,,,,,
,,,,,,,544747,Small Cap,,,,,,,,,,,,,,,,,
,,,,,,,544553,Small Cap,,,,,,,,,,,,,,,,,
,,,,,,,504840,Small Cap,,,,,,,,,,,,,,,,,
,,,,,,,544506,Small Cap,,,,,,,,,,,,,,,,,
,,,,,,,PURVFLEXI,Small Cap,,,,,,,,,,,,,,,,,
,,,,,,,AARADHYA,Small Cap,,,,,,,,,,,,,,,,,
,,,,,,,LAL,Small Cap,,,,,,,,,,,,,,,,,
,,,,,,,531540,Small Cap,,,,,,,,,,,,,,,,,
,,,,,,,538732,Small Cap,,,,,,,,,,,,,,,,,
,,,,,,,PARTYCRUS,Small Cap,,,,,,,,,,,,,,,,,
,,,,,,,SOMICONVEY,Small Cap,,,,,,,,,,,,,,,,,
,,,,,,,541228,Small Cap,,,,,,,,,,,,,,,,,
,,,,,,,531971,Small Cap,,,,,,,,,,,,,,,,,
,,,,,,,BCPL,Small Cap,,,,,,,,,,,,,,,,,
,,,,,,,GANGESSECU,Small Cap,,,,,,,,,,,,,,,,,
,,,,,,,505737,Small Cap,,,,,,,,,,,,,,,,,
,,,,,,,ANIKINDS,Small Cap,,,,,,,,,,,,,,,,,
,,,,,,,531234,Small Cap,,,,,,,,,,,,,,,,,
,,,,,,,SOTAC,Small Cap,,,,,,,,,,,,,,,,,
,,,,,,,ADDICTIVE,Small Cap,,,,,,,,,,,,,,,,,
,,,,,,,540788,Small Cap,,,,,,,,,,,,,,,,,
,,,,,,,RPPL,Small Cap,,,,,,,,,,,,,,,,,
,,,,,,,VALUE360,Small Cap,,,,,,,,,,,,,,,,,
,,,,,,,KCEIL,Small Cap,,,,,,,,,,,,,,,,,
,,,,,,,ALUWIND,Small Cap,,,,,,,,,,,,,,,,,
,,,,,,,526727,Small Cap,,,,,,,,,,,,,,,,,
,,,,,,,THAKDEV,Small Cap,,,,,,,,,,,,,,,,,
,,,,,,,WIPL,Small Cap,,,,,,,,,,,,,,,,,
,,,,,,,538565,Small Cap,,,,,,,,,,,,,,,,,
,,,,,,,USK,Small Cap,,,,,,,,,,,,,,,,,
,,,,,,,BIOPOL,Small Cap,,,,,,,,,,,,,,,,,
,,,,,,,541702,Small Cap,,,,,,,,,,,,,,,,,
,,,,,,,531994,Small Cap,,,,,,,,,,,,,,,,,
,,,,,,,539574,Small Cap,,,,,,,,,,,,,,,,,
,,,,,,,531215,Small Cap,,,,,,,,,,,,,,,,,
,,,,,,,AAATECH,Small Cap,,,,,,,,,,,,,,,,,
,,,,,,,544667,Small Cap,,,,,,,,,,,,,,,,,
,,,,,,,DCG,Small Cap,,,,,,,,,,,,,,,,,
,,,,,,,GTL,Small Cap,,,,,,,,,,,,,,,,,
,,,,,,,VR,Small Cap,,,,,,,,,,,,,,,,,
,,,,,,,HINDCON,Small Cap,,,,,,,,,,,,,,,,,
,,,,,,,SHRIKRISH,Small Cap,,,,,,,,,,,,,,,,,
,,,,,,,523120,Small Cap,,,,,,,,,,,,,,,,,
,,,,,,,522165,Small Cap,,,,,,,,,,,,,,,,,
,,,,,,,532262,Small Cap,,,,,,,,,,,,,,,,,
,,,,,,,512493,Small Cap,,,,,,,,,,,,,,,,,
,,,,,,,513693,Small Cap,,,,,,,,,,,,,,,,,
,,,,,,,VISHWARAJ,Small Cap,,,,,,,,,,,,,,,,,
,,,,,,,500058,Small Cap,,,,,,,,,,,,,,,,,
,,,,,,,JOCIL,Small Cap,,,,,,,,,,,,,,,,,
,,,,,,,RICHA,Small Cap,,,,,,,,,,,,,,,,,
,,,,,,,INNOMET,Small Cap,,,,,,,,,,,,,,,,,
,,,,,,,TBI,Small Cap,,,,,,,,,,,,,,,,,
,,,,,,,MOXSH,Small Cap,,,,,,,,,,,,,,,,,
,,,,,,,544629,Small Cap,,,,,,,,,,,,,,,,,
,,,,,,,BTML,Small Cap,,,,,,,,,,,,,,,,,
,,,,,,,STEELCITY,Small Cap,,,,,,,,,,,,,,,,,
,,,,,,,RSDFIN,Small Cap,,,,,,,,,,,,,,,,,
,,,,,,,CANARYS,Small Cap,,,,,,,,,,,,,,,,,
,,,,,,,RAJSREESUG,Small Cap,,,,,,,,,,,,,,,,,
,,,,,,,DELAPLEX,Small Cap,,,,,,,,,,,,,,,,,
,,,,,,,URBAN,Small Cap,,,,,,,,,,,,,,,,,
,,,,,,,517236,Small Cap,,,,,,,,,,,,,,,,,
,,,,,,,544627,Small Cap,,,,,,,,,,,,,,,,,
,,,,,,,530315,Small Cap,,,,,,,,,,,,,,,,,
,,,,,,,544495,Small Cap,,,,,,,,,,,,,,,,,
,,,,,,,506530,Small Cap,,,,,,,,,,,,,,,,,
,,,,,,,524687,Small Cap,,,,,,,,,,,,,,,,,
,,,,,,,531254,Small Cap,,,,,,,,,,,,,,,,,
,,,,,,,KKJEWELS,Small Cap,,,,,,,,,,,,,,,,,
,,,,,,,538875,Small Cap,,,,,,,,,,,,,,,,,
,,,,,,,DUCON,Small Cap,,,,,,,,,,,,,,,,,
,,,,,,,HILTON,Small Cap,,,,,,,,,,,,,,,,,
,,,,,,,FORGEAUTO,Small Cap,,,,,,,,,,,,,,,,,
,,,,,,,MGSL,Small Cap,,,,,,,,,,,,,,,,,
,,,,,,,PAR,Small Cap,,,,,,,,,,,,,,,,,
,,,,,,,536565,Small Cap,,,,,,,,,,,,,,,,,
,,,,,,,532435,Small Cap,,,,,,,,,,,,,,,,,
,,,,,,,540455,Small Cap,,,,,,,,,,,,,,,,,
,,,,,,,519238,Small Cap,,,,,,,,,,,,,,,,,
,,,,,,,EMKAYTOOLS,Small Cap,,,,,,,,,,,,,,,,,
,,,,,,,SURYALAXMI,Small Cap,,,,,,,,,,,,,,,,,
,,,,,,,504080,Small Cap,,,,,,,,,,,,,,,,,
,,,,,,,543874,Small Cap,,,,,,,,,,,,,,,,,
,,,,,,,RTL,Small Cap,,,,,,,,,,,,,,,,,
,,,,,,,500220,Small Cap,,,,,,,,,,,,,,,,,
,,,,,,,OBCL,Small Cap,,,,,,,,,,,,,,,,,
,,,,,,,530045,Small Cap,,,,,,,,,,,,,,,,,
,,,,,,,505693,Small Cap,,,,,,,,,,,,,,,,,
,,,,,,,MAITREYA,Small Cap,,,,,,,,,,,,,,,,,
,,,,,,,542721,Small Cap,,,,,,,,,,,,,,,,,
,,,,,,,GVPTECH,Small Cap,,,,,,,,,,,,,,,,,
,,,,,,,SATTVAENGG,Small Cap,,,,,,,,,,,,,,,,,
,,,,,,,REGENCERAM,Small Cap,,,,,,,,,,,,,,,,,
,,,,,,,513528,Small Cap,,,,,,,,,,,,,,,,,
,,,,,,,BNALTD,Small Cap,,,,,,,,,,,,,,,,,
,,,,,,,RNPL,Small Cap,,,,,,,,,,,,,,,,,
,,,,,,,520075,Small Cap,,,,,,,,,,,,,,,,,
,,,,,,,508905,Small Cap,,,,,,,,,,,,,,,,,
,,,,,,,DBSTOCKBRO,Small Cap,,,,,,,,,,,,,,,,,
,,,,,,,509486,Small Cap,,,,,,,,,,,,,,,,,
,,,,,,,PATTECH,Small Cap,,,,,,,,,,,,,,,,,
,,,,,,,OSWALSEEDS,Small Cap,,,,,,,,,,,,,,,,,
,,,,,,,ZENITHEXPO,Small Cap,,,,,,,,,,,,,,,,,
,,,,,,,521097,Small Cap,,,,,,,,,,,,,,,,,
,,,,,,,SCML,Small Cap,,,,,,,,,,,,,,,,,
,,,,,,,MOTOGENFIN,Small Cap,,,,,,,,,,,,,,,,,
,,,,,,,539401,Small Cap,,,,,,,,,,,,,,,,,
,,,,,,,538564,Small Cap,,,,,,,,,,,,,,,,,
,,,,,,,GLOBE,Small Cap,,,,,,,,,,,,,,,,,
,,,,,,,RAJTV,Small Cap,,,,,,,,,,,,,,,,,
,,,,,,,526488,Small Cap,,,,,,,,,,,,,,,,,
,,,,,,,506579,Small Cap,,,,,,,,,,,,,,,,,
,,,,,,,540613,Small Cap,,,,,,,,,,,,,,,,,
,,,,,,,RHFL,Small Cap,,,,,,,,,,,,,,,,,
,,,,,,,530055,Small Cap,,,,,,,,,,,,,,,,,
,,,,,,,RAJMET,Small Cap,,,,,,,,,,,,,,,,,
,,,,,,,AMBANIORGO,Small Cap,,,,,,,,,,,,,,,,,
,,,,,,,DTL,Small Cap,,,,,,,,,,,,,,,,,
,,,,,,,UHTL,Small Cap,,,,,,,,,,,,,,,,,
,,,,,,,511200,Small Cap,,,,,,,,,,,,,,,,,
,,,,,,,544673,Small Cap,,,,,,,,,,,,,,,,,
,,,,,,,LOVABLE,Small Cap,,,,,,,,,,,,,,,,,
,,,,,,,LAMBODHARA,Small Cap,,,,,,,,,,,,,,,,,
,,,,,,,511018,Small Cap,,,,,,,,,,,,,,,,,
,,,,,,,538964,Small Cap,,,,,,,,,,,,,,,,,
,,,,,,,MOBILISE,Small Cap,,,,,,,,,,,,,,,,,
,,,,,,,514360,Small Cap,,,,,,,,,,,,,,,,,
,,,,,,,LOYALTEX,Small Cap,,,,,,,,,,,,,,,,,
,,,,,,,509051,Small Cap,,,,,,,,,,,,,,,,,
,,,,,,,544106,Small Cap,,,,,,,,,,,,,,,,,
,,,,,,,SPCON,Small Cap,,,,,,,,,,,,,,,,,
,,,,,,,543598,Small Cap,,,,,,,,,,,,,,,,,
,,,,,,,BAGFILMS,Small Cap,,,,,,,,,,,,,,,,,
,,,,,,,514272,Small Cap,,,,,,,,,,,,,,,,,
,,,,,,,COMPUSOFT,Small Cap,,,,,,,,,,,,,,,,,
,,,,,,,543312,Small Cap,,,,,,,,,,,,,,,,,
,,,,,,,524640,Small Cap,,,,,,,,,,,,,,,,,
,,,,,,,517429,Small Cap,,,,,,,,,,,,,,,,,
,,,,,,,MOKSH,Small Cap,,,,,,,,,,,,,,,,,
,,,,,,,519471,Small Cap,,,,,,,,,,,,,,,,,
,,,,,,,KAYTEX,Small Cap,,,,,,,,,,,,,,,,,
,,,,,,,GROBTEA,Small Cap,,,,,,,,,,,,,,,,,
,,,,,,,SIL,Small Cap,,,,,,,,,,,,,,,,,
,,,,,,,507852,Small Cap,,,,,,,,,,,,,,,,,
,,,,,,,544554,Small Cap,,,,,,,,,,,,,,,,,
,,,,,,,INVENTURE,Small Cap,,,,,,,,,,,,,,,,,
,,,,,,,530449,Small Cap,,,,,,,,,,,,,,,,,
,,,,,,,531841,Small Cap,,,,,,,,,,,,,,,,,
,,,,,,,531923,Small Cap,,,,,,,,,,,,,,,,,
,,,,,,,516032,Small Cap,,,,,,,,,,,,,,,,,
,,,,,,,SHYAMCENT,Small Cap,,,,,,,,,,,,,,,,,
,,,,,,,HOLMARC,Small Cap,,,,,,,,,,,,,,,,,
,,,,,,,530881,Small Cap,,,,,,,,,,,,,,,,,
,,,,,,,540730,Small Cap,,,,,,,,,,,,,,,,,
,,,,,,,502587,Small Cap,,,,,,,,,,,,,,,,,
,,,,,,,SMLT,Small Cap,,,,,,,,,,,,,,,,,
,,,,,,,AAKAAR,Small Cap,,,,,,,,,,,,,,,,,
,,,,,,,ARTNIRMAN,Small Cap,,,,,,,,,,,,,,,,,
,,,,,,,541347,Small Cap,,,,,,,,,,,,,,,,,
,,,,,,,531609,Small Cap,,,,,,,,,,,,,,,,,
,,,,,,,538965,Small Cap,,,,,,,,,,,,,,,,,
,,,,,,,544381,Small Cap,,,,,,,,,,,,,,,,,
,,,,,,,523696,Small Cap,,,,,,,,,,,,,,,,,
,,,,,,,543515,Small Cap,,,,,,,,,,,,,,,,,
,,,,,,,544751,Small Cap,,,,,,,,,,,,,,,,,
,,,,,,,500389,Small Cap,,,,,,,,,,,,,,,,,
,,,,,,,543262,Small Cap,,,,,,,,,,,,,,,,,
,,,,,,,539767,Small Cap,,,,,,,,,,,,,,,,,
,,,,,,,544676,Small Cap,,,,,,,,,,,,,,,,,
,,,,,,,544498,Small Cap,,,,,,,,,,,,,,,,,
,,,,,,,519287,Small Cap,,,,,,,,,,,,,,,,,
,,,,,,,522183,Small Cap,,,,,,,,,,,,,,,,,
,,,,,,,543435,Small Cap,,,,,,,,,,,,,,,,,
,,,,,,,FONEBOX,Small Cap,,,,,,,,,,,,,,,,,
,,,,,,,id,Small Cap,,,,,,,,,,,,,,,,,
,,,,,,,STRIDERS,Small Cap,,,,,,,,,,,,,,,,,
,,,,,,,514302,Small Cap,,,,,,,,,,,,,,,,,
,,,,,,,SYLVANPLY,Small Cap,,,,,,,,,,,,,,,,,
,,,,,,,530621,Small Cap,,,,,,,,,,,,,,,,,
,,,,,,,SELLOWRAP,Small Cap,,,,,,,,,,,,,,,,,
,,,,,,,512379,Small Cap,,,,,,,,,,,,,,,,,
,,,,,,,538540,Small Cap,,,,,,,,,,,,,,,,,
,,,,,,,USASEEDS,Small Cap,,,,,,,,,,,,,,,,,
,,,,,,,ONDOOR,Small Cap,,,,,,,,,,,,,,,,,
,,,,,,,539277,Small Cap,,,,,,,,,,,,,,,,,
,,,,,,,537536,Small Cap,,,,,,,,,,,,,,,,,
,,,,,,,544544,Small Cap,,,,,,,,,,,,,,,,,
,,,,,,,542911,Small Cap,,,,,,,,,,,,,,,,,
,,,,,,,AARNAV,Small Cap,,,,,,,,,,,,,,,,,
,,,,,,,513709,Small Cap,,,,,,,,,,,,,,,,,
,,,,,,,544257,Small Cap,,,,,,,,,,,,,,,,,
,,,,,,,CHETANA,Small Cap,,,,,,,,,,,,,,,,,
,,,,,,,531918,Small Cap,,,,,,,,,,,,,,,,,
,,,,,,,ABAN,Small Cap,,,,,,,,,,,,,,,,,
,,,,,,,526638,Small Cap,,,,,,,,,,,,,,,,,
,,,,,,,531489,Small Cap,,,,,,,,,,,,,,,,,
,,,,,,,DRONE,Small Cap,,,,,,,,,,,,,,,,,
,,,,,,,532015,Small Cap,,,,,,,,,,,,,,,,,
,,,,,,,CURIS,Small Cap,,,,,,,,,,,,,,,,,
,,,,,,,SELMC,Small Cap,,,,,,,,,,,,,,,,,
,,,,,,,526709,Small Cap,,,,,,,,,,,,,,,,,
,,,,,,,ONELIFECAP,Small Cap,,,,,,,,,,,,,,,,,
,,,,,,,530185,Small Cap,,,,,,,,,,,,,,,,,
,,,,,,,524572,Small Cap,,,,,,,,,,,,,,,,,
,,,,,,,AKSHOPTFBR,Small Cap,,,,,,,,,,,,,,,,,
,,,,,,,531959,Small Cap,,,,,,,,,,,,,,,,,
,,,,,,,532806,Small Cap,,,,,,,,,,,,,,,,,
,,,,,,,SEMAC,Small Cap,,,,,,,,,,,,,,,,,
,,,,,,,544199,Small Cap,,,,,,,,,,,,,,,,,
,,,,,,,544036,Small Cap,,,,,,,,,,,,,,,,,
,,,,,,,GOYALALUM,Small Cap,,,,,,,,,,,,,,,,,
,,,,,,,523483,Small Cap,,,,,,,,,,,,,,,,,
,,,,,,,KAKATCEM,Small Cap,,,,,,,,,,,,,,,,,
,,,,,,,526546,Small Cap,,,,,,,,,,,,,,,,,
,,,,,,,512018,Small Cap,,,,,,,,,,,,,,,,,
,,,,,,,WOMANCART,Small Cap,,,,,,,,,,,,,,,,,
,,,,,,,531911,Small Cap,,,,,,,,,,,,,,,,,
,,,,,,,504380,Small Cap,,,,,,,,,,,,,,,,,
,,,,,,,PARAGON,Small Cap,,,,,,,,,,,,,,,,,
,,,,,,,544073,Small Cap,,,,,,,,,,,,,,,,,
,,,,,,,543229,Small Cap,,,,,,,,,,,,,,,,,
,,,,,,,KEL,Small Cap,,,,,,,,,,,,,,,,,
,,,,,,,PALASHSECU,Small Cap,,,,,,,,,,,,,,,,,
,,,,,,,530723,Small Cap,,,,,,,,,,,,,,,,,
,,,,,,,523537,Small Cap,,,,,,,,,,,,,,,,,
,,,,,,,BEARDSELL,Small Cap,,,,,,,,,,,,,,,,,
,,,,,,,539353,Small Cap,,,,,,,,,,,,,,,,,
,,,,,,,500421,Small Cap,,,,,,,,,,,,,,,,,
,,,,,,,500360,Small Cap,,,,,,,,,,,,,,,,,
,,,,,,,523232,Small Cap,,,,,,,,,,,,,,,,,
,,,,,,,532373,Small Cap,,,,,,,,,,,,,,,,,
,,,,,,,524564,Small Cap,,,,,,,,,,,,,,,,,
,,,,,,,500322,Small Cap,,,,,,,,,,,,,,,,,
,,,,,,,SADBHIN,Small Cap,,,,,,,,,,,,,,,,,
,,,,,,,517170,Small Cap,,,,,,,,,,,,,,,,,
,,,,,,,NAVKARURB,Small Cap,,,,,,,,,,,,,,,,,
,,,,,,,506919,Small Cap,,,,,,,,,,,,,,,,,
,,,,,,,IEML,Small Cap,,,,,,,,,,,,,,,,,
,,,,,,,532160,Small Cap,,,,,,,,,,,,,,,,,
,,,,,,,544552,Small Cap,,,,,,,,,,,,,,,,,
,,,,,,,519299,Small Cap,,,,,,,,,,,,,,,,,
,,,,,,,538706,Small Cap,,,,,,,,,,,,,,,,,
,,,,,,,BVCL,Small Cap,,,,,,,,,,,,,,,,,
,,,,,,,VELS,Small Cap,,,,,,,,,,,,,,,,,
,,,,,,,543615,Small Cap,,,,,,,,,,,,,,,,,
,,,,,,,JETFREIGHT,Small Cap,,,,,,,,,,,,,,,,,
,,,,,,,READYMIX,Small Cap,,,,,,,,,,,,,,,,,
,,,,,,,543860,Small Cap,,,,,,,,,,,,,,,,,
,,,,,,,DIGJAMLMTD,Small Cap,,,,,,,,,,,,,,,,,
,,,,,,,HDIL,Small Cap,,,,,,,,,,,,,,,,,
,,,,,,,511700,Small Cap,,,,,,,,,,,,,,,,,
,,,,,,,SLONE,Small Cap,,,,,,,,,,,,,,,,,
,,,,,,,SMARTEN,Small Cap,,,,,,,,,,,,,,,,,
,,,,,,,531688,Small Cap,,,,,,,,,,,,,,,,,
,,,,,,,531802,Small Cap,,,,,,,,,,,,,,,,,
,,,,,,,CINEVISTA,Small Cap,,,,,,,,,,,,,,,,,
,,,,,,,RELCHEMQ,Small Cap,,,,,,,,,,,,,,,,,
,,,,,,,IDEALTECHO,Small Cap,,,,,,,,,,,,,,,,,
,,,,,,,544565,Small Cap,,,,,,,,,,,,,,,,,
,,,,,,,526137,Small Cap,,,,,,,,,,,,,,,,,
,,,,,,,526241,Small Cap,,,,,,,,,,,,,,,,,
,,,,,,,KOHINOOR,Small Cap,,,,,,,,,,,,,,,,,
,,,,,,,511391,Small Cap,,,,,,,,,,,,,,,,,
,,,,,,,MAXPOSURE,Small Cap,,,,,,,,,,,,,,,,,
,,,,,,,VAISHALI,Small Cap,,,,,,,,,,,,,,,,,
,,,,,,,543713,Small Cap,,,,,,,,,,,,,,,,,
,,,,,,,LPDC,Small Cap,,,,,,,,,,,,,,,,,
,,,,,,,535719,Small Cap,,,,,,,,,,,,,,,,,
,,,,,,,507962,Small Cap,,,,,,,,,,,,,,,,,
,,,,,,,MAL,Small Cap,,,,,,,,,,,,,,,,,
,,,,,,,507598,Small Cap,,,,,,,,,,,,,,,,,
,,,,,,,BANKA,Small Cap,,,,,,,,,,,,,,,,,
,,,,,,,544503,Small Cap,,,,,,,,,,,,,,,,,
,,,,,,,533896,Small Cap,,,,,,,,,,,,,,,,,
,,,,,,,531273,Small Cap,,,,,,,,,,,,,,,,,
,,,,,,,544546,Small Cap,,,,,,,,,,,,,,,,,
,,,,,,,544163,Small Cap,,,,,,,,,,,,,,,,,
,,,,,,,507498,Small Cap,,,,,,,,,,,,,,,,,
,,,,,,,TOTAL,Small Cap,,,,,,,,,,,,,,,,,
,,,,,,,530689,Small Cap,,,,,,,,,,,,,,,,,
,,,,,,,531127,Small Cap,,,,,,,,,,,,,,,,,
,,,,,,,VIAZ,Small Cap,,,,,,,,,,,,,,,,,
,,,,,,,TRUST,Small Cap,,,,,,,,,,,,,,,,,
,,,,,,,AAKASH,Small Cap,,,,,,,,,,,,,,,,,
,,,,,,,CLASSICEIL,Small Cap,,,,,,,,,,,,,,,,,
,,,,,,,530601,Small Cap,,,,,,,,,,,,,,,,,
,,,,,,,531813,Small Cap,,,,,,,,,,,,,,,,,
,,,,,,,id,Small Cap,,,,,,,,,,,,,,,,,
,,,,,,,544074,Small Cap,,,,,,,,,,,,,,,,,
,,,,,,,SHEEL,Small Cap,,,,,,,,,,,,,,,,,
,,,,,,,AMDIND,Small Cap,,,,,,,,,,,,,,,,,
,,,,,,,ZEAL,Small Cap,,,,,,,,,,,,,,,,,
,,,,,,,530341,Small Cap,,,,,,,,,,,,,,,,,
,,,,,,,544675,Small Cap,,,,,,,,,,,,,,,,,
,,,,,,,541778,Small Cap,,,,,,,,,,,,,,,,,
,,,,,,,CURAA,Small Cap,,,,,,,,,,,,,,,,,
,,,,,,,MDL,Small Cap,,,,,,,,,,,,,,,,,
,,,,,,,501833,Small Cap,,,,,,,,,,,,,,,,,
,,,,,,,524136,Small Cap,,,,,,,,,,,,,,,,,
,,,,,,,523186,Small Cap,,,,,,,,,,,,,,,,,
,,,,,,,ACCURACY,Small Cap,,,,,,,,,,,,,,,,,
,,,,,,,VDEAL,Small Cap,,,,,,,,,,,,,,,,,
,,,,,,,SPLIL,Small Cap,,,,,,,,,,,,,,,,,
,,,,,,,531126,Small Cap,,,,,,,,,,,,,,,,,
,,,,,,,509472,Small Cap,,,,,,,,,,,,,,,,,
,,,,,,,JYOTIGLOBL,Small Cap,,,,,,,,,,,,,,,,,
,,,,,,,543239,Small Cap,,,,,,,,,,,,,,,,,
,,,,,,,RKEC,Small Cap,,,,,,,,,,,,,,,,,
,,,,,,,522251,Small Cap,,,,,,,,,,,,,,,,,
,,,,,,,537800,Small Cap,,,,,,,,,,,,,,,,,
,,,,,,,531888,Small Cap,,,,,,,,,,,,,,,,,
,,,,,,,544329,Small Cap,,,,,,,,,,,,,,,,,
,,,,,,,539773,Small Cap,,,,,,,,,,,,,,,,,
,,,,,,,543991,Small Cap,,,,,,,,,,,,,,,,,
,,,,,,,544059,Small Cap,,,,,,,,,,,,,,,,,
,,,,,,,532410,Small Cap,,,,,,,,,,,,,,,,,
,,,,,,,BLBLIMITED,Small Cap,,,,,,,,,,,,,,,,,
,,,,,,,526492,Small Cap,,,,,,,,,,,,,,,,,
,,,,,,,539991,Small Cap,,,,,,,,,,,,,,,,,
,,,,,,,514260,Small Cap,,,,,,,,,,,,,,,,,
,,,,,,,507968,Small Cap,,,,,,,,,,,,,,,,,
,,,,,,,PATINTLOG,Small Cap,,,,,,,,,,,,,,,,,
,,,,,,,ATAM,Small Cap,,,,,,,,,,,,,,,,,
,,,,,,,531977,Small Cap,,,,,,,,,,,,,,,,,
,,,,,,,536659,Small Cap,,,,,,,,,,,,,,,,,
,,,,,,,538926,Small Cap,,,,,,,,,,,,,,,,,
,,,,,,,KCK,Small Cap,,,,,,,,,,,,,,,,,
,,,,,,,UMAEXPORTS,Small Cap,,,,,,,,,,,,,,,,,
,,,,,,,540570,Small Cap,,,,,,,,,,,,,,,,,
,,,,,,,RSSOFTWARE,Small Cap,,,,,,,,,,,,,,,,,
,,,,,,,ZENITHSTL,Small Cap,,,,,,,,,,,,,,,,,
,,,,,,,526899,Small Cap,,,,,,,,,,,,,,,,,
,,,,,,,ITTL,Small Cap,,,,,,,,,,,,,,,,,
,,,,,,,FIBERWEB,Small Cap,,,,,,,,,,,,,,,,,
,,,,,,,519566,Small Cap,,,,,,,,,,,,,,,,,
,,,,,,,NAGREEKEXP,Small Cap,,,,,,,,,,,,,,,,,
,,,,,,,522294,Small Cap,,,,,,,,,,,,,,,,,
,,,,,,,INVICTA,Small Cap,,,,,,,,,,,,,,,,,
,,,,,,,MRIL,Small Cap,,,,,,,,,,,,,,,,,
,,,,,,,BEWLTD,Small Cap,,,,,,,,,,,,,,,,,
,,,,,,,544047,Small Cap,,,,,,,,,,,,,,,,,
,,,,,,,506186,Small Cap,,,,,,,,,,,,,,,,,
,,,,,,,AMEYA,Small Cap,,,,,,,,,,,,,,,,,
,,,,,,,530615,Small Cap,,,,,,,,,,,,,,,,,
,,,,,,,530043,Small Cap,,,,,,,,,,,,,,,,,
,,,,,,,TOKYOPLAST,Small Cap,,,,,,,,,,,,,,,,,
,,,,,,,KEN,Small Cap,,,,,,,,,,,,,,,,,
,,,,,,,544370,Small Cap,,,,,,,,,,,,,,,,,
,,,,,,,526841,Small Cap,,,,,,,,,,,,,,,,,
,,,,,,,539218,Small Cap,,,,,,,,,,,,,,,,,
,,,,,,,SILKY,Small Cap,,,,,,,,,,,,,,,,,
,,,,,,,519463,Small Cap,,,,,,,,,,,,,,,,,
,,,,,,,514386,Small Cap,,,,,,,,,,,,,,,,,
,,,,,,,MYMUDRA,Small Cap,,,,,,,,,,,,,,,,,
,,,,,,,543443,Small Cap,,,,,,,,,,,,,,,,,
,,,,,,,532057,Small Cap,,,,,,,,,,,,,,,,,
,,,,,,,544548,Small Cap,,,,,,,,,,,,,,,,,
,,,,,,,521005,Small Cap,,,,,,,,,,,,,,,,,
,,,,,,,PIONEEREMB,Small Cap,,,,,,,,,,,,,,,,,
,,,,,,,539391,Small Cap,,,,,,,,,,,,,,,,,
,,,,,,,543351,Small Cap,,,,,,,,,,,,,,,,,
,,,,,,,506605,Small Cap,,,,,,,,,,,,,,,,,
,,,,,,,VEEKAYEM,Small Cap,,,,,,,,,,,,,,,,,
,,,,,,,532933,Small Cap,,,,,,,,,,,,,,,,,
,,,,,,,SHREEOSFM,Small Cap,,,,,,,,,,,,,,,,,
,,,,,,,531119,Small Cap,,,,,,,,,,,,,,,,,
,,,,,,,502294,Small Cap,,,,,,,,,,,,,,,,,
,,,,,,,513507,Small Cap,,,,,,,,,,,,,,,,,
,,,,,,,533202,Small Cap,,,,,,,,,,,,,,,,,
,,,,,,,HISARMETAL,Small Cap,,,,,,,,,,,,,,,,,
,,,,,,,ODIGMA,Small Cap,,,,,,,,,,,,,,,,,
,,,,,,,DIGIKORE,Small Cap,,,,,,,,,,,,,,,,,
,,,,,,,REFRACTORY,Small Cap,,,,,,,,,,,,,,,,,
,,,,,,,NEWJAISA,Small Cap,,,,,,,,,,,,,,,,,
,,,,,,,544082,Small Cap,,,,,,,,,,,,,,,,,
,,,,,,,513337,Small Cap,,,,,,,,,,,,,,,,,
,,,,,,,517494,Small Cap,,,,,,,,,,,,,,,,,
,,,,,,,530545,Small Cap,,,,,,,,,,,,,,,,,
,,,,,,,ENERGYDEV,Small Cap,,,,,,,,,,,,,,,,,
,,,,,,,538092,Small Cap,,,,,,,,,,,,,,,,,
,,,,,,,TOUCHWOOD,Small Cap,,,,,,,,,,,,,,,,,
,,,,,,,544566,Small Cap,,,,,,,,,,,,,,,,,
,,,,,,,514165,Small Cap,,,,,,,,,,,,,,,,,
,,,,,,,542459,Small Cap,,,,,,,,,,,,,,,,,
,,,,,,,514030,Small Cap,,,,,,,,,,,,,,,,,
,,,,,,,SHKSIL,Small Cap,,,,,,,,,,,,,,,,,
,,,,,,,526445,Small Cap,,,,,,,,,,,,,,,,,
,,,,,,,519242,Small Cap,,,,,,,,,,,,,,,,,
,,,,,,,540614,Small Cap,,,,,,,,,,,,,,,,,
,,,,,,,531529,Small Cap,,,,,,,,,,,,,,,,,
,,,,,,,540654,Small Cap,,,,,,,,,,,,,,,,,
,,,,,,,540360,Small Cap,,,,,,,,,,,,,,,,,
,,,,,,,524534,Small Cap,,,,,,,,,,,,,,,,,
,,,,,,,CRAYONS,Small Cap,,,,,,,,,,,,,,,,,
,,,,,,,513059,Small Cap,,,,,,,,,,,,,,,,,
,,,,,,,BIRDYS,Small Cap,,,,,,,,,,,,,,,,,
,,,,,,,539659,Small Cap,,,,,,,,,,,,,,,,,
,,,,,,,HGM,Small Cap,,,,,,,,,,,,,,,,,
,,,,,,,LRRPL,Small Cap,,,,,,,,,,,,,,,,,
,,,,,,,544741,Small Cap,,,,,,,,,,,,,,,,,
,,,,,,,517554,Small Cap,,,,,,,,,,,,,,,,,
,,,,,,,535620,Small Cap,,,,,,,,,,,,,,,,,
,,,,,,,544711,Small Cap,,,,,,,,,,,,,,,,,
,,,,,,,538401,Small Cap,,,,,,,,,,,,,,,,,
,,,,,,,PARAMATRIX,Small Cap,,,,,,,,,,,,,,,,,
,,,,,,,544304,Small Cap,,,,,,,,,,,,,,,,,
,,,,,,,IL&FSTRANS,Small Cap,,,,,,,,,,,,,,,,,
,,,,,,,540332,Small Cap,,,,,,,,,,,,,,,,,
,,,,,,,511696,Small Cap,,,,,,,,,,,,,,,,,
,,,,,,,ASHALOG,Small Cap,,,,,,,,,,,,,,,,,
,,,,,,,524516,Small Cap,,,,,,,,,,,,,,,,,
,,,,,,,DIGIDRIVE,Small Cap,,,,,,,,,,,,,,,,,
,,,,,,,541445,Small Cap,,,,,,,,,,,,,,,,,
,,,,,,,543244,Small Cap,,,,,,,,,,,,,,,,,
,,,,,,,SRIVASAVI,Small Cap,,,,,,,,,,,,,,,,,
,,,,,,,511147,Small Cap,,,,,,,,,,,,,,,,,
,,,,,,,514280,Small Cap,,,,,,,,,,,,,,,,,
,,,,,,,PRAKASHSTL,Small Cap,,,,,,,,,,,,,,,,,
,,,,,,,532855,Small Cap,,,,,,,,,,,,,,,,,
,,,,,,,535267,Small Cap,,,,,,,,,,,,,,,,,
,,,,,,,ROXHITECH,Small Cap,,,,,,,,,,,,,,,,,
,,,,,,,544143,Small Cap,,,,,,,,,,,,,,,,,
,,,,,,,ARABIAN,Small Cap,,,,,,,,,,,,,,,,,
,,,,,,,517431,Small Cap,,,,,,,,,,,,,,,,,
,,,,,,,BANARBEADS,Small Cap,,,,,,,,,,,,,,,,,
,,,,,,,JHS,Small Cap,,,,,,,,,,,,,,,,,
,,,,,,,530533,Small Cap,,,,,,,,,,,,,,,,,
,,,,,,,538862,Small Cap,,,,,,,,,,,,,,,,,
,,,,,,,522027,Small Cap,,,,,,,,,,,,,,,,,
,,,,,,,513548,Small Cap,,,,,,,,,,,,,,,,,
,,,,,,,BONLON,Small Cap,,,,,,,,,,,,,,,,,
,,,,,,,530427,Small Cap,,,,,,,,,,,,,,,,,
,,,,,,,523842,Small Cap,,,,,,,,,,,,,,,,,
,,,,,,,514322,Small Cap,,,,,,,,,,,,,,,,,
,,,,,,,MARUSHIKA,Small Cap,,,,,,,,,,,,,,,,,
,,,,,,,524663,Small Cap,,,,,,,,,,,,,,,,,
,,,,,,,544327,Small Cap,,,,,,,,,,,,,,,,,
,,,,,,,512047,Small Cap,,,,,,,,,,,,,,,,,
,,,,,,,512297,Small Cap,,,,,,,,,,,,,,,,,
,,,,,,,544538,Small Cap,,,,,,,,,,,,,,,,,
,,,,,,,ARISTO,Small Cap,,,,,,,,,,,,,,,,,
,,,,,,,543902,Small Cap,,,,,,,,,,,,,,,,,
,,,,,,,ALCODIS,Small Cap,,,,,,,,,,,,,,,,,
,,,,,,,524614,Small Cap,,,,,,,,,,,,,,,,,
,,,,,,,500458,Small Cap,,,,,,,,,,,,,,,,,
,,,,,,,526544,Small Cap,,,,,,,,,,,,,,,,,
,,,,,,,526117,Small Cap,,,,,,,,,,,,,,,,,
,,,,,,,544388,Small Cap,,,,,,,,,,,,,,,,,
,,,,,,,SIDDHICOTS,Small Cap,,,,,,,,,,,,,,,,,
,,,,,,,517238,Small Cap,,,,,,,,,,,,,,,,,
,,,,,,,513005,Small Cap,,,,,,,,,,,,,,,,,
,,,,,,,NIBL,Small Cap,,,,,,,,,,,,,,,,,
,,,,,,,523650,Small Cap,,,,,,,,,,,,,,,,,
,,,,,,,SUNTECH,Small Cap,,,,,,,,,,,,,,,,,
,,,,,,,543497,Small Cap,,,,,,,,,,,,,,,,,
,,,,,,,514402,Small Cap,,,,,,,,,,,,,,,,,
,,,,,,,K2INFRA,Small Cap,,,,,,,,,,,,,,,,,
,,,,,,,515085,Small Cap,,,,,,,,,,,,,,,,,
,,,,,,,523019,Small Cap,,,,,,,,,,,,,,,,,
,,,,,,,532455,Small Cap,,,,,,,,,,,,,,,,,
,,,,,,,511626,Small Cap,,,,,,,,,,,,,,,,,
,,,,,,,ALKALI,Small Cap,,,,,,,,,,,,,,,,,
,,,,,,,539040,Small Cap,,,,,,,,,,,,,,,,,
,,,,,,,AJOONI,Small Cap,,,,,,,,,,,,,,,,,
,,,,,,,544185,Small Cap,,,,,,,,,,,,,,,,,
,,,,,,,PREMIUM,Small Cap,,,,,,,,,,,,,,,,,
,,,,,,,VILINBIO,Small Cap,,,,,,,,,,,,,,,,,
,,,,,,,GENSOL,Small Cap,,,,,,,,,,,,,,,,,
,,,,,,,544464,Small Cap,,,,,,,,,,,,,,,,,
,,,,,,,544351,Small Cap,,,,,,,,,,,,,,,,,
,,,,,,,539527,Small Cap,,,,,,,,,,,,,,,,,
,,,,,,,TRU,Small Cap,,,,,,,,,,,,,,,,,
,,,,,,,533289,Small Cap,,,,,,,,,,,,,,,,,
,,,,,,,511411,Small Cap,,,,,,,,,,,,,,,,,
,,,,,,,542046,Small Cap,,,,,,,,,,,,,,,,,
,,,,,,,530125,Small Cap,,,,,,,,,,,,,,,,,
,,,,,,,542019,Small Cap,,,,,,,,,,,,,,,,,
,,,,,,,508918,Small Cap,,,,,,,,,,,,,,,,,
,,,,,,,DAMODARIND,Small Cap,,,,,,,,,,,,,,,,,
,,,,,,,540590,Small Cap,,,,,,,,,,,,,,,,,
,,,,,,,CLSL,Small Cap,,,,,,,,,,,,,,,,,
,,,,,,,519457,Small Cap,,,,,,,,,,,,,,,,,
,,,,,,,KLL,Small Cap,,,,,,,,,,,,,,,,,
,,,,,,,MHHL,Small Cap,,,,,,,,,,,,,,,,,
,,,,,,,INTEGRITY,Small Cap,,,,,,,,,,,,,,,,,
,,,,,,,512441,Small Cap,,,,,,,,,,,,,,,,,
,,,,,,,531592,Small Cap,,,,,,,,,,,,,,,,,
,,,,,,,540204,Small Cap,,,,,,,,,,,,,,,,,
,,,,,,,530705,Small Cap,,,,,,,,,,,,,,,,,
,,,,,,,539545,Small Cap,,,,,,,,,,,,,,,,,
,,,,,,,524336,Small Cap,,,,,,,,,,,,,,,,,
,,,,,,,CADSYS,Small Cap,,,,,,,,,,,,,,,,,
,,,,,,,TFL,Small Cap,,,,,,,,,,,,,,,,,
,,,,,,,ORCHASP,Small Cap,,,,,,,,,,,,,,,,,
,,,,,,,514171,Small Cap,,,,,,,,,,,,,,,,,
,,,,,,,544475,Small Cap,,,,,,,,,,,,,,,,,
,,,,,,,PARASPETRO,Small Cap,,,,,,,,,,,,,,,,,
,,,,,,,532380,Small Cap,,,,,,,,,,,,,,,,,
,,,,,,,539314,Small Cap,,,,,,,,,,,,,,,,,
,,,,,,,507960,Small Cap,,,,,,,,,,,,,,,,,
,,,,,,,AISL,Small Cap,,,,,,,,,,,,,,,,,
,,,,,,,SANGINITA,Small Cap,,,,,,,,,,,,,,,,,
,,,,,,,OMFURN,Small Cap,,,,,,,,,,,,,,,,,
,,,,,,,517437,Small Cap,,,,,,,,,,,,,,,,,
,,,,,,,SECURKLOUD,Small Cap,,,,,,,,,,,,,,,,,
,,,,,,,531398,Small Cap,,,,,,,,,,,,,,,,,
,,,,,,,MILTON,Small Cap,,,,,,,,,,,,,,,,,
,,,,,,,532053,Small Cap,,,,,,,,,,,,,,,,,
,,,,,,,MARCO,Small Cap,,,,,,,,,,,,,,,,,
,,,,,,,539552,Small Cap,,,,,,,,,,,,,,,,,
,,,,,,,ZENITHDRUG,Small Cap,,,,,,,,,,,,,,,,,
,,,,,,,544472,Small Cap,,,,,,,,,,,,,,,,,
,,,,,,,ROML,Small Cap,,,,,,,,,,,,,,,,,
,,,,,,,EXCELLENT,Small Cap,,,,,,,,,,,,,,,,,
,,,,,,,526479,Small Cap,,,,,,,,,,,,,,,,,
,,,,,,,OSIAHYPER,Small Cap,,,,,,,,,,,,,,,,,
,,,,,,,532820,Small Cap,,,,,,,,,,,,,,,,,
,,,,,,,514358,Small Cap,,,,,,,,,,,,,,,,,
,,,,,,,SANGANI,Small Cap,,,,,,,,,,,,,,,,,
,,,,,,,543618,Small Cap,,,,,,,,,,,,,,,,,
,,,,,,,544287,Small Cap,,,,,,,,,,,,,,,,,
,,,,,,,544483,Small Cap,,,,,,,,,,,,,,,,,
,,,,,,,DHARAN,Small Cap,,,,,,,,,,,,,,,,,
,,,,,,,531278,Small Cap,,,,,,,,,,,,,,,,,
,,,,,,,522231,Small Cap,,,,,,,,,,,,,,,,,
,,,,,,,531163,Small Cap,,,,,,,,,,,,,,,,,
,,,,,,,NGIL,Small Cap,,,,,,,,,,,,,,,,,
,,,,,,,524204,Small Cap,,,,,,,,,,,,,,,,,
,,,,,,,523007,Small Cap,,,,,,,,,,,,,,,,,
,,,,,,,531861,Small Cap,,,,,,,,,,,,,,,,,
,,,,,,,VINEETLAB,Small Cap,,,,,,,,,,,,,,,,,
,,,,,,,526365,Small Cap,,,,,,,,,,,,,,,,,
,,,,,,,532975,Small Cap,,,,,,,,,,,,,,,,,
,,,,,,,RCDL,Small Cap,,,,,,,,,,,,,,,,,
,,,,,,,506734,Small Cap,,,,,,,,,,,,,,,,,
,,,,,,,KSR,Small Cap,,,,,,,,,,,,,,,,,
,,,,,,,539098,Small Cap,,,,,,,,,,,,,,,,,
,,,,,,,GATECH,Small Cap,,,,,,,,,,,,,,,,,
,,,,,,,524408,Small Cap,,,,,,,,,,,,,,,,,
,,,,,,,517063,Small Cap,,,,,,,,,,,,,,,,,
,,,,,,,537253,Small Cap,,,,,,,,,,,,,,,,,
,,,,,,,531979,Small Cap,,,,,,,,,,,,,,,,,
,,,,,,,512477,Small Cap,,,,,,,,,,,,,,,,,
,,,,,,,501430,Small Cap,,,,,,,,,,,,,,,,,
,,,,,,,531169,Small Cap,,,,,,,,,,,,,,,,,
,,,,,,,505650,Small Cap,,,,,,,,,,,,,,,,,
,,,,,,,FCONSUMER,Small Cap,,,,,,,,,,,,,,,,,
,,,,,,,SUNDARAM,Small Cap,,,,,,,,,,,,,,,,,
,,,,,,,532159,Small Cap,,,,,,,,,,,,,,,,,
,,,,,,,532183,Small Cap,,,,,,,,,,,,,,,,,
,,,,,,,544635,Small Cap,,,,,,,,,,,,,,,,,
,,,,,,,526409,Small Cap,,,,,,,,,,,,,,,,,
,,,,,,,534064,Small Cap,,,,,,,,,,,,,,,,,
,,,,,,,539398,Small Cap,,,,,,,,,,,,,,,,,
,,,,,,,507180,Small Cap,,,,,,,,,,,,,,,,,
,,,,,,,id,Small Cap,,,,,,,,,,,,,,,,,
,,,,,,,id,Small Cap,,,,,,,,,,,,,,,,,
,,,,,,,526640,Small Cap,,,,,,,,,,,,,,,,,
,,,,,,,534920,Small Cap,,,,,,,,,,,,,,,,,
,,,,,,,DELTAMAGNT,Small Cap,,,,,,,,,,,,,,,,,
,,,,,,,532333,Small Cap,,,,,,,,,,,,,,,,,
,,,,,,,530175,Small Cap,,,,,,,,,,,,,,,,,
,,,,,,,ANMOL,Small Cap,,,,,,,,,,,,,,,,,
,,,,,,,544353,Small Cap,,,,,,,,,,,,,,,,,
,,,,,,,512048,Small Cap,,,,,,,,,,,,,,,,,
,,,,,,,535387,Small Cap,,,,,,,,,,,,,,,,,
,,,,,,,ATLASCYCLE,Small Cap,,,,,,,,,,,,,,,,,
,,,,,,,ANSALAPI,Small Cap,,,,,,,,,,,,,,,,,
,,,,,,,540726,Small Cap,,,,,,,,,,,,,,,,,
,,,,,,,540405,Small Cap,,,,,,,,,,,,,,,,,
,,,,,,,AGRITECH,Small Cap,,,,,,,,,,,,,,,,,
,,,,,,,RILINFRA,Small Cap,,,,,,,,,,,,,,,,,
,,,,,,,539198,Small Cap,,,,,,,,,,,,,,,,,
,,,,,,,539143,Small Cap,,,,,,,,,,,,,,,,,
,,,,,,,AMBEY,Small Cap,,,,,,,,,,,,,,,,,
,,,,,,,503837,Small Cap,,,,,,,,,,,,,,,,,
,,,,,,,544648,Small Cap,,,,,,,,,,,,,,,,,
,,,,,,,NAMAN,Small Cap,,,,,,,,,,,,,,,,,
,,,,,,,531663,Small Cap,,,,,,,,,,,,,,,,,
,,,,,,,KHAITANLTD,Small Cap,,,,,,,,,,,,,,,,,
,,,,,,,SERVICE,Small Cap,,,,,,,,,,,,,,,,,
,,,,,,,AVSL,Small Cap,,,,,,,,,,,,,,,,,
,,,,,,,530577,Small Cap,,,,,,,,,,,,,,,,,
,,,,,,,SFML,Small Cap,,,,,,,,,,,,,,,,,
,,,,,,,531591,Small Cap,,,,,,,,,,,,,,,,,
,,,,,,,507984,Small Cap,,,,,,,,,,,,,,,,,
,,,,,,,530997,Small Cap,,,,,,,,,,,,,,,,,
,,,,,,,539762,Small Cap,,,,,,,,,,,,,,,,,
,,,,,,,531417,Small Cap,,,,,,,,,,,,,,,,,
,,,,,,,KSHITIJPOL,Small Cap,,,,,,,,,,,,,,,,,
,,,,,,,530139,Small Cap,,,,,,,,,,,,,,,,,
,,,,,,,CTE,Small Cap,,,,,,,,,,,,,,,,,
,,,,,,,BLUECOAST,Small Cap,,,,,,,,,,,,,,,,,
,,,,,,,544308,Small Cap,,,,,,,,,,,,,,,,,
,,,,,,,SAJHOTELS,Small Cap,,,,,,,,,,,,,,,,,
,,,,,,,JAIPURKURT,Small Cap,,,,,,,,,,,,,,,,,
,,,,,,,526931,Small Cap,,,,,,,,,,,,,,,,,
,,,,,,,530709,Small Cap,,,,,,,,,,,,,,,,,
,,,,,,,534623,Small Cap,,,,,,,,,,,,,,,,,
,,,,,,,530789,Small Cap,,,,,,,,,,,,,,,,,
,,,,,,,509053,Small Cap,,,,,,,,,,,,,,,,,
,,,,,,,542376,Small Cap,,,,,,,,,,,,,,,,,
,,,,,,,512479,Small Cap,,,,,,,,,,,,,,,,,
,,,,,,,540738,Small Cap,,,,,,,,,,,,,,,,,
,,,,,,,526471,Small Cap,,,,,,,,,,,,,,,,,
,,,,,,,524594,Small Cap,,,,,,,,,,,,,,,,,
,,,,,,,512093,Small Cap,,,,,,,,,,,,,,,,,
,,,,,,,MMEL,Small Cap,,,,,,,,,,,,,,,,,
,,,,,,,FMNL,Small Cap,,,,,,,,,,,,,,,,,
,,,,,,,538611,Small Cap,,,,,,,,,,,,,,,,,
,,,,,,,513629,Small Cap,,,,,,,,,,,,,,,,,
,,,,,,,KONSTELEC,Small Cap,,,,,,,,,,,,,,,,,
,,,,,,,544445,Small Cap,,,,,,,,,,,,,,,,,
,,,,,,,DELTIC,Small Cap,,,,,,,,,,,,,,,,,
,,,,,,,544121,Small Cap,,,,,,,,,,,,,,,,,
,,,,,,,544561,Small Cap,,,,,,,,,,,,,,,,,
,,,,,,,507872,Small Cap,,,,,,,,,,,,,,,,,
,,,,,,,512485,Small Cap,,,,,,,,,,,,,,,,,
,,,,,,,511509,Small Cap,,,,,,,,,,,,,,,,,
,,,,,,,ORIENTLTD,Small Cap,,,,,,,,,,,,,,,,,
,,,,,,,539697,Small Cap,,,,,,,,,,,,,,,,,
,,,,,,,543453,Small Cap,,,,,,,,,,,,,,,,,
,,,,,,,GRAPHISAD,Small Cap,,,,,,,,,,,,,,,,,
,,,,,,,521216,Small Cap,,,,,,,,,,,,,,,,,
,,,,,,,JFLLIFE,Small Cap,,,,,,,,,,,,,,,,,
,,,,,,,PSFL,Small Cap,,,,,,,,,,,,,,,,,
,,,,,,,AGROPHOS,Small Cap,,,,,,,,,,,,,,,,,
,,,,,,,544265,Small Cap,,,,,,,,,,,,,,,,,
,,,,,,,ARCIIL,Small Cap,,,,,,,,,,,,,,,,,
,,,,,,,SAMAY,Small Cap,,,,,,,,,,,,,,,,,
,,,,,,,PRANIK,Small Cap,,,,,,,,,,,,,,,,,
,,,,,,,BALKRISHNA,Small Cap,,,,,,,,,,,,,,,,,
,,,,,,,543208,Small Cap,,,,,,,,,,,,,,,,,
,,,,,,,540651,Small Cap,,,,,,,,,,,,,,,,,
,,,,,,,531952,Small Cap,,,,,,,,,,,,,,,,,
,,,,,,,507474,Small Cap,,,,,,,,,,,,,,,,,
,,,,,,,511441,Small Cap,,,,,,,,,,,,,,,,,
,,,,,,,ATCENERGY,Small Cap,,,,,,,,,,,,,,,,,
,,,,,,,DHRUV,Small Cap,,,,,,,,,,,,,,,,,
,,,,,,,500346,Small Cap,,,,,,,,,,,,,,,,,
,,,,,,,540545,Small Cap,,,,,,,,,,,,,,,,,
,,,,,,,530557,Small Cap,,,,,,,,,,,,,,,,,
,,,,,,,520155,Small Cap,,,,,,,,,,,,,,,,,
,,,,,,,544463,Small Cap,,,,,,,,,,,,,,,,,
,,,,,,,543461,Small Cap,,,,,,,,,,,,,,,,,
,,,,,,,DCCL,Small Cap,,,,,,,,,,,,,,,,,
,,,,,,,543622,Small Cap,,,,,,,,,,,,,,,,,
,,,,,,,544425,Small Cap,,,,,,,,,,,,,,,,,
,,,,,,,BRACEPORT,Small Cap,,,,,,,,,,,,,,,,,
,,,,,,,ABHAPOWER,Small Cap,,,,,,,,,,,,,,,,,
,,,,,,,539220,Small Cap,,,,,,,,,,,,,,,,,
,,,,,,,503349,Small Cap,,,,,,,,,,,,,,,,,
,,,,,,,539017,Small Cap,,,,,,,,,,,,,,,,,
,,,,,,,ICDSLTD,Small Cap,,,,,,,,,,,,,,,,,
,,,,,,,SHIVAMILLS,Small Cap,,,,,,,,,,,,,,,,,
,,,,,,,530253,Small Cap,,,,,,,,,,,,,,,,,
,,,,,,,PRITI,Small Cap,,,,,,,,,,,,,,,,,
,,,,,,,530249,Small Cap,,,,,,,,,,,,,,,,,
,,,,,,,526193,Small Cap,,,,,,,,,,,,,,,,,
,,,,,,,542801,Small Cap,,,,,,,,,,,,,,,,,
,,,,,,,TPHQ,Small Cap,,,,,,,,,,,,,,,,,
,,,,,,,524322,Small Cap,,,,,,,,,,,,,,,,,
,,,,,,,531205,Small Cap,,,,,,,,,,,,,,,,,
,,,,,,,543544,Small Cap,,,,,,,,,,,,,,,,,
,,,,,,,523387,Small Cap,,,,,,,,,,,,,,,,,
,,,,,,,ARVINDPORT,Small Cap,,,,,,,,,,,,,,,,,
,,,,,,,524288,Small Cap,,,,,,,,,,,,,,,,,
,,,,,,,531411,Small Cap,,,,,,,,,,,,,,,,,
,,,,,,,533427,Small Cap,,,,,,,,,,,,,,,,,
,,,,,,,GAYAHWS,Small Cap,,,,,,,,,,,,,,,,,
,,,,,,,544428,Small Cap,,,,,,,,,,,,,,,,,
,,,,,,,544349,Small Cap,,,,,,,,,,,,,,,,,
,,,,,,,DHANLAXMI,Small Cap,,,,,,,,,,,,,,,,,
,,,,,,,VIGOR,Small Cap,,,,,,,,,,,,,,,,,
,,,,,,,SUVIDHAA,Small Cap,,,,,,,,,,,,,,,,,
,,,,,,,539041,Small Cap,,,,,,,,,,,,,,,,,
,,,,,,,503639,Small Cap,,,,,,,,,,,,,,,,,
,,,,,,,SATECH,Small Cap,,,,,,,,,,,,,,,,,
,,,,,,,544157,Small Cap,,,,,,,,,,,,,,,,,
,,,,,,,MANAV,Small Cap,,,,,,,,,,,,,,,,,
,,,,,,,511577,Small Cap,,,,,,,,,,,,,,,,,
,,,,,,,531743,Small Cap,,,,,,,,,,,,,,,,,
,,,,,,,531996,Small Cap,,,,,,,,,,,,,,,,,
,,,,,,,530213,Small Cap,,,,,,,,,,,,,,,,,
,,,,,,,MALUPAPER,Small Cap,,,,,,,,,,,,,,,,,
,,,,,,,SONUINFRA,Small Cap,,,,,,,,,,,,,,,,,
,,,,,,,502901,Small Cap,,,,,,,,,,,,,,,,,
,,,,,,,VIJIFIN,Small Cap,,,,,,,,,,,,,,,,,
,,,,,,,538556,Small Cap,,,,,,,,,,,,,,,,,
,,,,,,,3PLAND,Small Cap,,,,,,,,,,,,,,,,,
,,,,,,,539216,Small Cap,,,,,,,,,,,,,,,,,
,,,,,,,DKEGL,Small Cap,,,,,,,,,,,,,,,,,
,,,,,,,WEWIN,Small Cap,,,,,,,,,,,,,,,,,
,,,,,,,id,Small Cap,,,,,,,,,,,,,,,,,
,,,,,,,EFORCE,Small Cap,,,,,,,,,,,,,,,,,
,,,,,,,STUDIOLSD,Small Cap,,,,,,,,,,,,,,,,,
,,,,,,,523620,Small Cap,,,,,,,,,,,,,,,,,
,,,,,,,544686,Small Cap,,,,,,,,,,,,,,,,,
,,,,,,,BAWEJA,Small Cap,,,,,,,,,,,,,,,,,
,,,,,,,539939,Small Cap,,,,,,,,,,,,,,,,,
,,,,,,,526705,Small Cap,,,,,,,,,,,,,,,,,
,,,,,,,544663,Small Cap,,,,,,,,,,,,,,,,,
,,,,,,,511609,Small Cap,,,,,,,,,,,,,,,,,
,,,,,,,544169,Small Cap,,,,,,,,,,,,,,,,,
,,,,,,,544646,Small Cap,,,,,,,,,,,,,,,,,
,,,,,,,523844,Small Cap,,,,,,,,,,,,,,,,,
,,,,,,,LCCINFOTEC,Small Cap,,,,,,,,,,,,,,,,,
,,,,,,,PALREDTEC,Small Cap,,,,,,,,,,,,,,,,,
,,,,,,,544365,Small Cap,,,,,,,,,,,,,,,,,
,,,,,,,526604,Small Cap,,,,,,,,,,,,,,,,,
,,,,,,,531677,Small Cap,,,,,,,,,,,,,,,,,
,,,,,,,523277,Small Cap,,,,,,,,,,,,,,,,,
,,,,,,,531176,Small Cap,,,,,,,,,,,,,,,,,
,,,,,,,ONYX,Small Cap,,,,,,,,,,,,,,,,,
,,,,,,,544259,Small Cap,,,,,,,,,,,,,,,,,
,,,,,,,531153,Small Cap,,,,,,,,,,,,,,,,,
,,,,,,,544688,Small Cap,,,,,,,,,,,,,,,,,
,,,,,,,544677,Small Cap,,,,,,,,,,,,,,,,,
,,,,,,,544582,Small Cap,,,,,,,,,,,,,,,,,
,,,,,,,KARMAENG,Small Cap,,,,,,,,,,,,,,,,,
,,,,,,,VIVIMEDLAB,Small Cap,,,,,,,,,,,,,,,,,
,,,,,,,AUSL,Small Cap,,,,,,,,,,,,,,,,,
,,,,,,,540080,Small Cap,,,,,,,,,,,,,,,,,
,,,,,,,542123,Small Cap,,,,,,,,,,,,,,,,,
,,,,,,,532656,Small Cap,,,,,,,,,,,,,,,,,
,,,,,,,TROM,Small Cap,,,,,,,,,,,,,,,,,
,,,,,,,530461,Small Cap,,,,,,,,,,,,,,,,,
,,,,,,,539522,Small Cap,,,,,,,,,,,,,,,,,
,,,,,,,503776,Small Cap,,,,,,,,,,,,,,,,,
,,,,,,,538923,Small Cap,,,,,,,,,,,,,,,,,
,,,,,,,509597,Small Cap,,,,,,,,,,,,,,,,,
,,,,,,,544621,Small Cap,,,,,,,,,,,,,,,,,
,,,,,,,HYBRIDFIN,Small Cap,,,,,,,,,,,,,,,,,
,,,,,,,507828,Small Cap,,,,,,,,,,,,,,,,,
,,,,,,,SWASTIK,Small Cap,,,,,,,,,,,,,,,,,
,,,,,,,524602,Small Cap,,,,,,,,,,,,,,,,,
,,,,,,,519331,Small Cap,,,,,,,,,,,,,,,,,
,,,,,,,PRESSTONIC,Small Cap,,,,,,,,,,,,,,,,,
,,,,,,,544505,Small Cap,,,,,,,,,,,,,,,,,
,,,,,,,531190,Small Cap,,,,,,,,,,,,,,,,,
,,,,,,,508494,Small Cap,,,,,,,,,,,,,,,,,
,,,,,,,522001,Small Cap,,,,,,,,,,,,,,,,,
,,,,,,,527005,Small Cap,,,,,,,,,,,,,,,,,
,,,,,,,ITALIANE,Small Cap,,,,,,,,,,,,,,,,,
,,,,,,,513149,Small Cap,,,,,,,,,,,,,,,,,
,,,,,,,539222,Small Cap,,,,,,,,,,,,,,,,,
,,,,,,,517564,Small Cap,,,,,,,,,,,,,,,,,
,,,,,,,540361,Small Cap,,,,,,,,,,,,,,,,,
,,,,,,,DECCANTRAN,Small Cap,,,,,,,,,,,,,,,,,
,,,,,,,AHLADA,Small Cap,,,,,,,,,,,,,,,,,
,,,,,,,538921,Small Cap,,,,,,,,,,,,,,,,,
,,,,,,,531822,Small Cap,,,,,,,,,,,,,,,,,
,,,,,,,540786,Small Cap,,,,,,,,,,,,,,,,,
,,,,,,,526335,Small Cap,,,,,,,,,,,,,,,,,
,,,,,,,GANGABATH,Small Cap,,,,,,,,,,,,,,,,,
,,,,,,,543963,Small Cap,,,,,,,,,,,,,,,,,
,,,,,,,VICTORYEV,Small Cap,,,,,,,,,,,,,,,,,
,,,,,,,ROLLT,Small Cap,,,,,,,,,,,,,,,,,
,,,,,,,538778,Small Cap,,,,,,,,,,,,,,,,,
,,,,,,,544214,Small Cap,,,,,,,,,,,,,,,,,
,,,,,,,526481,Small Cap,,,,,,,,,,,,,,,,,
,,,,,,,511764,Small Cap,,,,,,,,,,,,,,,,,
,,,,,,,523550,Small Cap,,,,,,,,,,,,,,,,,
,,,,,,,BIOFILCHEM,Small Cap,,,,,,,,,,,,,,,,,
,,,,,,,526435,Small Cap,,,,,,,,,,,,,,,,,
,,,,,,,VINNY,Small Cap,,,,,,,,,,,,,,,,,
,,,,,,,SHEKHAWATI,Small Cap,,,,,,,,,,,,,,,,,
,,,,,,,540377,Small Cap,,,,,,,,,,,,,,,,,
,,,,,,,517288,Small Cap,,,,,,,,,,,,,,,,,
,,,,,,,UWCSL,Small Cap,,,,,,,,,,,,,,,,,
,,,,,,,PENTAGON,Small Cap,,,,,,,,,,,,,,,,,
,,,,,,,RKDL,Small Cap,,,,,,,,,,,,,,,,,
,,,,,,,VISHWAS,Small Cap,,,,,,,,,,,,,,,,,
,,,,,,,DANGEE,Small Cap,,,,,,,,,,,,,,,,,
,,,,,,,519097,Small Cap,,,,,,,,,,,,,,,,,
,,,,,,,SVPGLOB,Small Cap,,,,,,,,,,,,,,,,,
,,,,,,,500236,Small Cap,,,,,,,,,,,,,,,,,
,,,,,,,509040,Small Cap,,,,,,,,,,,,,,,,,
,,,,,,,532140,Small Cap,,,,,,,,,,,,,,,,,
,,,,,,,BANG,Small Cap,,,,,,,,,,,,,,,,,
,,,,,,,CHAMUNDA,Small Cap,,,,,,,,,,,,,,,,,
,,,,,,,539121,Small Cap,,,,,,,,,,,,,,,,,
,,,,,,,AKI,Small Cap,,,,,,,,,,,,,,,,,
,,,,,,,512589,Small Cap,,,,,,,,,,,,,,,,,
,,,,,,,539814,Small Cap,,,,,,,,,,,,,,,,,
,,,,,,,523672,Small Cap,,,,,,,,,,,,,,,,,
,,,,,,,PRUDMOULI,Small Cap,,,,,,,,,,,,,,,,,
,,,,,,,MITTAL,Small Cap,,,,,,,,,,,,,,,,,
,,,,,,,544237,Small Cap,,,,,,,,,,,,,,,,,
,,,,,,,526315,Small Cap,,,,,,,,,,,,,,,,,
,,,,,,,ARCHIES,Small Cap,,,,,,,,,,,,,,,,,
,,,,,,,516078,Small Cap,,,,,,,,,,,,,,,,,
,,,,,,,532402,Small Cap,,,,,,,,,,,,,,,,,
,,,,,,,507817,Small Cap,,,,,,,,,,,,,,,,,
,,,,,,,502250,Small Cap,,,,,,,,,,,,,,,,,
,,,,,,,SONAMAC,Small Cap,,,,,,,,,,,,,,,,,
,,,,,,,PULZ,Small Cap,,,,,,,,,,,,,,,,,
,,,,,,,CAPTRUST,Small Cap,,,,,,,,,,,,,,,,,
,,,,,,,542145,Small Cap,,,,,,,,,,,,,,,,,
,,,,,,,526965,Small Cap,,,,,,,,,,,,,,,,,
,,,,,,,REXPRO,Small Cap,,,,,,,,,,,,,,,,,
,,,,,,,544698,Small Cap,,,,,,,,,,,,,,,,,
,,,,,,,CELEBRITY,Small Cap,,,,,,,,,,,,,,,,,
,,,,,,,521240,Small Cap,,,,,,,,,,,,,,,,,
,,,,,,,544171,Small Cap,,,,,,,,,,,,,,,,,
,,,,,,,526237,Small Cap,,,,,,,,,,,,,,,,,
,,,,,,,540254,Small Cap,,,,,,,,,,,,,,,,,
,,,,,,,543522,Small Cap,,,,,,,,,,,,,,,,,
,,,,,,,531869,Small Cap,,,,,,,,,,,,,,,,,
,,,,,,,541973,Small Cap,,,,,,,,,,,,,,,,,
,,,,,,,513642,Small Cap,,,,,,,,,,,,,,,,,
,,,,,,,538860,Small Cap,,,,,,,,,,,,,,,,,
,,,,,,,540146,Small Cap,,,,,,,,,,,,,,,,,
,,,,,,,512499,Small Cap,,,,,,,,,,,,,,,,,
,,,,,,,543938,Small Cap,,,,,,,,,,,,,,,,,
,,,,,,,CALSOFT,Small Cap,,,,,,,,,,,,,,,,,
,,,,,,,523465,Small Cap,,,,,,,,,,,,,,,,,
,,,,,,,511523,Small Cap,,,,,,,,,,,,,,,,,
,,,,,,,539335,Small Cap,,,,,,,,,,,,,,,,,
,,,,,,,543578,Small Cap,,,,,,,,,,,,,,,,,
,,,,,,,513418,Small Cap,,,,,,,,,,,,,,,,,
,,,,,,,540135,Small Cap,,,,,,,,,,,,,,,,,
,,,,,,,531900,Small Cap,,,,,,,,,,,,,,,,,
,,,,,,,ADROITINFO,Small Cap,,,,,,,,,,,,,,,,,
,,,,,,,533056,Small Cap,,,,,,,,,,,,,,,,,
,,,,,,,KONTOR,Small Cap,,,,,,,,,,,,,,,,,
,,,,,,,MANUGRAPH,Small Cap,,,,,,,,,,,,,,,,,
,,,,,,,511153,Small Cap,,,,,,,,,,,,,,,,,
,,,,,,,544560,Small Cap,,,,,,,,,,,,,,,,,
,,,,,,,540143,Small Cap,,,,,,,,,,,,,,,,,
,,,,,,,TSC,Small Cap,,,,,,,,,,,,,,,,,
,,,,,,,544251,Small Cap,,,,,,,,,,,,,,,,,
,,,,,,,539798,Small Cap,,,,,,,,,,,,,,,,,
,,,,,,,534732,Small Cap,,,,,,,,,,,,,,,,,
,,,,,,,544201,Small Cap,,,,,,,,,,,,,,,,,
,,,,,,,518053,Small Cap,,,,,,,,,,,,,,,,,
,,,,,,,505807,Small Cap,,,,,,,,,,,,,,,,,
,,,,,,,522152,Small Cap,,,,,,,,,,,,,,,,,
,,,,,,,ORIENTALTL,Small Cap,,,,,,,,,,,,,,,,,
,,,,,,,541601,Small Cap,,,,,,,,,,,,,,,,,
,,,,,,,AKASH,Small Cap,,,,,,,,,,,,,,,,,
,,,,,,,SEL,Small Cap,,,,,,,,,,,,,,,,,
,,,,,,,544412,Small Cap,,,,,,,,,,,,,,,,,
,,,,,,,DIVYADHAN,Small Cap,,,,,,,,,,,,,,,,,
,,,,,,,BMETRICS,Small Cap,,,,,,,,,,,,,,,,,
,,,,,,,517370,Small Cap,,,,,,,,,,,,,,,,,
,,,,,,,MANGALAM,Small Cap,,,,,,,,,,,,,,,,,
,,,,,,,534063,Small Cap,,,,,,,,,,,,,,,,,
,,,,,,,507981,Small Cap,,,,,,,,,,,,,,,,,
,,,,,,,532005,Small Cap,,,,,,,,,,,,,,,,,
,,,,,,,SAGARDEEP,Small Cap,,,,,,,,,,,,,,,,,
,,,,,,,500246,Small Cap,,,,,,,,,,,,,,,,,
,,,,,,,AATMAJ,Small Cap,,,,,,,,,,,,,,,,,
,,,,,,,GOLDENTOBC,Small Cap,,,,,,,,,,,,,,,,,
,,,,,,,AURIGROW,Small Cap,,,,,,,,,,,,,,,,,
,,,,,,,WHITEFORCE,Small Cap,,,,,,,,,,,,,,,,,
,,,,,,,519234,Small Cap,,,,,,,,,,,,,,,,,
,,,,,,,522235,Small Cap,,,,,,,,,,,,,,,,,
,,,,,,,MASKINVEST,Small Cap,,,,,,,,,,,,,,,,,
,,,,,,,531931,Small Cap,,,,,,,,,,,,,,,,,
,,,,,,,530053,Small Cap,,,,,,,,,,,,,,,,,
,,,,,,,522005,Small Cap,,,,,,,,,,,,,,,,,
,,,,,,,538395,Small Cap,,,,,,,,,,,,,,,,,
,,,,,,,511359,Small Cap,,,,,,,,,,,,,,,,,
,,,,,,,513566,Small Cap,,,,,,,,,,,,,,,,,
,,,,,,,507946,Small Cap,,,,,,,,,,,,,,,,,
,,,,,,,544662,Small Cap,,,,,,,,,,,,,,,,,
,,,,,,,544693,Small Cap,,,,,,,,,,,,,,,,,
,,,,,,,507690,Small Cap,,,,,,,,,,,,,,,,,
,,,,,,,530979,Small Cap,,,,,,,,,,,,,,,,,
,,,,,,,504988,Small Cap,,,,,,,,,,,,,,,,,
,,,,,,,544489,Small Cap,,,,,,,,,,,,,,,,,
,,,,,,,542503,Small Cap,,,,,,,,,,,,,,,,,
,,,,,,,524711,Small Cap,,,,,,,,,,,,,,,,,
,,,,,,,531810,Small Cap,,,,,,,,,,,,,,,,,
,,,,,,,544759,Small Cap,,,,,,,,,,,,,,,,,
,,,,,,,GURUNANAK,Small Cap,,,,,,,,,,,,,,,,,
,,,,,,,540850,Small Cap,,,,,,,,,,,,,,,,,
,,,,,,,BLUEPEBBLE,Small Cap,,,,,,,,,,,,,,,,,
,,,,,,,542627,Small Cap,,,,,,,,,,,,,,,,,
,,,,,,,JISLDVREQS,Small Cap,,,,,,,,,,,,,,,,,
,,,,,,,538833,Small Cap,,,,,,,,,,,,,,,,,
,,,,,,,539217,Small Cap,,,,,,,,,,,,,,,,,
,,,,,,,530265,Small Cap,,,,,,,,,,,,,,,,,
,,,,,,,ARUNAYA,Small Cap,,,,,,,,,,,,,,,,,
,,,,,,,531472,Small Cap,,,,,,,,,,,,,,,,,
,,,,,,,540468,Small Cap,,,,,,,,,,,,,,,,,
,,,,,,,SNEHAA,Small Cap,,,,,,,,,,,,,,,,,
,,,,,,,521151,Small Cap,,,,,,,,,,,,,,,,,
,,,,,,,544399,Small Cap,,,,,,,,,,,,,,,,,
,,,,,,,526616,Small Cap,,,,,,,,,,,,,,,,,
,,,,,,,540181,Small Cap,,,,,,,,,,,,,,,,,
,,,,,,,ABMINTLLTD,Small Cap,,,,,,,,,,,,,,,,,
,,,,,,,500170,Small Cap,,,,,,,,,,,,,,,,,
,,,,,,,526851,Small Cap,,,,,,,,,,,,,,,,,
,,,,,,,TARAPUR,Small Cap,,,,,,,,,,,,,,,,,
,,,,,,,531268,Small Cap,,,,,,,,,,,,,,,,,
,,,,,,,511654,Small Cap,,,,,,,,,,,,,,,,,
,,,,,,,HBSL,Small Cap,,,,,,,,,,,,,,,,,
,,,,,,,544242,Small Cap,,,,,,,,,,,,,,,,,
,,,,,,,509196,Small Cap,,,,,,,,,,,,,,,,,
,,,,,,,ADL,Small Cap,,,,,,,,,,,,,,,,,
,,,,,,,526490,Small Cap,,,,,,,,,,,,,,,,,
,,,,,,,544630,Small Cap,,,,,,,,,,,,,,,,,
,,,,,,,526095,Small Cap,,,,,,,,,,,,,,,,,
,,,,,,,538607,Small Cap,,,,,,,,,,,,,,,,,
,,,,,,,544303,Small Cap,,,,,,,,,,,,,,,,,
,,,,,,,502873,Small Cap,,,,,,,,,,,,,,,,,
,,,,,,,507948,Small Cap,,,,,,,,,,,,,,,,,
,,,,,,,511740,Small Cap,,,,,,,,,,,,,,,,,
,,,,,,,530991,Small Cap,,,,,,,,,,,,,,,,,
,,,,,,,544341,Small Cap,,,,,,,,,,,,,,,,,
,,,,,,,GREENLEAF,Small Cap,,,,,,,,,,,,,,,,,
,,,,,,,531297,Small Cap,,,,,,,,,,,,,,,,,
,,,,,,,BABAFP,Small Cap,,,,,,,,,,,,,,,,,
,,,,,,,505685,Small Cap,,,,,,,,,,,,,,,,,
,,,,,,,531454,Small Cap,,,,,,,,,,,,,,,,,
,,,,,,,544392,Small Cap,,,,,,,,,,,,,,,,,
,,,,,,,514412,Small Cap,,,,,,,,,,,,,,,,,
,,,,,,,TNTELE,Small Cap,,,,,,,,,,,,,,,,,
,,,,,,,511000,Small Cap,,,,,,,,,,,,,,,,,
,,,,,,,532123,Small Cap,,,,,,,,,,,,,,,,,
,,,,,,,530883,Small Cap,,,,,,,,,,,,,,,,,
,,,,,,,544520,Small Cap,,,,,,,,,,,,,,,,,
,,,,,,,538868,Small Cap,,,,,,,,,,,,,,,,,
,,,,,,,544337,Small Cap,,,,,,,,,,,,,,,,,
,,,,,,,521244,Small Cap,,,,,,,,,,,,,,,,,
,,,,,,,543194,Small Cap,,,,,,,,,,,,,,,,,
,,,,,,,517415,Small Cap,,,,,,,,,,,,,,,,,
,,,,,,,511525,Small Cap,,,,,,,,,,,,,,,,,
,,,,,,,526231,Small Cap,,,,,,,,,,,,,,,,,
,,,,,,,541338,Small Cap,,,,,,,,,,,,,,,,,
,,,,,,,524488,Small Cap,,,,,,,,,,,,,,,,,
,,,,,,,517423,Small Cap,,,,,,,,,,,,,,,,,
,,,,,,,LFIC,Small Cap,,,,,,,,,,,,,,,,,
,,,,,,,544426,Small Cap,,,,,,,,,,,,,,,,,
,,,,,,,SYNOPTICS,Small Cap,,,,,,,,,,,,,,,,,
,,,,,,,514442,Small Cap,,,,,,,,,,,,,,,,,
,,,,,,,NMSTEEL,Small Cap,,,,,,,,,,,,,,,,,
,,,,,,,514087,Small Cap,,,,,,,,,,,,,,,,,
,,,,,,,531233,Small Cap,,,,,,,,,,,,,,,,,
,,,,,,,500239,Small Cap,,,,,,,,,,,,,,,,,
,,,,,,,532918,Small Cap,,,,,,,,,,,,,,,,,
,,,,,,,530309,Small Cap,,,,,,,,,,,,,,,,,
,,,,,,,511563,Small Cap,,,,,,,,,,,,,,,,,
,,,,,,,532957,Small Cap,,,,,,,,,,,,,,,,,
,,,,,,,511447,Small Cap,,,,,,,,,,,,,,,,,
,,,,,,,517119,Small Cap,,,,,,,,,,,,,,,,,
,,,,,,,AMBICAAGAR,Small Cap,,,,,,,,,,,,,,,,,
,,,,,,,544607,Small Cap,,,,,,,,,,,,,,,,,
,,,,,,,506003,Small Cap,,,,,,,,,,,,,,,,,
,,,,,,,511169,Small Cap,,,,,,,,,,,,,,,,,
,,,,,,,RULKA,Small Cap,,,,,,,,,,,,,,,,,
,,,,,,,530959,Small Cap,,,,,,,,,,,,,,,,,
,,,,,,,544471,Small Cap,,,,,,,,,,,,,,,,,
,,,,,,,NKIND,Small Cap,,,,,,,,,,,,,,,,,
,,,,,,,512217,Small Cap,,,,,,,,,,,,,,,,,
,,,,,,,LASA,Small Cap,,,,,,,,,,,,,,,,,
,,,,,,,VLINFRA,Small Cap,,,,,,,,,,,,,,,,,
,,,,,,,SEYAIND,Small Cap,,,,,,,,,,,,,,,,,
,,,,,,,NIRMAN,Small Cap,,,,,,,,,,,,,,,,,
,,,,,,,544270,Small Cap,,,,,,,,,,,,,,,,,
,,,,,,,SOCL,Small Cap,,,,,,,,,,,,,,,,,
,,,,,,,543286,Small Cap,,,,,,,,,,,,,,,,,
,,,,,,,522207,Small Cap,,,,,,,,,,,,,,,,,
,,,,,,,VERTEXPLUS,Small Cap,,,,,,,,,,,,,,,,,
,,,,,,,530109,Small Cap,,,,,,,,,,,,,,,,,
,,,,,,,UMA,Small Cap,,,,,,,,,,,,,,,,,
,,,,,,,544452,Small Cap,,,,,,,,,,,,,,,,,
,,,,,,,544659,Small Cap,,,,,,,,,,,,,,,,,
,,,,,,,ASHOKAMET,Small Cap,,,,,,,,,,,,,,,,,
,,,,,,,544035,Small Cap,,,,,,,,,,,,,,,,,
,,,,,,,CEREBRAINT,Small Cap,,,,,,,,,,,,,,,,,
,,,,,,,536846,Small Cap,,,,,,,,,,,,,,,,,
,,,,,,,MADHUCON,Small Cap,,,,,,,,,,,,,,,,,
,,,,,,,511658,Small Cap,,,,,,,,,,,,,,,,,
,,,,,,,530231,Small Cap,,,,,,,,,,,,,,,,,
,,,,,,,531840,Small Cap,,,,,,,,,,,,,,,,,
,,,,,,,GFSTEELS,Small Cap,,,,,,,,,,,,,,,,,
,,,,,,,503229,Small Cap,,,,,,,,,,,,,,,,,
,,,,,,,544400,Small Cap,,,,,,,,,,,,,,,,,
,,,,,,,SHRIKANHA,Small Cap,,,,,,,,,,,,,,,,,
,,,,,,,LEXUS,Small Cap,,,,,,,,,,,,,,,,,
,,,,,,,512115,Small Cap,,,,,,,,,,,,,,,,,
,,,,,,,AGNI,Small Cap,,,,,,,,,,,,,,,,,
,,,,,,,530169,Small Cap,,,,,,,,,,,,,,,,,
,,,,,,,540904,Small Cap,,,,,,,,,,,,,,,,,
,,,,,,,532404,Small Cap,,,,,,,,,,,,,,,,,
,,,,,,,538634,Small Cap,,,,,,,,,,,,,,,,,
,,,,,,,530897,Small Cap,,,,,,,,,,,,,,,,,
,,,,,,,AROGRANITE,Small Cap,,,,,,,,,,,,,,,,,
,,,,,,,531301,Small Cap,,,,,,,,,,,,,,,,,
,,,,,,,530433,Small Cap,,,,,,,,,,,,,,,,,
,,,,,,,511692,Small Cap,,,,,,,,,,,,,,,,,
,,,,,,,BOHRAIND,Small Cap,,,,,,,,,,,,,,,,,
,,,,,,,524703,Small Cap,,,,,,,,,,,,,,,,,
,,,,,,,530951,Small Cap,,,,,,,,,,,,,,,,,
,,,,,,,543375,Small Cap,,,,,,,,,,,,,,,,,
,,,,,,,FALCONTECH,Small Cap,,,,,,,,,,,,,,,,,
,,,,,,,530711,Small Cap,,,,,,,,,,,,,,,,,
,,,,,,,538834,Small Cap,,,,,,,,,,,,,,,,,
,,,,,,,KKVAPOW,Small Cap,,,,,,,,,,,,,,,,,
,,,,,,,517546,Small Cap,,,,,,,,,,,,,,,,,
,,,,,,,531832,Small Cap,,,,,,,,,,,,,,,,,
,,,,,,,526345,Small Cap,,,,,,,,,,,,,,,,,
,,,,,,,531328,Small Cap,,,,,,,,,,,,,,,,,
,,,,,,,530525,Small Cap,,,,,,,,,,,,,,,,,
,,,,,,,531752,Small Cap,,,,,,,,,,,,,,,,,
,,,,,,,524440,Small Cap,,,,,,,,,,,,,,,,,
,,,,,,,AUROIMPEX,Small Cap,,,,,,,,,,,,,,,,,
,,,,,,,AKSHAR,Small Cap,,,,,,,,,,,,,,,,,
,,,,,,,519359,Small Cap,,,,,,,,,,,,,,,,,
,,,,,,,540694,Small Cap,,,,,,,,,,,,,,,,,
,,,,,,,521133,Small Cap,,,,,,,,,,,,,,,,,
,,,,,,,526269,Small Cap,,,,,,,,,,,,,,,,,
,,,,,,,COUNCODOS,Small Cap,,,,,,,,,,,,,,,,,
,,,,,,,530757,Small Cap,,,,,,,,,,,,,,,,,
,,,,,,,512587,Small Cap,,,,,,,,,,,,,,,,,
,,,,,,,542802,Small Cap,,,,,,,,,,,,,,,,,
,,,,,,,539761,Small Cap,,,,,,,,,,,,,,,,,
,,,,,,,531557,Small Cap,,,,,,,,,,,,,,,,,
,,,,,,,501370,Small Cap,,,,,,,,,,,,,,,,,
,,,,,,,544437,Small Cap,,,,,,,,,,,,,,,,,
,,,,,,,530695,Small Cap,,,,,,,,,,,,,,,,,
,,,,,,,539246,Small Cap,,,,,,,,,,,,,,,,,
,,,,,,,531144,Small Cap,,,,,,,,,,,,,,,,,
,,,,,,,538539,Small Cap,,,,,,,,,,,,,,,,,
,,,,,,,533101,Small Cap,,,,,,,,,,,,,,,,,
,,,,,,,541112,Small Cap,,,,,,,,,,,,,,,,,
,,,,,,,HRHNEXT,Small Cap,,,,,,,,,,,,,,,,,
,,,,,,,531067,Small Cap,,,,,,,,,,,,,,,,,
,,,,,,,531340,Small Cap,,,,,,,,,,,,,,,,,
,,,,,,,532007,Small Cap,,,,,,,,,,,,,,,,,
,,,,,,,521228,Small Cap,,,,,,,,,,,,,,,,,
,,,,,,,GSS,Small Cap,,,,,,,,,,,,,,,,,
,,,,,,,507813,Small Cap,,,,,,,,,,,,,,,,,
,,,,,,,502445,Small Cap,,,,,,,,,,,,,,,,,
,,,,,,,530267,Small Cap,,,,,,,,,,,,,,,,,
,,,,,,,542668,Small Cap,,,,,,,,,,,,,,,,,
,,,,,,,UNILEX,Small Cap,,,,,,,,,,,,,,,,,
,,,,,,,544334,Small Cap,,,,,,,,,,,,,,,,,
,,,,,,,CEDAAR,Small Cap,,,,,,,,,,,,,,,,,
,,,,,,,511712,Small Cap,,,,,,,,,,,,,,,,,
,,,,,,,NAGREEKCAP,Small Cap,,,,,,,,,,,,,,,,,
,,,,,,,531797,Small Cap,,,,,,,,,,,,,,,,,
,,,,,,,HOMESFY,Small Cap,,,,,,,,,,,,,,,,,
,,,,,,,CYBERMEDIA,Small Cap,,,,,,,,,,,,,,,,,
,,,,,,,510245,Small Cap,,,,,,,,,,,,,,,,,
,,,,,,,540467,Small Cap,,,,,,,,,,,,,,,,,
,,,,,,,BIKEWO,Small Cap,,,,,,,,,,,,,,,,,
,,,,,,,518011,Small Cap,,,,,,,,,,,,,,,,,
,,,,,,,543065,Small Cap,,,,,,,,,,,,,,,,,
,,,,,,,524156,Small Cap,,,,,,,,,,,,,,,,,
,,,,,,,530255,Small Cap,,,,,,,,,,,,,,,,,
,,,,,,,531199,Small Cap,,,,,,,,,,,,,,,,,
,,,,,,,539760,Small Cap,,,,,,,,,,,,,,,,,
,,,,,,,509084,Small Cap,,,,,,,,,,,,,,,,,
,,,,,,,524661,Small Cap,,,,,,,,,,,,,,,,,
,,,,,,,MPEL,Small Cap,,,,,,,,,,,,,,,,,
,,,,,,,ARMOUR,Small Cap,,,,,,,,,,,,,,,,,
,,,,,,,506858,Small Cap,,,,,,,,,,,,,,,,,
,,,,,,,511012,Small Cap,,,,,,,,,,,,,,,,,
,,,,,,,543518,Small Cap,,,,,,,,,,,,,,,,,
,,,,,,,531280,Small Cap,,,,,,,,,,,,,,,,,
,,,,,,,531168,Small Cap,,,,,,,,,,,,,,,,,
,,,,,,,540006,Small Cap,,,,,,,,,,,,,,,,,
,,,,,,,533212,Small Cap,,,,,,,,,,,,,,,,,
,,,,,,,532355,Small Cap,,,,,,,,,,,,,,,,,
,,,,,,,AKG,Small Cap,,,,,,,,,,,,,,,,,
,,,,,,,539267,Small Cap,,,,,,,,,,,,,,,,,
,,,,,,,504810,Small Cap,,,,,,,,,,,,,,,,,
,,,,,,,531111,Small Cap,,,,,,,,,,,,,,,,,
,,,,,,,505515,Small Cap,,,,,,,,,,,,,,,,,
,,,,,,,FAALCON,Small Cap,,,,,,,,,,,,,,,,,
,,,,,,,512425,Small Cap,,,,,,,,,,,,,,,,,
,,,,,,,PHOGLOBAL,Small Cap,,,,,,,,,,,,,,,,,
,,,,,,,539455,Small Cap,,,,,,,,,,,,,,,,,
,,,,,,,KRIDHANINF,Small Cap,,,,,,,,,,,,,,,,,
,,,,,,,531780,Small Cap,,,,,,,,,,,,,,,,,
,,,,,,,531651,Small Cap,,,,,,,,,,,,,,,,,
,,,,,,,544575,Small Cap,,,,,,,,,,,,,,,,,
,,,,,,,SIMBHALS,Small Cap,,,,,,,,,,,,,,,,,
,,,,,,,544625,Small Cap,,,,,,,,,,,,,,,,,
,,,,,,,SAIFL,Small Cap,,,,,,,,,,,,,,,,,
,,,,,,,21STCENMGM,Small Cap,,,,,,,,,,,,,,,,,
,,,,,,,DNAMEDIA,Small Cap,,,,,,,,,,,,,,,,,
,,,,,,,514060,Small Cap,,,,,,,,,,,,,,,,,
,,,,,,,544422,Small Cap,,,,,,,,,,,,,,,,,
,,,,,,,531223,Small Cap,,,,,,,,,,,,,,,,,
,,,,,,,539011,Small Cap,,,,,,,,,,,,,,,,,
,,,,,,,530419,Small Cap,,,,,,,,,,,,,,,,,
,,,,,,,514312,Small Cap,,,,,,,,,,,,,,,,,
,,,,,,,531380,Small Cap,,,,,,,,,,,,,,,,,
,,,,,,,520123,Small Cap,,,,,,,,,,,,,,,,,
,,,,,,,524675,Small Cap,,,,,,,,,,,,,,,,,
,,,,,,,543678,Small Cap,,,,,,,,,,,,,,,,,
,,,,,,,QUICKTOUCH,Small Cap,,,,,,,,,,,,,,,,,
,,,,,,,AGUL,Small Cap,,,,,,,,,,,,,,,,,
,,,,,,,544585,Small Cap,,,,,,,,,,,,,,,,,
,,,,,,,543814,Small Cap,,,,,,,,,,,,,,,,,
,,,,,,,509762,Small Cap,,,,,,,,,,,,,,,,,
,,,,,,,505336,Small Cap,,,,,,,,,,,,,,,,,
,,,,,,,539122,Small Cap,,,,,,,,,,,,,,,,,
,,,,,,,511355,Small Cap,,,,,,,,,,,,,,,,,
,,,,,,,539561,Small Cap,,,,,,,,,,,,,,,,,
,,,,,,,524818,Small Cap,,,,,,,,,,,,,,,,,
,,,,,,,539013,Small Cap,,,,,,,,,,,,,,,,,
,,,,,,,530289,Small Cap,,,,,,,,,,,,,,,,,
,,,,,,,539559,Small Cap,,,,,,,,,,,,,,,,,
,,,,,,,524548,Small Cap,,,,,,,,,,,,,,,,,
,,,,,,,541005,Small Cap,,,,,,,,,,,,,,,,,
,,,,,,,543410,Small Cap,,,,,,,,,,,,,,,,,
,,,,,,,531600,Small Cap,,,,,,,,,,,,,,,,,
,,,,,,,526945,Small Cap,,,,,,,,,,,,,,,,,
,,,,,,,544539,Small Cap,,,,,,,,,,,,,,,,,
,,,,,,,531512,Small Cap,,,,,,,,,,,,,,,,,
,,,,,,,530973,Small Cap,,,,,,,,,,,,,,,,,
,,,,,,,523144,Small Cap,,,,,,,,,,,,,,,,,
,,,,,,,543546,Small Cap,,,,,,,,,,,,,,,,,
,,,,,,,MADHAV,Small Cap,,,,,,,,,,,,,,,,,
,,,,,,,MORARJEE,Small Cap,,,,,,,,,,,,,,,,,
,,,,,,,500450,Small Cap,,,,,,,,,,,,,,,,,
,,,,,,,539120,Small Cap,,,,,,,,,,,,,,,,,
,,,,,,,512257,Small Cap,,,,,,,,,,,,,,,,,
,,,,,,,543540,Small Cap,,,,,,,,,,,,,,,,,
,,,,,,,544000,Small Cap,,,,,,,,,,,,,,,,,
,,,,,,,CELLPOINT,Small Cap,,,,,,,,,,,,,,,,,
,,,,,,,WALPAR,Small Cap,,,,,,,,,,,,,,,,,
,,,,,,,544393,Small Cap,,,,,,,,,,,,,,,,,
,,,,,,,530855,Small Cap,,,,,,,,,,,,,,,,,
,,,,,,,KEEPLEARN,Small Cap,,,,,,,,,,,,,,,,,
,,,,,,,GANGAFORGE,Small Cap,,,,,,,,,,,,,,,,,
,,,,,,,LIBAS,Small Cap,,,,,,,,,,,,,,,,,
,,,,,,,SECL,Small Cap,,,,,,,,,,,,,,,,,
,,,,,,,521232,Small Cap,,,,,,,,,,,,,,,,,
,,,,,,,MOHITIND,Small Cap,,,,,,,,,,,,,,,,,
,,,,,,,543914,Small Cap,,,,,,,,,,,,,,,,,
,,,,,,,534741,Small Cap,,,,,,,,,,,,,,,,,
,,,,,,,524080,Small Cap,,,,,,,,,,,,,,,,,
,,,,,,,534612,Small Cap,,,,,,,,,,,,,,,,,
,,,,,,,537069,Small Cap,,,,,,,,,,,,,,,,,
,,,,,,,544348,Small Cap,,,,,,,,,,,,,,,,,
,,,,,,,508961,Small Cap,,,,,,,,,,,,,,,,,
,,,,,,,507300,Small Cap,,,,,,,,,,,,,,,,,
,,,,,,,ARSHIYA,Small Cap,,,,,,,,,,,,,,,,,
,,,,,,,508969,Small Cap,,,,,,,,,,,,,,,,,
,,,,,,,509887,Small Cap,,,,,,,,,,,,,,,,,
,,,,,,,PEARLPOLY,Small Cap,,,,,,,,,,,,,,,,,
,,,,,,,539679,Small Cap,,,,,,,,,,,,,,,,,
,,,,,,,526847,Small Cap,,,,,,,,,,,,,,,,,
,,,,,,,543637,Small Cap,,,,,,,,,,,,,,,,,
,,,,,,,544640,Small Cap,,,,,,,,,,,,,,,,,
,,,,,,,539273,Small Cap,,,,,,,,,,,,,,,,,
,,,,,,,523840,Small Cap,,,,,,,,,,,,,,,,,
,,,,,,,540310,Small Cap,,,,,,,,,,,,,,,,,
,,,,,,,531744,Small Cap,,,,,,,,,,,,,,,,,
,,,,,,,531156,Small Cap,,,,,,,,,,,,,,,,,
,,,,,,,CLCIND,Small Cap,,,,,,,,,,,,,,,,,
,,,,,,,508922,Small Cap,,,,,,,,,,,,,,,,,
,,,,,,,BULKCORP,Small Cap,,,,,,,,,,,,,,,,,
,,,,,,,531635,Small Cap,,,,,,,,,,,,,,,,,
,,,,,,,523752,Small Cap,,,,,,,,,,,,,,,,,
,,,,,,,530595,Small Cap,,,,,,,,,,,,,,,,,
,,,,,,,512169,Small Cap,,,,,,,,,,,,,,,,,
,,,,,,,539378,Small Cap,,,,,,,,,,,,,,,,,
,,,,,,,INFOMEDIA,Small Cap,,,,,,,,,,,,,,,,,
,,,,,,,544313,Small Cap,,,,,,,,,,,,,,,,,
,,,,,,,530291,Small Cap,,,,,,,,,,,,,,,,,
,,,,,,,540190,Small Cap,,,,,,,,,,,,,,,,,
,,,,,,,523489,Small Cap,,,,,,,,,,,,,,,,,
,,,,,,,542248,Small Cap,,,,,,,,,,,,,,,,,
,,,,,,,517264,Small Cap,,,,,,,,,,,,,,,,,
,,,,,,,526043,Small Cap,,,,,,,,,,,,,,,,,
,,,,,,,539428,Small Cap,,,,,,,,,,,,,,,,,
,,,,,,,WILLAMAGOR,Small Cap,,,,,,,,,,,,,,,,,
,,,,,,,530037,Small Cap,,,,,,,,,,,,,,,,,
,,,,,,,KAUSHALYA,Small Cap,,,,,,,,,,,,,,,,,
,,,,,,,543341,Small Cap,,,,,,,,,,,,,,,,,
,,,,,,,521178,Small Cap,,,,,,,,,,,,,,,,,
,,,,,,,SGL,Small Cap,,,,,,,,,,,,,,,,,
,,,,,,,FEL,Small Cap,,,,,,,,,,,,,,,,,
,,,,,,,538646,Small Cap,,,,,,,,,,,,,,,,,
,,,,,,,KANANIIND,Small Cap,,,,,,,,,,,,,,,,,
,,,,,,,543319,Small Cap,,,,,,,,,,,,,,,,,
,,,,,,,511176,Small Cap,,,,,,,,,,,,,,,,,
,,,,,,,539770,Small Cap,,,,,,,,,,,,,,,,,
,,,,,,,FLFL,Small Cap,,,,,,,,,,,,,,,,,
,,,,,,,544245,Small Cap,,,,,,,,,,,,,,,,,
,,,,,,,505343,Small Cap,,,,,,,,,,,,,,,,,
,,,,,,,541983,Small Cap,,,,,,,,,,,,,,,,,
,,,,,,,538935,Small Cap,,,,,,,,,,,,,,,,,
,,,,,,,542934,Small Cap,,,,,,,,,,,,,,,,,
,,,,,,,539176,Small Cap,,,,,,,,,,,,,,,,,
,,,,,,,544500,Small Cap,,,,,,,,,,,,,,,,,
,,,,,,,MCON,Small Cap,,,,,,,,,,,,,,,,,
,,,,,,,SUNREST,Small Cap,,,,,,,,,,,,,,,,,
,,,,,,,GSTL,Small Cap,,,,,,,,,,,,,,,,,
,,,,,,,GML,Small Cap,,,,,,,,,,,,,,,,,
,,,,,,,PARAMOUNT,Small Cap,,,,,,,,,,,,,,,,,
,,,,,,,526711,Small Cap,,,,,,,,,,,,,,,,,
,,,,,,,501314,Small Cap,,,,,,,,,,,,,,,,,
,,,,,,,500371,Small Cap,,,,,,,,,,,,,,,,,
,,,,,,,530747,Small Cap,,,,,,,,,,,,,,,,,
,,,,,,,531814,Small Cap,,,,,,,,,,,,,,,,,
,,,,,,,532154,Small Cap,,,,,,,,,,,,,,,,,
,,,,,,,531982,Small Cap,,,,,,,,,,,,,,,,,
,,,,,,,532911,Small Cap,,,,,,,,,,,,,,,,,
,,,,,,,MIEL,Small Cap,,,,,,,,,,,,,,,,,
,,,,,,,532284,Small Cap,,,,,,,,,,,,,,,,,
,,,,,,,530609,Small Cap,,,,,,,,,,,,,,,,,
,,,,,,,538610,Small Cap,,,,,,,,,,,,,,,,,
,,,,,,,544195,Small Cap,,,,,,,,,,,,,,,,,
,,,,,,,TREEHOUSE,Small Cap,,,,,,,,,,,,,,,,,
,,,,,,,530853,Small Cap,,,,,,,,,,,,,,,,,
,,,,,,,KALANA,Small Cap,,,,,,,,,,,,,,,,,
,,,,,,,522036,Small Cap,,,,,,,,,,,,,,,,,
,,,,,,,523021,Small Cap,,,,,,,,,,,,,,,,,
,,,,,,,500206,Small Cap,,,,,,,,,,,,,,,,,
,,,,,,,531533,Small Cap,,,,,,,,,,,,,,,,,
,,,,,,,526355,Small Cap,,,,,,,,,,,,,,,,,
,,,,,,,SITINET,Small Cap,,,,,,,,,,,,,,,,,
,,,,,,,AGSTRA,Small Cap,,,,,,,,,,,,,,,,,
,,,,,,,539519,Small Cap,,,,,,,,,,,,,,,,,
,,,,,,,538521,Small Cap,,,,,,,,,,,,,,,,,
,,,,,,,TIMESCAN,Small Cap,,,,,,,,,,,,,,,,,
,,,,,,,544596,Small Cap,,,,,,,,,,,,,,,,,
,,,,,,,513295,Small Cap,,,,,,,,,,,,,,,,,
,,,,,,,541006,Small Cap,,,,,,,,,,,,,,,,,
,,,,,,,505250,Small Cap,,,,,,,,,,,,,,,,,
,,,,,,,544683,Small Cap,,,,,,,,,,,,,,,,,
,,,,,,,502933,Small Cap,,,,,,,,,,,,,,,,,
,,,,,,,514177,Small Cap,,,,,,,,,,,,,,,,,
,,,,,,,IDENTICAL,Small Cap,,,,,,,,,,,,,,,,,
,,,,,,,533100,Small Cap,,,,,,,,,,,,,,,,,
,,,,,,,539354,Small Cap,,,,,,,,,,,,,,,,,
,,,,,,,539310,Small Cap,,,,,,,,,,,,,,,,,
,,,,,,,530407,Small Cap,,,,,,,,,,,,,,,,,
,,,,,,,543941,Small Cap,,,,,,,,,,,,,,,,,
,,,,,,,501700,Small Cap,,,,,,,,,,,,,,,,,
,,,,,,,532701,Small Cap,,,,,,,,,,,,,,,,,
,,,,,,,DEEM,Small Cap,,,,,,,,,,,,,,,,,
,,,,,,,540079,Small Cap,,,,,,,,,,,,,,,,,
,,,,,,,MEDIORG,Small Cap,,,,,,,,,,,,,,,,,
,,,,,,,526161,Small Cap,,,,,,,,,,,,,,,,,
,,,,,,,531212,Small Cap,,,,,,,,,,,,,,,,,
,,,,,,,532723,Small Cap,,,,,,,,,,,,,,,,,
,,,,,,,544436,Small Cap,,,,,,,,,,,,,,,,,
,,,,,,,MEDISTEP,Small Cap,,,,,,,,,,,,,,,,,
,,,,,,,SUPERSPIN,Small Cap,,,,,,,,,,,,,,,,,
,,,,,,,543538,Small Cap,,,,,,,,,,,,,,,,,
,,,,,,,500016,Small Cap,,,,,,,,,,,,,,,,,
,,,,,,,519475,Small Cap,,,,,,,,,,,,,,,,,
,,,,,,,543970,Small Cap,,,,,,,,,,,,,,,,,
,,,,,,,511533,Small Cap,,,,,,,,,,,,,,,,,
,,,,,,,531262,Small Cap,,,,,,,,,,,,,,,,,
,,,,,,,531015,Small Cap,,,,,,,,,,,,,,,,,
,,,,,,,PNC,Small Cap,,,,,,,,,,,,,,,,,
,,,,,,,EASTSILK,Small Cap,,,,,,,,,,,,,,,,,
,,,,,,,536737,Small Cap,,,,,,,,,,,,,,,,,
,,,,,,,544494,Small Cap,,,,,,,,,,,,,,,,,
,,,,,,,530133,Small Cap,,,,,,,,,,,,,,,,,
,,,,,,,506947,Small Cap,,,,,,,,,,,,,,,,,
,,,,,,,511593,Small Cap,,,,,,,,,,,,,,,,,
,,,,,,,MICROPRO,Small Cap,,,,,,,,,,,,,,,,,
,,,,,,,NEXTMEDIA,Small Cap,,,,,,,,,,,,,,,,,
,,,,,,,524314,Small Cap,,,,,,,,,,,,,,,,,
,,,,,,,506105,Small Cap,,,,,,,,,,,,,,,,,
,,,,,,,509895,Small Cap,,,,,,,,,,,,,,,,,
,,,,,,,543310,Small Cap,,,,,,,,,,,,,,,,,
,,,,,,,532167,Small Cap,,,,,,,,,,,,,,,,,
,,,,,,,KHANDSE,Small Cap,,,,,,,,,,,,,,,,,
,,,,,,,SIGNORIA,Small Cap,,,,,,,,,,,,,,,,,
,,,,,,,500370,Small Cap,,,,,,,,,,,,,,,,,
,,,,,,,533602,Small Cap,,,,,,,,,,,,,,,,,
,,,,,,,511730,Small Cap,,,,,,,,,,,,,,,,,
,,,,,,,531667,Small Cap,,,,,,,,,,,,,,,,,
,,,,,,,530217,Small Cap,,,,,,,,,,,,,,,,,
,,,,,,,526871,Small Cap,,,,,,,,,,,,,,,,,
,,,,,,,514223,Small Cap,,,,,,,,,,,,,,,,,
,,,,,,,538918,Small Cap,,,,,,,,,,,,,,,,,
,,,,,,,538382,Small Cap,,,,,,,,,,,,,,,,,
,,,,,,,VSCL,Small Cap,,,,,,,,,,,,,,,,,
,,,,,,,540953,Small Cap,,,,,,,,,,,,,,,,,
,,,,,,,512489,Small Cap,,,,,,,,,,,,,,,,,
,,,,,,,524727,Small Cap,,,,,,,,,,,,,,,,,
,,,,,,,521141,Small Cap,,,,,,,,,,,,,,,,,
,,,,,,,512036,Small Cap,,,,,,,,,,,,,,,,,
,,,,,,,AILIMITED,Small Cap,,,,,,,,,,,,,,,,,
,,,,,,,544013,Small Cap,,,,,,,,,,,,,,,,,
,,,,,,,538743,Small Cap,,,,,,,,,,,,,,,,,
,,,,,,,TGBHOTELS,Small Cap,,,,,,,,,,,,,,,,,
,,,,,,,544372,Small Cap,,,,,,,,,,,,,,,,,
,,,,,,,YUDIZ,Small Cap,,,,,,,,,,,,,,,,,
,,,,,,,503092,Small Cap,,,,,,,,,,,,,,,,,
,,,,,,,532217,Small Cap,,,,,,,,,,,,,,,,,
,,,,,,,531608,Small Cap,,,,,,,,,,,,,,,,,
,,,,,,,QVCEL,Small Cap,,,,,,,,,,,,,,,,,
,,,,,,,LAMOSAIC,Small Cap,,,,,,,,,,,,,,,,,
,,,,,,,531416,Small Cap,,,,,,,,,,,,,,,,,
,,,,,,,505212,Small Cap,,,,,,,,,,,,,,,,,
,,,,,,,VCL,Small Cap,,,,,,,,,,,,,,,,,
,,,,,,,543921,Small Cap,,,,,,,,,,,,,,,,,
,,,,,,,539494,Small Cap,,,,,,,,,,,,,,,,,
,,,,,,,531870,Small Cap,,,,,,,,,,,,,,,,,
,,,,,,,514028,Small Cap,,,,,,,,,,,,,,,,,
,,,,,,,535730,Small Cap,,,,,,,,,,,,,,,,,
,,,,,,,540150,Small Cap,,,,,,,,,,,,,,,,,
,,,,,,,530925,Small Cap,,,,,,,,,,,,,,,,,
,,,,,,,512591,Small Cap,,,,,,,,,,,,,,,,,
,,,,,,,519532,Small Cap,,,,,,,,,,,,,,,,,
,,,,,,,541337,Small Cap,,,,,,,,,,,,,,,,,
,,,,,,,TGL,Small Cap,,,,,,,,,,,,,,,,,
,,,,,,,530235,Small Cap,,,,,,,,,,,,,,,,,
,,,,,,,531628,Small Cap,,,,,,,,,,,,,,,,,
,,,,,,,PROLIFE,Small Cap,,,,,,,,,,,,,,,,,
,,,,,,,531503,Small Cap,,,,,,,,,,,,,,,,,
,,,,,,,544175,Small Cap,,,,,,,,,,,,,,,,,
,,,,,,,MFML,Small Cap,,,,,,,,,,,,,,,,,
,,,,,,,539012,Small Cap,,,,,,,,,,,,,,,,,
,,,,,,,531227,Small Cap,,,,,,,,,,,,,,,,,
,,,,,,,531437,Small Cap,,,,,,,,,,,,,,,,,
,,,,,,,543309,Small Cap,,,,,,,,,,,,,,,,,
,,,,,,,538647,Small Cap,,,,,,,,,,,,,,,,,
,,,,,,,543934,Small Cap,,,,,,,,,,,,,,,,,
,,,,,,,531960,Small Cap,,,,,,,,,,,,,,,,,
,,,,,,,541945,Small Cap,,,,,,,,,,,,,,,,,
,,,,,,,523832,Small Cap,,,,,,,,,,,,,,,,,
,,,,,,,511131,Small Cap,,,,,,,,,,,,,,,,,
,,,,,,,511549,Small Cap,,,,,,,,,,,,,,,,,
,,,,,,,531402,Small Cap,,,,,,,,,,,,,,,,,
,,,,,,,504392,Small Cap,,,,,,,,,,,,,,,,,
,,,,,,,504180,Small Cap,,,,,,,,,,,,,,,,,
,,,,,,,531950,Small Cap,,,,,,,,,,,,,,,,,
,,,,,,,500358,Small Cap,,,,,,,,,,,,,,,,,
,,,,,,,531509,Small Cap,,,,,,,,,,,,,,,,,
,,,,,,,504648,Small Cap,,,,,,,,,,,,,,,,,
,,,,,,,AGARWALFT,Small Cap,,,,,,,,,,,,,,,,,
,,,,,,,LAXMICOT,Small Cap,,,,,,,,,,,,,,,,,
,,,,,,,530953,Small Cap,,,,,,,,,,,,,,,,,
,,,,,,,512247,Small Cap,,,,,,,,,,,,,,,,,
,,,,,,,531099,Small Cap,,,,,,,,,,,,,,,,,
,,,,,,,531626,Small Cap,,,,,,,,,,,,,,,,,
,,,,,,,526139,Small Cap,,,,,,,,,,,,,,,,,
,,,,,,,541503,Small Cap,,,,,,,,,,,,,,,,,
,,,,,,,540821,Small Cap,,,,,,,,,,,,,,,,,
,,,,,,,531930,Small Cap,,,,,,,,,,,,,,,,,
,,,,,,,539900,Small Cap,,,,,,,,,,,,,,,,,
,,,,,,,GUJRAFFIA,Small Cap,,,,,,,,,,,,,,,,,
,,,,,,,TAPIFRUIT,Small Cap,,,,,,,,,,,,,,,,,
,,,,,,,511710,Small Cap,,,,,,,,,,,,,,,,,
,,,,,,,SUPREMEENG,Small Cap,,,,,,,,,,,,,,,,,
,,,,,,,514128,Small Cap,,,,,,,,,,,,,,,,,
,,,,,,,544331,Small Cap,,,,,,,,,,,,,,,,,
,,,,,,,540023,Small Cap,,,,,,,,,,,,,,,,,
,,,,,,,513422,Small Cap,,,,,,,,,,,,,,,,,
,,,,,,,530405,Small Cap,,,,,,,,,,,,,,,,,
,,,,,,,511716,Small Cap,,,,,,,,,,,,,,,,,
,,,,,,,539947,Small Cap,,,,,,,,,,,,,,,,,
,,,,,,,506981,Small Cap,,,,,,,,,,,,,,,,,
,,,,,,,513498,Small Cap,,,,,,,,,,,,,,,,,
,,,,,,,TECILCHEM,Small Cap,,,,,,,,,,,,,,,,,
,,,,,,,524400,Small Cap,,,,,,,,,,,,,,,,,
,,,,,,,541735,Small Cap,,,,,,,,,,,,,,,,,
,,,,,,,511758,Small Cap,,,,,,,,,,,,,,,,,
,,,,,,,539470,Small Cap,,,,,,,,,,,,,,,,,
,,,,,,,524434,Small Cap,,,,,,,,,,,,,,,,,
,,,,,,,HAVISHA,Small Cap,,,,,,,,,,,,,,,,,
,,,,,,,520127,Small Cap,,,,,,,,,,,,,,,,,
,,,,,,,530909,Small Cap,,,,,,,,,,,,,,,,,
,,,,,,,526554,Small Cap,,,,,,,,,,,,,,,,,
,,,,,,,531003,Small Cap,,,,,,,,,,,,,,,,,
,,,,,,,522289,Small Cap,,,,,,,,,,,,,,,,,
,,,,,,,524210,Small Cap,,,,,,,,,,,,,,,,,
,,,,,,,526901,Small Cap,,,,,,,,,,,,,,,,,
,,,,,,,544624,Small Cap,,,,,,,,,,,,,,,,,
,,,,,,,MANDEEP,Small Cap,,,,,,,,,,,,,,,,,
,,,,,,,539174,Small Cap,,,,,,,,,,,,,,,,,
,,,,,,,508571,Small Cap,,,,,,,,,,,,,,,,,
,,,,,,,SHRENIK,Small Cap,,,,,,,,,,,,,,,,,
,,,,,,,543765,Small Cap,,,,,,,,,,,,,,,,,
,,,,,,,544433,Small Cap,,,,,,,,,,,,,,,,,
,,,,,,,539409,Small Cap,,,,,,,,,,,,,,,,,
,,,,,,,544312,Small Cap,,,,,,,,,,,,,,,,,
,,,,,,,526075,Small Cap,,,,,,,,,,,,,,,,,
,,,,,,,531616,Small Cap,,,,,,,,,,,,,,,,,
,,,,,,,539884,Small Cap,,,,,,,,,,,,,,,,,
,,,,,,,530787,Small Cap,,,,,,,,,,,,,,,,,
,,,,,,,524038,Small Cap,,,,,,,,,,,,,,,,,
,,,,,,,539265,Small Cap,,,,,,,,,,,,,,,,,
,,,,,,,544011,Small Cap,,,,,,,,,,,,,,,,,
,,,,,,,540416,Small Cap,,,,,,,,,,,,,,,,,
,,,,,,,500014,Small Cap,,,,,,,,,,,,,,,,,
,,,,,,,FLEXITUFF,Small Cap,,,,,,,,,,,,,,,,,
,,,,,,,531025,Small Cap,,,,,,,,,,,,,,,,,
,,,,,,,523566,Small Cap,,,,,,,,,,,,,,,,,
,,,,,,,524522,Small Cap,,,,,,,,,,,,,,,,,
,,,,,,,530459,Small Cap,,,,,,,,,,,,,,,,,
,,,,,,,514454,Small Cap,,,,,,,,,,,,,,,,,
,,,,,,,532124,Small Cap,,,,,,,,,,,,,,,,,
,,,,,,,531436,Small Cap,,,,,,,,,,,,,,,,,
,,,,,,,514221,Small Cap,,,,,,,,,,,,,,,,,
,,,,,,,544139,Small Cap,,,,,,,,,,,,,,,,,
,,,,,,,530779,Small Cap,,,,,,,,,,,,,,,,,
,,,,,,,509046,Small Cap,,,,,,,,,,,,,,,,,
,,,,,,,538838,Small Cap,,,,,,,,,,,,,,,,,
,,,,,,,540066,Small Cap,,,,,,,,,,,,,,,,,
,,,,,,,538579,Small Cap,,,,,,,,,,,,,,,,,
,,,,,,,505523,Small Cap,,,,,,,,,,,,,,,,,
,,,,,,,543754,Small Cap,,,,,,,,,,,,,,,,,
,,,,,,,ANKITMETAL,Small Cap,,,,,,,,,,,,,,,,,
,,,,,,,526761,Small Cap,,,,,,,,,,,,,,,,,
,,,,,,,531259,Small Cap,,,,,,,,,,,,,,,,,
,,,,,,,530401,Small Cap,,,,,,,,,,,,,,,,,
,,,,,,,519612,Small Cap,,,,,,,,,,,,,,,,,
,,,,,,,521131,Small Cap,,,,,,,,,,,,,,,,,
,,,,,,,538597,Small Cap,,,,,,,,,,,,,,,,,
,,,,,,,514326,Small Cap,,,,,,,,,,,,,,,,,
,,,,,,,511246,Small Cap,,,,,,,,,,,,,,,,,
,,,,,,,514332,Small Cap,,,,,,,,,,,,,,,,,
,,,,,,,SHUBHLAXMI,Small Cap,,,,,,,,,,,,,,,,,
,,,,,,,511116,Small Cap,,,,,,,,,,,,,,,,,
,,,,,,,531784,Small Cap,,,,,,,,,,,,,,,,,
,,,,,,,531506,Small Cap,,,,,,,,,,,,,,,,,
,,,,,,,540144,Small Cap,,,,,,,,,,,,,,,,,
,,,,,,,502589,Small Cap,,,,,,,,,,,,,,,,,
,,,,,,,521149,Small Cap,,,,,,,,,,,,,,,,,
,,,,,,,SHYAMTEL,Small Cap,,,,,,,,,,,,,,,,,
,,,,,,,507486,Small Cap,,,,,,,,,,,,,,,,,
,,,,,,,NEELAM,Small Cap,,,,,,,,,,,,,,,,,
,,,,,,,ASPIRE,Small Cap,,,,,,,,,,,,,,,,,
,,,,,,,540550,Small Cap,,,,,,,,,,,,,,,,,
,,,,,,,SKIL,Small Cap,,,,,,,,,,,,,,,,,
,,,,,,,517201,Small Cap,,,,,,,,,,,,,,,,,
,,,,,,,532304,Small Cap,,,,,,,,,,,,,,,,,
,,,,,,,512175,Small Cap,,,,,,,,,,,,,,,,,
,,,,,,,544417,Small Cap,,,,,,,,,,,,,,,,,
,,,,,,,530697,Small Cap,,,,,,,,,,,,,,,,,
,,,,,,,531324,Small Cap,,,,,,,,,,,,,,,,,
,,,,,,,542682,Small Cap,,,,,,,,,,,,,,,,,
,,,,,,,531502,Small Cap,,,,,,,,,,,,,,,,,
,,,,,,,539938,Small Cap,,,,,,,,,,,,,,,,,
,,,,,,,CMRSL,Small Cap,,,,,,,,,,,,,,,,,
,,,,,,,530469,Small Cap,,,,,,,,,,,,,,,,,
,,,,,,,526977,Small Cap,,,,,,,,,,,,,,,,,
,,,,,,,531129,Small Cap,,,,,,,,,,,,,,,,,
,,,,,,,531962,Small Cap,,,,,,,,,,,,,,,,,
,,,,,,,526628,Small Cap,,,,,,,,,,,,,,,,,
,,,,,,,MONOPHARMA,Small Cap,,,,,,,,,,,,,,,,,
,,,,,,,SILLYMONKS,Small Cap,,,,,,,,,,,,,,,,,
,,,,,,,539435,Small Cap,,,,,,,,,,,,,,,,,
,,,,,,,543352,Small Cap,,,,,,,,,,,,,,,,,
,,,,,,,503685,Small Cap,,,,,,,,,,,,,,,,,
,,,,,,,530263,Small Cap,,,,,,,,,,,,,,,,,
,,,,,,,538777,Small Cap,,,,,,,,,,,,,,,,,
,,,,,,,542906,Small Cap,,,,,,,,,,,,,,,,,
,,,,,,,507966,Small Cap,,,,,,,,,,,,,,,,,
,,,,,,,534338,Small Cap,,,,,,,,,,,,,,,,,
,,,,,,,530537,Small Cap,,,,,,,,,,,,,,,,,
,,,,,,,515059,Small Cap,,,,,,,,,,,,,,,,,
,,,,,,,543475,Small Cap,,,,,,,,,,,,,,,,,
,,,,,,,543282,Small Cap,,,,,,,,,,,,,,,,,
,,,,,,,526755,Small Cap,,,,,,,,,,,,,,,,,
,,,,,,,530805,Small Cap,,,,,,,,,,,,,,,,,
,,,,,,,511539,Small Cap,,,,,,,,,,,,,,,,,
,,,,,,,NIDAN,Small Cap,,,,,,,,,,,,,,,,,
,,,,,,,501622,Small Cap,,,,,,,,,,,,,,,,,
,,,,,,,531255,Small Cap,,,,,,,,,,,,,,,,,
,,,,,,,511543,Small Cap,,,,,,,,,,,,,,,,,
,,,,,,,531893,Small Cap,,,,,,,,,,,,,,,,,
,,,,,,,ACEINTEG,Small Cap,,,,,,,,,,,,,,,,,
,,,,,,,530675,Small Cap,,,,,,,,,,,,,,,,,
,,,,,,,541865,Small Cap,,,,,,,,,,,,,,,,,
,,,,,,,531319,Small Cap,,,,,,,,,,,,,,,,,
,,,,,,,514266,Small Cap,,,,,,,,,,,,,,,,,
,,,,,,,532001,Small Cap,,,,,,,,,,,,,,,,,
,,,,,,,543830,Small Cap,,,,,,,,,,,,,,,,,
,,,,,,,543924,Small Cap,,,,,,,,,,,,,,,,,
,,,,,,,544178,Small Cap,,,,,,,,,,,,,,,,,
,,,,,,,516096,Small Cap,,,,,,,,,,,,,,,,,
,,,,,,,539116,Small Cap,,,,,,,,,,,,,,,,,
,,,,,,,TRIDHYA,Small Cap,,,,,,,,,,,,,,,,,
,,,,,,,TVVISION,Small Cap,,,,,,,,,,,,,,,,,
,,,,,,,MARINETRAN,Small Cap,,,,,,,,,,,,,,,,,
,,,,,,,544160,Small Cap,,,,,,,,,,,,,,,,,
,,,,,,,SPPPOLY,Small Cap,,,,,,,,,,,,,,,,,
,,,,,,,544083,Small Cap,,,,,,,,,,,,,,,,,
,,,,,,,VIKASWSP,Small Cap,,,,,,,,,,,,,,,,,
,,,,,,,531395,Small Cap,,,,,,,,,,,,,,,,,
,,,,,,,RADIOWALLA,Small Cap,,,,,,,,,,,,,,,,,
,,,,,,,530829,Small Cap,,,,,,,,,,,,,,,,,
,,,,,,,503657,Small Cap,,,,,,,,,,,,,,,,,
,,,,,,,521048,Small Cap,,,,,,,,,,,,,,,,,
,,,,,,,MPTODAY,Small Cap,,,,,,,,,,,,,,,,,
,,,,,,,512565,Small Cap,,,,,,,,,,,,,,,,,
,,,,,,,522245,Small Cap,,,,,,,,,,,,,,,,,
,,,,,,,542771,Small Cap,,,,,,,,,,,,,,,,,
,,,,,,,501351,Small Cap,,,,,,,,,,,,,,,,,
,,,,,,,538273,Small Cap,,,,,,,,,,,,,,,,,
,,,,,,,543285,Small Cap,,,,,,,,,,,,,,,,,
,,,,,,,540727,Small Cap,,,,,,,,,,,,,,,,,
,,,,,,,544371,Small Cap,,,,,,,,,,,,,,,,,
,,,,,,,543594,Small Cap,,,,,,,,,,,,,,,,,
,,,,,,,539946,Small Cap,,,,,,,,,,,,,,,,,
,,,,,,,539985,Small Cap,,,,,,,,,,,,,,,,,
,,,,,,,519574,Small Cap,,,,,,,,,,,,,,,,,
,,,,,,,544509,Small Cap,,,,,,,,,,,,,,,,,
,,,,,,,532145,Small Cap,,,,,,,,,,,,,,,,,
,,,,,,,526477,Small Cap,,,,,,,,,,,,,,,,,
,,,,,,,511535,Small Cap,,,,,,,,,,,,,,,,,
,,,,,,,507938,Small Cap,,,,,,,,,,,,,,,,,
,,,,,,,ACCORD,Small Cap,,,,,,,,,,,,,,,,,
,,,,,,,531968,Small Cap,,,,,,,,,,,,,,,,,
,,,,,,,541634,Small Cap,,,,,,,,,,,,,,,,,
,,,,,,,530821,Small Cap,,,,,,,,,,,,,,,,,
,,,,,,,531246,Small Cap,,,,,,,,,,,,,,,,,
,,,,,,,524576,Small Cap,,,,,,,,,,,,,,,,,
,,,,,,,506520,Small Cap,,,,,,,,,,,,,,,,,
,,,,,,,539669,Small Cap,,,,,,,,,,,,,,,,,
,,,,,,,513430,Small Cap,,,,,,,,,,,,,,,,,
,,,,,,,521068,Small Cap,,,,,,,,,,,,,,,,,
,,,,,,,505320,Small Cap,,,,,,,,,,,,,,,,,
,,,,,,,526508,Small Cap,,,,,,,,,,,,,,,,,
,,,,,,,ASTRON,Small Cap,,,,,,,,,,,,,,,,,
,,,,,,,522267,Small Cap,,,,,,,,,,,,,,,,,
,,,,,,,513303,Small Cap,,,,,,,,,,,,,,,,,
,,,,,,,544373,Small Cap,,,,,,,,,,,,,,,,,
,,,,,,,530369,Small Cap,,,,,,,,,,,,,,,,,
,,,,,,,531521,Small Cap,,,,,,,,,,,,,,,,,
,,,,,,,540597,Small Cap,,,,,,,,,,,,,,,,,
,,,,,,,531178,Small Cap,,,,,,,,,,,,,,,,,
,,,,,,,512024,Small Cap,,,,,,,,,,,,,,,,,
,,,,,,,509015,Small Cap,,,,,,,,,,,,,,,,,
,,,,,,,GTECJAINX,Small Cap,,,,,,,,,,,,,,,,,
,,,,,,,536073,Small Cap,,,,,,,,,,,,,,,,,
,,,,,,,531583,Small Cap,,,,,,,,,,,,,,,,,
,,,,,,,539230,Small Cap,,,,,,,,,,,,,,,,,
,,,,,,,539599,Small Cap,,,,,,,,,,,,,,,,,
,,,,,,,541178,Small Cap,,,,,,,,,,,,,,,,,
,,,,,,,508664,Small Cap,,,,,,,,,,,,,,,,,
,,,,,,,532042,Small Cap,,,,,,,,,,,,,,,,,
,,,,,,,543905,Small Cap,,,,,,,,,,,,,,,,,
,,,,,,,CONTI,Small Cap,,,,,,,,,,,,,,,,,
,,,,,,,521105,Small Cap,,,,,,,,,,,,,,,,,
,,,,,,,PRECISION,Small Cap,,,,,,,,,,,,,,,,,
,,,,,,,541771,Small Cap,,,,,,,,,,,,,,,,,
,,,,,,,539189,Small Cap,,,,,,,,,,,,,,,,,
,,,,,,,YCCL,Small Cap,,,,,,,,,,,,,,,,,
,,,,,,,531980,Small Cap,,,,,,,,,,,,,,,,,
,,,,,,,538520,Small Cap,,,,,,,,,,,,,,,,,
,,,,,,,538609,Small Cap,,,,,,,,,,,,,,,,,
,,,,,,,512624,Small Cap,,,,,,,,,,,,,,,,,
,,,,,,,511016,Small Cap,,,,,,,,,,,,,,,,,
,,,,,,,SATIPOLY,Small Cap,,,,,,,,,,,,,,,,,
,,,,,,,540147,Small Cap,,,,,,,,,,,,,,,,,
,,,,,,,531360,Small Cap,,,,,,,,,,,,,,,,,
,,,,,,,540063,Small Cap,,,,,,,,,,,,,,,,,
,,,,,,,526532,Small Cap,,,,,,,,,,,,,,,,,
,,,,,,,521222,Small Cap,,,,,,,,,,,,,,,,,
,,,,,,,MAKS,Small Cap,,,,,,,,,,,,,,,,,
,,,,,,,PPSL,Small Cap,,,,,,,,,,,,,,,,,
,,,,,,,543745,Small Cap,,,,,,,,,,,,,,,,,
,,,,,,,530825,Small Cap,,,,,,,,,,,,,,,,,
,,,,,,,543621,Small Cap,,,,,,,,,,,,,,,,,
,,,,,,,531737,Small Cap,,,,,,,,,,,,,,,,,
,,,,,,,526373,Small Cap,,,,,,,,,,,,,,,,,
,,,,,,,540072,Small Cap,,,,,,,,,,,,,,,,,
,,,,,,,539384,Small Cap,,,,,,,,,,,,,,,,,
,,,,,,,543606,Small Cap,,,,,,,,,,,,,,,,,
,,,,,,,530141,Small Cap,,,,,,,,,,,,,,,,,
,,,,,,,BOSS,Small Cap,,,,,,,,,,,,,,,,,
,,,,,,,513173,Small Cap,,,,,,,,,,,,,,,,,
,,,,,,,SANWARIA,Small Cap,,,,,,,,,,,,,,,,,
,,,,,,,532359,Small Cap,,,,,,,,,,,,,,,,,
,,,,,,,538742,Small Cap,,,,,,,,,,,,,,,,,
,,,,,,,531539,Small Cap,,,,,,,,,,,,,,,,,
,,,,,,,538788,Small Cap,,,,,,,,,,,,,,,,,
,,,,,,,519506,Small Cap,,,,,,,,,,,,,,,,,
,,,,,,,531552,Small Cap,,,,,,,,,,,,,,,,,
,,,,,,,MEP,Small Cap,,,,,,,,,,,,,,,,,
,,,,,,,531203,Small Cap,,,,,,,,,,,,,,,,,
,,,,,,,540729,Small Cap,,,,,,,,,,,,,,,,,
,,,,,,,544002,Small Cap,,,,,,,,,,,,,,,,,
,,,,,,,530665,Small Cap,,,,,,,,,,,,,,,,,
,,,,,,,513063,Small Cap,,,,,,,,,,,,,,,,,
,,,,,,,516098,Small Cap,,,,,,,,,,,,,,,,,
,,,,,,,530361,Small Cap,,,,,,,,,,,,,,,,,
,,,,,,,539149,Small Cap,,,,,,,,,,,,,,,,,
,,,,,,,TCIFINANCE,Small Cap,,,,,,,,,,,,,,,,,
,,,,,,,530259,Small Cap,,,,,,,,,,,,,,,,,
,,,,,,,506365,Small Cap,,,,,,,,,,,,,,,,,
,,,,,,,531574,Small Cap,,,,,,,,,,,,,,,,,
,,,,,,,531157,Small Cap,,,,,,,,,,,,,,,,,
,,,,,,,523467,Small Cap,,,,,,,,,,,,,,,,,
,,,,,,,517360,Small Cap,,,,,,,,,,,,,,,,,
,,,,,,,521210,Small Cap,,,,,,,,,,,,,,,,,
,,,,,,,RETAIL,Small Cap,,,,,,,,,,,,,,,,,
,,,,,,,507970,Small Cap,,,,,,,,,,,,,,,,,
,,,,,,,543256,Small Cap,,,,,,,,,,,,,,,,,
,,,,,,,VIVIDHA,Small Cap,,,,,,,,,,,,,,,,,
,,,,,,,511756,Small Cap,,,,,,,,,,,,,,,,,
,,,,,,,SHANTHALA,Small Cap,,,,,,,,,,,,,,,,,
,,,,,,,GAJANAND,Small Cap,,,,,,,,,,,,,,,,,
,,,,,,,524514,Small Cap,,,,,,,,,,,,,,,,,
,,,,,,,511501,Small Cap,,,,,,,,,,,,,,,,,
,,,,,,,531286,Small Cap,,,,,,,,,,,,,,,,,
,,,,,,,GLFL,Small Cap,,,,,,,,,,,,,,,,,
,,,,,,,539190,Small Cap,,,,,,,,,,,,,,,,,
,,,,,,,511601,Small Cap,,,,,,,,,,,,,,,,,
,,,,,,,539224,Small Cap,,,,,,,,,,,,,,,,,
,,,,,,,519483,Small Cap,,,,,,,,,,,,,,,,,
,,,,,,,543519,Small Cap,,,,,,,,,,,,,,,,,
,,,,,,,511092,Small Cap,,,,,,,,,,,,,,,,,
,,,,,,,538975,Small Cap,,,,,,,,,,,,,,,,,
,,,,,,,544559,Small Cap,,,,,,,,,,,,,,,,,
,,,,,,,531471,Small Cap,,,,,,,,,,,,,,,,,
,,,,,,,542034,Small Cap,,,,,,,,,,,,,,,,,
,,,,,,,516110,Small Cap,,,,,,,,,,,,,,,,,
,,,,,,,540703,Small Cap,,,,,,,,,,,,,,,,,
,,,,,,,531572,Small Cap,,,,,,,,,,,,,,,,,
,,,,,,,521226,Small Cap,,,,,,,,,,,,,,,,,
,,,,,,,540615,Small Cap,,,,,,,,,,,,,,,,,
,,,,,,,540938,Small Cap,,,,,,,,,,,,,,,,,
,,,,,,,539124,Small Cap,,,,,,,,,,,,,,,,,
,,,,,,,542477,Small Cap,,,,,,,,,,,,,,,,,
,,,,,,,VIVO,Small Cap,,,,,,,,,,,,,,,,,
,,,,,,,RADAAN,Small Cap,,,,,,,,,,,,,,,,,
,,,,,,,543460,Small Cap,,,,,,,,,,,,,,,,,
,,,,,,,531821,Small Cap,,,,,,,,,,,,,,,,,
,,,,,,,538922,Small Cap,,,,,,,,,,,,,,,,,
,,,,,,,523594,Small Cap,,,,,,,,,,,,,,,,,
,,,,,,,542865,Small Cap,,,,,,,,,,,,,,,,,
,,,,,,,539005,Small Cap,,,,,,,,,,,,,,,,,
,,,,,,,544072,Small Cap,,,,,,,,,,,,,,,,,
,,,,,,,544366,Small Cap,,,,,,,,,,,,,,,,,
,,,,,,,WINSOME,Small Cap,,,,,,,,,,,,,,,,,
,,,,,,,544052,Small Cap,,,,,,,,,,,,,,,,,
,,,,,,,512301,Small Cap,,,,,,,,,,,,,,,,,
,,,,,,,IMPEXFERRO,Small Cap,,,,,,,,,,,,,,,,,
,,,,,,,523222,Small Cap,,,,,,,,,,,,,,,,,
,,,,,,,521036,Small Cap,,,,,,,,,,,,,,,,,
,,,,,,,500357,Small Cap,,,,,,,,,,,,,,,,,
,,,,,,,DHTL,Small Cap,,,,,,,,,,,,,,,,,
,,,,,,,531553,Small Cap,,,,,,,,,,,,,,,,,
,,,,,,,543769,Small Cap,,,,,,,,,,,,,,,,,
,,,,,,,544378,Small Cap,,,,,,,,,,,,,,,,,
,,,,,,,542654,Small Cap,,,,,,,,,,,,,,,,,
,,,,,,,HEADSUP,Small Cap,,,,,,,,,,,,,,,,,
,,,,,,,544508,Small Cap,,,,,,,,,,,,,,,,,
,,,,,,,544101,Small Cap,,,,,,,,,,,,,,,,,
,,,,,,,544236,Small Cap,,,,,,,,,,,,,,,,,
,,,,,,,513575,Small Cap,,,,,,,,,,,,,,,,,
,,,,,,,THESL,Small Cap,,,,,,,,,,,,,,,,,
,,,,,,,531887,Small Cap,,,,,,,,,,,,,,,,,
,,,,,,,543595,Small Cap,,,,,,,,,,,,,,,,,
,,,,,,,530201,Small Cap,,,,,,,,,,,,,,,,,
,,,,,,,DIL,Small Cap,,,,,,,,,,,,,,,,,
,,,,,,,544628,Small Cap,,,,,,,,,,,,,,,,,
,,,,,,,519064,Small Cap,,,,,,,,,,,,,,,,,
,,,,,,,519230,Small Cap,,,,,,,,,,,,,,,,,
,,,,,,,521242,Small Cap,,,,,,,,,,,,,,,,,
,,,,,,,511377,Small Cap,,,,,,,,,,,,,,,,,
,,,,,,,530179,Small Cap,,,,,,,,,,,,,,,,,
,,,,,,,523652,Small Cap,,,,,,,,,,,,,,,,,
,,,,,,,530171,Small Cap,,,,,,,,,,,,,,,,,
,,,,,,,513401,Small Cap,,,,,,,,,,,,,,,,,
,,,,,,,SPRL,Small Cap,,,,,,,,,,,,,,,,,
,,,,,,,541444,Small Cap,,,,,,,,,,,,,,,,,
,,,,,,,526622,Small Cap,,,,,,,,,,,,,,,,,
,,,,,,,519500,Small Cap,,,,,,,,,,,,,,,,,
,,,,,,,530167,Small Cap,,,,,,,,,,,,,,,,,
,,,,,,,INSPIRE,Small Cap,,,,,,,,,,,,,,,,,
,,,,,,,534691,Small Cap,,,,,,,,,,,,,,,,,
,,,,,,,532164,Small Cap,,,,,,,,,,,,,,,,,
,,,,,,,531758,Small Cap,,,,,,,,,,,,,,,,,
,,,,,,,541703,Small Cap,,,,,,,,,,,,,,,,,
,,,,,,,523896,Small Cap,,,,,,,,,,,,,,,,,
,,,,,,,531406,Small Cap,,,,,,,,,,,,,,,,,
,,,,,,,531409,Small Cap,,,,,,,,,,,,,,,,,
,,,,,,,VIKASPROP,Small Cap,,,,,,,,,,,,,,,,,
,,,,,,,537840,Small Cap,,,,,,,,,,,,,,,,,
,,,,,,,531346,Small Cap,,,,,,,,,,,,,,,,,
,,,,,,,536738,Small Cap,,,,,,,,,,,,,,,,,
,,,,,,,536709,Small Cap,,,,,,,,,,,,,,,,,
,,,,,,,531613,Small Cap,,,,,,,,,,,,,,,,,
,,,,,,,503641,Small Cap,,,,,,,,,,,,,,,,,
,,,,,,,532131,Small Cap,,,,,,,,,,,,,,,,,
,,,,,,,LYPSAGEMS,Small Cap,,,,,,,,,,,,,,,,,
,,,,,,,531778,Small Cap,,,,,,,,,,,,,,,,,
,,,,,,,539097,Small Cap,,,,,,,,,,,,,,,,,
,,,,,,,531091,Small Cap,,,,,,,,,,,,,,,,,
,,,,,,,523782,Small Cap,,,,,,,,,,,,,,,,,
,,,,,,,540782,Small Cap,,,,,,,,,,,,,,,,,
,,,,,,,531033,Small Cap,,,,,,,,,,,,,,,,,
,,,,,,,544556,Small Cap,,,,,,,,,,,,,,,,,
,,,,,,,500142,Small Cap,,,,,,,,,,,,,,,,,
,,,,,,,538708,Small Cap,,,,,,,,,,,,,,,,,
,,,,,,,505840,Small Cap,,,,,,,,,,,,,,,,,
,,,,,,,539091,Small Cap,,,,,,,,,,,,,,,,,
,,,,,,,540481,Small Cap,,,,,,,,,,,,,,,,,
,,,,,,,514248,Small Cap,,,,,,,,,,,,,,,,,
,,,,,,,BILVYAPAR,Small Cap,,,,,,,,,,,,,,,,,
,,,,,,,521062,Small Cap,,,,,,,,,,,,,,,,,
,,,,,,,542938,Small Cap,,,,,,,,,,,,,,,,,
,,,,,,,544168,Small Cap,,,,,,,,,,,,,,,,,
,,,,,,,511636,Small Cap,,,,,,,,,,,,,,,,,
,,,,,,,531413,Small Cap,,,,,,,,,,,,,,,,,
,,,,,,,513699,Small Cap,,,,,,,,,,,,,,,,,
,,,,,,,522209,Small Cap,,,,,,,,,,,,,,,,,
,,,,,,,514197,Small Cap,,,,,,,,,,,,,,,,,
,,,,,,,526891,Small Cap,,,,,,,,,,,,,,,,,
,,,,,,,523712,Small Cap,,,,,,,,,,,,,,,,,
,,,,,,,540266,Small Cap,,,,,,,,,,,,,,,,,
,,,,,,,530111,Small Cap,,,,,,,,,,,,,,,,,
,,,,,,,503863,Small Cap,,,,,,,,,,,,,,,,,
,,,,,,,CREATIVEYE,Small Cap,,,,,,,,,,,,,,,,,
,,,,,,,BCP,Small Cap,,,,,,,,,,,,,,,,,
,,,,,,,530119,Small Cap,,,,,,,,,,,,,,,,,
,,,,,,,530357,Small Cap,,,,,,,,,,,,,,,,,
,,,,,,,ISHAN,Small Cap,,,,,,,,,,,,,,,,,
,,,,,,,538794,Small Cap,,,,,,,,,,,,,,,,,
,,,,,,,503626,Small Cap,,,,,,,,,,,,,,,,,
,,,,,,,544025,Small Cap,,,,,,,,,,,,,,,,,
,,,,,,,537985,Small Cap,,,,,,,,,,,,,,,,,
,,,,,,,514113,Small Cap,,,,,,,,,,,,,,,,,
,,,,,,,JIWANRAM,Small Cap,,,,,,,,,,,,,,,,,
,,,,,,,542666,Small Cap,,,,,,,,,,,,,,,,,
,,,,,,,523519,Small Cap,,,,,,,,,,,,,,,,,
,,,,,,,500192,Small Cap,,,,,,,,,,,,,,,,,
,,,,,,,544474,Small Cap,,,,,,,,,,,,,,,,,
,,,,,,,520131,Small Cap,,,,,,,,,,,,,,,,,
,,,,,,,506935,Small Cap,,,,,,,,,,,,,,,,,
,,,,,,,544269,Small Cap,,,,,,,,,,,,,,,,,
,,,,,,,540359,Small Cap,,,,,,,,,,,,,,,,,
,,,,,,,530127,Small Cap,,,,,,,,,,,,,,,,,
,,,,,,,506906,Small Cap,,,,,,,,,,,,,,,,,
,,,,,,,517356,Small Cap,,,,,,,,,,,,,,,,,
,,,,,,,540132,Small Cap,,,,,,,,,,,,,,,,,
,,,,,,,538928,Small Cap,,,,,,,,,,,,,,,,,
,,,,,,,EUROTEXIND,Small Cap,,,,,,,,,,,,,,,,,
,,,,,,,517077,Small Cap,,,,,,,,,,,,,,,,,
,,,,,,,540811,Small Cap,,,,,,,,,,,,,,,,,
,,,,,,,VERITAAS,Small Cap,,,,,,,,,,,,,,,,,
,,,,,,,531582,Small Cap,,,,,,,,,,,,,,,,,
,,,,,,,535279,Small Cap,,,,,,,,,,,,,,,,,
,,,,,,,532315,Small Cap,,,,,,,,,,,,,,,,,
,,,,,,,514414,Small Cap,,,,,,,,,,,,,,,,,
,,,,,,,538596,Small Cap,,,,,,,,,,,,,,,,,
,,,,,,,514264,Small Cap,,,,,,,,,,,,,,,,,
,,,,,,,538895,Small Cap,,,,,,,,,,,,,,,,,
,,,,,,,544170,Small Cap,,,,,,,,,,,,,,,,,
,,,,,,,501477,Small Cap,,,,,,,,,,,,,,,,,
,,,,,,,544183,Small Cap,,,,,,,,,,,,,,,,,
,,,,,,,UMESLTD,Small Cap,,,,,,,,,,,,,,,,,
,,,,,,,538568,Small Cap,,,,,,,,,,,,,,,,,
,,,,,,,531644,Small Cap,,,,,,,,,,,,,,,,,
,,,,,,,540189,Small Cap,,,,,,,,,,,,,,,,,
,,,,,,,TIJARIA,Small Cap,,,,,,,,,,,,,,,,,
,,,,,,,512443,Small Cap,,,,,,,,,,,,,,,,,
,,,,,,,540936,Small Cap,,,,,,,,,,,,,,,,,
,,,,,,,SAROJA,Small Cap,,,,,,,,,,,,,,,,,
,,,,,,,508956,Small Cap,,,,,,,,,,,,,,,,,
,,,,,,,519604,Small Cap,,,,,,,,,,,,,,,,,
,,,,,,,513713,Small Cap,,,,,,,,,,,,,,,,,
,,,,,,,523151,Small Cap,,,,,,,,,,,,,,,,,
,,,,,,,543656,Small Cap,,,,,,,,,,,,,,,,,
,,,,,,,531341,Small Cap,,,,,,,,,,,,,,,,,
,,,,,,,532092,Small Cap,,,,,,,,,,,,,,,,,
,,,,,,,GLOBALE,Small Cap,,,,,,,,,,,,,,,,,
,,,,,,,524768,Small Cap,,,,,,,,,,,,,,,,,
,,,,,,,519413,Small Cap,,,,,,,,,,,,,,,,,
,,,,,,,531235,Small Cap,,,,,,,,,,,,,,,,,
,,,,,,,538422,Small Cap,,,,,,,,,,,,,,,,,
,,,,,,,542592,Small Cap,,,,,,,,,,,,,,,,,
,,,,,,,526675,Small Cap,,,,,,,,,,,,,,,,,
,,,,,,,539526,Small Cap,,,,,,,,,,,,,,,,,
,,,,,,,509024,Small Cap,,,,,,,,,,,,,,,,,
,,,,,,,524414,Small Cap,,,,,,,,,,,,,,,,,
,,,,,,,509563,Small Cap,,,,,,,,,,,,,,,,,
,,,,,,,536672,Small Cap,,,,,,,,,,,,,,,,,
,,,,,,,502893,Small Cap,,,,,,,,,,,,,,,,,
,,,,,,,UNIINFO,Small Cap,,,,,,,,,,,,,,,,,
,,,,,,,542146,Small Cap,,,,,,,,,,,,,,,,,
,,,,,,,513403,Small Cap,,,,,,,,,,,,,,,,,
,,,,,,,523826,Small Cap,,,,,,,,,,,,,,,,,
,,,,,,,531834,Small Cap,,,,,,,,,,,,,,,,,
,,,,,,,539492,Small Cap,,,,,,,,,,,,,,,,,
,,,,,,,540026,Small Cap,,,,,,,,,,,,,,,,,
,,,,,,,ORTINGLOBE,Small Cap,,,,,,,,,,,,,,,,,
,,,,,,,509845,Small Cap,,,,,,,,,,,,,,,,,
,,,,,,,539016,Small Cap,,,,,,,,,,,,,,,,,
,,,,,,,520141,Small Cap,,,,,,,,,,,,,,,,,
,,,,,,,541799,Small Cap,,,,,,,,,,,,,,,,,
,,,,,,,544324,Small Cap,,,,,,,,,,,,,,,,,
,,,,,,,ANTGRAPHIC,Small Cap,,,,,,,,,,,,,,,,,
,,,,,,,503624,Small Cap,,,,,,,,,,,,,,,,,
,,,,,,,530899,Small Cap,,,,,,,,,,,,,,,,,
,,,,,,,532676,Small Cap,,,,,,,,,,,,,,,,,
,,,,,,,RAJASPETRO,Small Cap,,,,,,,,,,,,,,,,,
,,,,,,,524748,Small Cap,,,,,,,,,,,,,,,,,
,,,,,,,543520,Small Cap,,,,,,,,,,,,,,,,,
,,,,,,,538812,Small Cap,,,,,,,,,,,,,,,,,
,,,,,,,526473,Small Cap,,,,,,,,,,,,,,,,,
,,,,,,,530799,Small Cap,,,,,,,,,,,,,,,,,
,,,,,,,535431,Small Cap,,,,,,,,,,,,,,,,,
,,,,,,,516106,Small Cap,,,,,,,,,,,,,,,,,
,,,,,,,531640,Small Cap,,,,,,,,,,,,,,,,,
,,,,,,,522237,Small Cap,,,,,,,,,,,,,,,,,
,,,,,,,NIRAJISPAT,Small Cap,,,,,,,,,,,,,,,,,
,,,,,,,530993,Small Cap,,,,,,,,,,,,,,,,,
,,,,,,,530907,Small Cap,,,,,,,,,,,,,,,,,
,,,,,,,531240,Small Cap,,,,,,,,,,,,,,,,,
,,,,,,,530445,Small Cap,,,,,,,,,,,,,,,,,
,,,,,,,521234,Small Cap,,,,,,,,,,,,,,,,,
,,,,,,,544015,Small Cap,,,,,,,,,,,,,,,,,
,,,,,,,523062,Small Cap,,,,,,,,,,,,,,,,,
,,,,,,,EDUCOMP,Small Cap,,,,,,,,,,,,,,,,,
,,,,,,,DIRL,Small Cap,,,,,,,,,,,,,,,,,
,,,,,,,526869,Small Cap,,,,,,,,,,,,,,,,,
,,,,,,,543651,Small Cap,,,,,,,,,,,,,,,,,
,,,,,,,540243,Small Cap,,,,,,,,,,,,,,,,,
,,,,,,,538787,Small Cap,,,,,,,,,,,,,,,,,
,,,,,,,511507,Small Cap,,,,,,,,,,,,,,,,,
,,,,,,,508980,Small Cap,,,,,,,,,,,,,,,,,
,,,,,,,BLUECHIP,Small Cap,,,,,,,,,,,,,,,,,
,,,,,,,514400,Small Cap,,,,,,,,,,,,,,,,,
,,,,,,,523790,Small Cap,,,,,,,,,,,,,,,,,
,,,,,,,531420,Small Cap,,,,,,,,,,,,,,,,,
,,,,,,,ARENTERP,Small Cap,,,,,,,,,,,,,,,,,
,,,,,,,530025,Small Cap,,,,,,,,,,,,,,,,,
,,,,,,,AMIABLE,Small Cap,,,,,,,,,,,,,,,,,
,,,,,,,543927,Small Cap,,,,,,,,,,,,,,,,,
,,,,,,,513117,Small Cap,,,,,,,,,,,,,,,,,
,,,,,,,539117,Small Cap,,,,,,,,,,,,,,,,,
,,,,,,,543617,Small Cap,,,,,,,,,,,,,,,,,
,,,,,,,500202,Small Cap,,,,,,,,,,,,,,,,,
,,,,,,,535647,Small Cap,,,,,,,,,,,,,,,,,
,,,,,,,UNIVAFOODS,Small Cap,,,,,,,,,,,,,,,,,
,,,,,,,512279,Small Cap,,,,,,,,,,,,,,,,,
,,,,,,,MTEDUCARE,Small Cap,,,,,,,,,,,,,,,,,
,,,,,,,531137,Small Cap,,,,,,,,,,,,,,,,,
,,,,,,,532100,Small Cap,,,,,,,,,,,,,,,,,
,,,,,,,526431,Small Cap,,,,,,,,,,,,,,,,,
,,,,,,,524055,Small Cap,,,,,,,,,,,,,,,,,
,,,,,,,530065,Small Cap,,,,,,,,,,,,,,,,,
,,,,,,,544636,Small Cap,,,,,,,,,,,,,,,,,
,,,,,,,512064,Small Cap,,,,,,,,,,,,,,,,,
,,,,,,,523242,Small Cap,,,,,,,,,,,,,,,,,
,,,,,,,538874,Small Cap,,,,,,,,,,,,,,,,,
,,,,,,,COMPINFO,Small Cap,,,,,,,,,,,,,,,,,
,,,,,,,530669,Small Cap,,,,,,,,,,,,,,,,,
,,,,,,,519439,Small Cap,,,,,,,,,,,,,,,,,
,,,,,,,507833,Small Cap,,,,,,,,,,,,,,,,,
,,,,,,,DCMFINSERV,Small Cap,,,,,,,,,,,,,,,,,
,,,,,,,PARAMPARA,Small Cap,,,,,,,,,,,,,,,,,
,,,,,,,526799,Small Cap,,,,,,,,,,,,,,,,,
,,,,,,,543979,Small Cap,,,,,,,,,,,,,,,,,
,,,,,,,526001,Small Cap,,,,,,,,,,,,,,,,,
,,,,,,,540386,Small Cap,,,,,,,,,,,,,,,,,
,,,,,,,507808,Small Cap,,,,,,,,,,,,,,,,,
,,,,,,,530421,Small Cap,,,,,,,,,,,,,,,,,
,,,,,,,508867,Small Cap,,,,,,,,,,,,,,,,,
,,,,,,,539584,Small Cap,,,,,,,,,,,,,,,,,
,,,,,,,531017,Small Cap,,,,,,,,,,,,,,,,,
,,,,,,,538881,Small Cap,,,,,,,,,,,,,,,,,
,,,,,,,540174,Small Cap,,,,,,,,,,,,,,,,,
,,,,,,,540259,Small Cap,,,,,,,,,,,,,,,,,
,,,,,,,526251,Small Cap,,,,,,,,,,,,,,,,,
,,,,,,,531228,Small Cap,,,,,,,,,,,,,,,,,
,,,,,,,507917,Small Cap,,,,,,,,,,,,,,,,,
,,,,,,,501148,Small Cap,,,,,,,,,,,,,,,,,
,,,,,,,530035,Small Cap,,,,,,,,,,,,,,,,,
,,,,,,,542850,Small Cap,,,,,,,,,,,,,,,,,
,,,,,,,543623,Small Cap,,,,,,,,,,,,,,,,,
,,,,,,,538707,Small Cap,,,,,,,,,,,,,,,,,
,,,,,,,538857,Small Cap,,,,,,,,,,,,,,,,,
,,,,,,,544221,Small Cap,,,,,,,,,,,,,,,,,
,,,,,,,SMVD,Small Cap,,,,,,,,,,,,,,,,,
,,,,,,,539468,Small Cap,,,,,,,,,,,,,,,,,
,,,,,,,511122,Small Cap,,,,,,,,,,,,,,,,,
,,,,,,,540134,Small Cap,,,,,,,,,,,,,,,,,
,,,,,,,544398,Small Cap,,,,,,,,,,,,,,,,,
,,,,,,,521206,Small Cap,,,,,,,,,,,,,,,,,
,,,,,,,543372,Small Cap,,,,,,,,,,,,,,,,,
,,,,,,,QUADPRO,Small Cap,,,,,,,,,,,,,,,,,
,,,,,,,524808,Small Cap,,,,,,,,,,,,,,,,,
,,,,,,,517397,Small Cap,,,,,,,,,,,,,,,,,
,,,,,,,544231,Small Cap,,,,,,,,,,,,,,,,,
,,,,,,,526504,Small Cap,,,,,,,,,,,,,,,,,
,,,,,,,511493,Small Cap,,,,,,,,,,,,,,,,,
,,,,,,,531158,Small Cap,,,,,,,,,,,,,,,,,
,,,,,,,543209,Small Cap,,,,,,,,,,,,,,,,,
,,,,,,,544368,Small Cap,,,,,,,,,,,,,,,,,
,,,,,,,532744,Small Cap,,,,,,,,,,,,,,,,,
,,,,,,,501311,Small Cap,,,,,,,,,,,,,,,,,
,,,,,,,SABAR,Small Cap,,,,,,,,,,,,,,,,,
,,,,,,,514240,Small Cap,,,,,,,,,,,,,,,,,
,,,,,,,531265,Small Cap,,,,,,,,,,,,,,,,,
,,,,,,,544094,Small Cap,,,,,,,,,,,,,,,,,
,,,,,,,519285,Small Cap,,,,,,,,,,,,,,,,,
,,,,,,,523722,Small Cap,,,,,,,,,,,,,,,,,
,,,,,,,539090,Small Cap,,,,,,,,,,,,,,,,,
,,,,,,,530151,Small Cap,,,,,,,,,,,,,,,,,
,,,,,,,TRANSWIND,Small Cap,,,,,,,,,,,,,,,,,
,,,,,,,532078,Small Cap,,,,,,,,,,,,,,,,,
,,,,,,,540696,Small Cap,,,,,,,,,,,,,,,,,
,,,,,,,511185,Small Cap,,,,,,,,,,,,,,,,,
,,,,,,,531672,Small Cap,,,,,,,,,,,,,,,,,
,,,,,,,539864,Small Cap,,,,,,,,,,,,,,,,,
,,,,,,,530797,Small Cap,,,,,,,,,,,,,,,,,
,,,,,,,538496,Small Cap,,,,,,,,,,,,,,,,,
,,,,,,,GRADIENTE,Small Cap,,,,,,,,,,,,,,,,,
,,,,,,,INDIFRA,Small Cap,,,,,,,,,,,,,,,,,
,,,,,,,500277,Small Cap,,,,,,,,,,,,,,,,,
,,,,,,,534708,Small Cap,,,,,,,,,,,,,,,,,
,,,,,,,530839,Small Cap,,,,,,,,,,,,,,,,,
,,,,,,,531049,Small Cap,,,,,,,,,,,,,,,,,
,,,,,,,531257,Small Cap,,,,,,,,,,,,,,,,,
,,,,,,,542446,Small Cap,,,,,,,,,,,,,,,,,
,,,,,,,507759,Small Cap,,,,,,,,,,,,,,,,,
,,,,,,,509423,Small Cap,,,,,,,,,,,,,,,,,
,,,,,,,524624,Small Cap,,,,,,,,,,,,,,,,,
,,,,,,,513540,Small Cap,,,,,,,,,,,,,,,,,
,,,,,,,539408,Small Cap,,,,,,,,,,,,,,,,,
,,,,,,,509073,Small Cap,,,,,,,,,,,,,,,,,
,,,,,,,533149,Small Cap,,,,,,,,,,,,,,,,,
,,,,,,,FELDVR,Small Cap,,,,,,,,,,,,,,,,,
,,,,,,,537707,Small Cap,,,,,,,,,,,,,,,,,
,,,,,,,538770,Small Cap,,,,,,,,,,,,,,,,,
,,,,,,,539228,Small Cap,,,,,,,,,,,,,,,,,
,,,,,,,531909,Small Cap,,,,,,,,,,,,,,,,,
,,,,,,,542206,Small Cap,,,,,,,,,,,,,,,,,
,,,,,,,532072,Small Cap,,,,,,,,,,,,,,,,,
,,,,,,,539110,Small Cap,,,,,,,,,,,,,,,,,
,,,,,,,539692,Small Cap,,,,,,,,,,,,,,,,,
,,,,,,,506313,Small Cap,,,,,,,,,,,,,,,,,
,,,,,,,544190,Small Cap,,,,,,,,,,,,,,,,,
,,,,,,,531274,Small Cap,,,,,,,,,,,,,,,,,
,,,,,,,542524,Small Cap,,,,,,,,,,,,,,,,,
,,,,,,,504340,Small Cap,,,,,,,,,,,,,,,,,
,,,,,,,540955,Small Cap,,,,,,,,,,,,,,,,,
,,,,,,,538894,Small Cap,,,,,,,,,,,,,,,,,
,,,,,,,531397,Small Cap,,,,,,,,,,,,,,,,,
,,,,,,,539506,Small Cap,,,,,,,,,,,,,,,,,
,,,,,,,538212,Small Cap,,,,,,,,,,,,,,,,,
,,,,,,,539111,Small Cap,,,,,,,,,,,,,,,,,
,,,,,,,512405,Small Cap,,,,,,,,,,,,,,,,,
,,,,,,,521080,Small Cap,,,,,,,,,,,,,,,,,
,,,,,,,523351,Small Cap,,,,,,,,,,,,,,,,,
,,,,,,,540914,Small Cap,,,,,,,,,,,,,,,,,
,,,,,,,524606,Small Cap,,,,,,,,,,,,,,,,,
,,,,,,,530429,Small Cap,,,,,,,,,,,,,,,,,
,,,,,,,531338,Small Cap,,,,,,,,,,,,,,,,,
,,,,,,,PLADAINFO,Small Cap,,,,,,,,,,,,,,,,,
,,,,,,,530735,Small Cap,,,,,,,,,,,,,,,,,
,,,,,,,GATECHDVR,Small Cap,,,,,,,,,,,,,,,,,
,,,,,,,WINNY,Small Cap,,,,,,,,,,,,,,,,,
,,,,,,,531221,Small Cap,,,,,,,,,,,,,,,,,
,,,,,,,531027,Small Cap,,,,,,,,,,,,,,,,,
,,,,,,,543545,Small Cap,,,,,,,,,,,,,,,,,
,,,,,,,531878,Small Cap,,,,,,,,,,,,,,,,,
,,,,,,,511738,Small Cap,,,,,,,,,,,,,,,,,
,,,,,,,500051,Small Cap,,,,,,,,,,,,,,,,,
,,,,,,,530177,Small Cap,,,,,,,,,,,,,,,,,
,,,,,,,543207,Small Cap,,,,,,,,,,,,,,,,,
,,,,,,,544220,Small Cap,,,,,,,,,,,,,,,,,
,,,,,,,526441,Small Cap,,,,,,,,,,,,,,,,,
,,,,,,,539014,Small Cap,,,,,,,,,,,,,,,,,
,,,,,,,520081,Small Cap,,,,,,,,,,,,,,,,,
,,,,,,,509760,Small Cap,,,,,,,,,,,,,,,,,
,,,,,,,511664,Small Cap,,,,,,,,,,,,,,,,,
,,,,,,,512618,Small Cap,,,,,,,,,,,,,,,,,
,,,,,,,538919,Small Cap,,,,,,,,,,,,,,,,,
,,,,,,,CBAZAAR,Small Cap,,,,,,,,,,,,,,,,,
,,,,,,,531465,Small Cap,,,,,,,,,,,,,,,,,
,,,,,,,531902,Small Cap,,,,,,,,,,,,,,,,,
,,,,,,,530027,Small Cap,,,,,,,,,,,,,,,,,
,,,,,,,526500,Small Cap,,,,,,,,,,,,,,,,,
,,,,,,,540681,Small Cap,,,,,,,,,,,,,,,,,
,,,,,,,526588,Small Cap,,,,,,,,,,,,,,,,,
,,,,,,,531762,Small Cap,,,,,,,,,,,,,,,,,
,,,,,,,PREMIER,Small Cap,,,,,,,,,,,,,,,,,
,,,,,,,RITEZONE,Small Cap,,,,,,,,,,,,,,,,,
,,,,,,,511688,Small Cap,,,,,,,,,,,,,,,,,
,,,,,,,531680,Small Cap,,,,,,,,,,,,,,,,,
,,,,,,,BALCO,Small Cap,,,,,,,,,,,,,,,,,
,,,,,,,519014,Small Cap,,,,,,,,,,,,,,,,,
,,,,,,,531913,Small Cap,,,,,,,,,,,,,,,,,
,,,,,,,532041,Small Cap,,,,,,,,,,,,,,,,,
,,,,,,,539662,Small Cap,,,,,,,,,,,,,,,,,
,,,,,,,519353,Small Cap,,,,,,,,,,,,,,,,,
,,,,,,,524458,Small Cap,,,,,,,,,,,,,,,,,
,,,,,,,504397,Small Cap,,,,,,,,,,,,,,,,,
,,,,,,,530295,Small Cap,,,,,,,,,,,,,,,,,
,,,,,,,539123,Small Cap,,,,,,,,,,,,,,,,,
,,,,,,,SRPL,Small Cap,,,,,,,,,,,,,,,,,
,,,,,,,526959,Small Cap,,,,,,,,,,,,,,,,,
,,,,,,,530571,Small Cap,,,,,,,,,,,,,,,,,
,,,,,,,530809,Small Cap,,,,,,,,,,,,,,,,,
,,,,,,,538464,Small Cap,,,,,,,,,,,,,,,,,
,,,,,,,507515,Small Cap,,,,,,,,,,,,,,,,,
,,,,,,,530063,Small Cap,,,,,,,,,,,,,,,,,
,,,,,,,531505,Small Cap,,,,,,,,,,,,,,,,,
,,,,,,,526113,Small Cap,,,,,,,,,,,,,,,,,
,,,,,,,503659,Small Cap,,,,,,,,,,,,,,,,,
,,,,,,,532024,Small Cap,,,,,,,,,,,,,,,,,
,,,,,,,523425,Small Cap,,,,,,,,,,,,,,,,,
,,,,,,,502281,Small Cap,,,,,,,,,,,,,,,,,
,,,,,,,519262,Small Cap,,,,,,,,,,,,,,,,,
,,,,,,,SABEVENTS,Small Cap,,,,,,,,,,,,,,,,,
,,,,,,,526859,Small Cap,,,,,,,,,,,,,,,,,
,,,,,,,506122,Small Cap,,,,,,,,,,,,,,,,,
,,,,,,,531441,Small Cap,,,,,,,,,,,,,,,,,
,,,,,,,505502,Small Cap,,,,,,,,,,,,,,,,,
,,,,,,,538081,Small Cap,,,,,,,,,,,,,,,,,
,,,,,,,541299,Small Cap,,,,,,,,,,,,,,,,,
,,,,,,,531928,Small Cap,,,,,,,,,,,,,,,,,
,,,,,,,543500,Small Cap,,,,,,,,,,,,,,,,,
,,,,,,,505797,Small Cap,,,,,,,,,,,,,,,,,
,,,,,,,543171,Small Cap,,,,,,,,,,,,,,,,,
,,,,,,,531671,Small Cap,,,,,,,,,,,,,,,,,
,,,,,,,539449,Small Cap,,,,,,,,,,,,,,,,,
,,,,,,,531541,Small Cap,,,,,,,,,,,,,,,,,
,,,,,,,530251,Small Cap,,,,,,,,,,,,,,,,,
,,,,,,,539206,Small Cap,,,,,,,,,,,,,,,,,
,,,,,,,526887,Small Cap,,,,,,,,,,,,,,,,,
,,,,,,,530271,Small Cap,,,,,,,,,,,,,,,,,
,,,,,,,509449,Small Cap,,,,,,,,,,,,,,,,,
,,,,,,,530765,Small Cap,,,,,,,,,,,,,,,,,
,,,,,,,531043,Small Cap,,,,,,,,,,,,,,,,,
,,,,,,,531387,Small Cap,,,,,,,,,,,,,,,,,
,,,,,,,532397,Small Cap,,,,,,,,,,,,,,,,,
,,,,,,,524604,Small Cap,,,,,,,,,,,,,,,,,
,,,,,,,544173,Small Cap,,,,,,,,,,,,,,,,,
,,,,,,,535657,Small Cap,,,,,,,,,,,,,,,,,
,,,,,,,526143,Small Cap,,,,,,,,,,,,,,,,,
,,,,,,,535910,Small Cap,,,,,,,,,,,,,,,,,
,,,,,,,543516,Small Cap,,,,,,,,,,,,,,,,,
,,,,,,,511187,Small Cap,,,,,,,,,,,,,,,,,
,,,,,,,531846,Small Cap,,,,,,,,,,,,,,,,,
,,,,,,,519479,Small Cap,,,,,,,,,,,,,,,,,
,,,,,,,500178,Small Cap,,,,,,,,,,,,,,,,,
,,,,,,,511463,Small Cap,,,,,,,,,,,,,,,,,
,,,,,,,512415,Small Cap,,,,,,,,,,,,,,,,,
,,,,,,,530443,Small Cap,,,,,,,,,,,,,,,,,
,,,,,,,539406,Small Cap,,,,,,,,,,,,,,,,,
,,,,,,,512604,Small Cap,,,,,,,,,,,,,,,,,
,,,,,,,531323,Small Cap,,,,,,,,,,,,,,,,,
,,,,,,,504378,Small Cap,,,,,,,,,,,,,,,,,
,,,,,,,511110,Small Cap,,,,,,,,,,,,,,,,,
,,,,,,,521161,Small Cap,,,,,,,,,,,,,,,,,
,,,,,,,531585,Small Cap,,,,,,,,,,,,,,,,,
,,,,,,,531578,Small Cap,,,,,,,,,,,,,,,,,
,,,,,,,524628,Small Cap,,,,,,,,,,,,,,,,,
,,,,,,,541890,Small Cap,,,,,,,,,,,,,,,,,
,,,,,,,531456,Small Cap,,,,,,,,,,,,,,,,,
,,,,,,,531314,Small Cap,,,,,,,,,,,,,,,,,
,,,,,,,524580,Small Cap,,,,,,,,,,,,,,,,,
,,,,,,,SHANTI,Small Cap,,,,,,,,,,,,,,,,,
,,,,,,,526115,Small Cap,,,,,,,,,,,,,,,,,
,,,,,,,537709,Small Cap,,,,,,,,,,,,,,,,,
,,,,,,,513721,Small Cap,,,,,,,,,,,,,,,,,
,,,,,,,531272,Small Cap,,,,,,,,,,,,,,,,,
,,,,,,,531989,Small Cap,,,,,,,,,,,,,,,,,
,,,,,,,526751,Small Cap,,,,,,,,,,,,,,,,,
,,,,,,,514140,Small Cap,,,,,,,,,,,,,,,,,
,,,,,,,534639,Small Cap,,,,,,,,,,,,,,,,,
,,,,,,,519367,Small Cap,,,,,,,,,,,,,,,,,
,,,,,,,531155,Small Cap,,,,,,,,,,,,,,,,,
,,,,,,,537573,Small Cap,,,,,,,,,,,,,,,,,
,,,,,,,516062,Small Cap,,,,,,,,,,,,,,,,,
,,,,,,,517044,Small Cap,,,,,,,,,,,,,,,,,
,,,,,,,531304,Small Cap,,,,,,,,,,,,,,,,,
,,,,,,,526468,Small Cap,,,,,,,,,,,,,,,,,
,,,,,,,532825,Small Cap,,,,,,,,,,,,,,,,,
,,,,,,,535205,Small Cap,,,,,,,,,,,,,,,,,
,,,,,,,520121,Small Cap,,,,,,,,,,,,,,,,,
,,,,,,,531352,Small Cap,,,,,,,,,,,,,,,,,
,,,,,,,504697,Small Cap,,,,,,,,,,,,,,,,,
,,,,,,,513488,Small Cap,,,,,,,,,,,,,,,,,
,,,,,,,532113,Small Cap,,,,,,,,,,,,,,,,,
,,,,,,,524752,Small Cap,,,,,,,,,,,,,,,,,
,,,,,,,526187,Small Cap,,,,,,,,,,,,,,,,,
,,,,,,,530057,Small Cap,,,,,,,,,,,,,,,,,
,,,,,,,531334,Small Cap,,,,,,,,,,,,,,,,,
,,,,,,,531779,Small Cap,,,,,,,,,,,,,,,,,
,,,,,,,OMKARCHEM,Small Cap,,,,,,,,,,,,,,,,,
,,,,,,,540267,Small Cap,,,,,,,,,,,,,,,,,
,,,,,,,524590,Small Cap,,,,,,,,,,,,,,,,,
,,,,,,,509835,Small Cap,,,,,,,,,,,,,,,,,
,,,,,,,PADMALAYAT,Small Cap,,,,,,,,,,,,,,,,,
,,,,,,,539383,Small Cap,,,,,,,,,,,,,,,,,
,,,,,,,521137,Small Cap,,,,,,,,,,,,,,,,,
,,,,,,,504356,Small Cap,,,,,,,,,,,,,,,,,
,,,,,,,532379,Small Cap,,,,,,,,,,,,,,,,,
,,,,,,,SETUINFRA,Small Cap,,,,,,,,,,,,,,,,,
,,,,,,,539119,Small Cap,,,,,,,,,,,,,,,,,
,,,,,,,543541,Small Cap,,,,,,,,,,,,,,,,,
,,,,,,,544188,Small Cap,,,,,,,,,,,,,,,,,
,,,,,,,531594,Small Cap,,,,,,,,,,,,,,,,,
,,,,,,,543289,Small Cap,,,,,,,,,,,,,,,,,
,,,,,,,531486,Small Cap,,,,,,,,,,,,,,,,,
,,,,,,,534755,Small Cap,,,,,,,,,,,,,,,,,
,,,,,,,539621,Small Cap,,,,,,,,,,,,,,,,,
,,,,,,,539596,Small Cap,,,,,,,,,,,,,,,,,
,,,,,,,530931,Small Cap,,,,,,,,,,,,,,,,,
,,,,,,,530565,Small Cap,,,,,,,,,,,,,,,,,
,,,,,,,531794,Small Cap,,,,,,,,,,,,,,,,,
,,,,,,,530187,Small Cap,,,,,,,,,,,,,,,,,
,,,,,,,LAKPRE,Small Cap,,,,,,,,,,,,,,,,,
,,,,,,,531661,Small Cap,,,,,,,,,,,,,,,,,
,,,,,,,523113,Small Cap,,,,,,,,,,,,,,,,,
,,,,,,,526133,Small Cap,,,,,,,,,,,,,,,,,
,,,,,,,535204,Small Cap,,,,,,,,,,,,,,,,,
,,,,,,,538319,Small Cap,,,,,,,,,,,,,,,,,
,,,,,,,531051,Small Cap,,,,,,,,,,,,,,,,,
,,,,,,,531991,Small Cap,,,,,,,,,,,,,,,,,
,,,,,,,502271,Small Cap,,,,,,,,,,,,,,,,,
,,,,,,,543804,Small Cap,,,,,,,,,,,,,,,,,
,,,,,,,512481,Small Cap,,,,,,,,,,,,,,,,,
,,,,,,,531083,Small Cap,,,,,,,,,,,,,,,,,
,,,,,,,531944,Small Cap,,,,,,,,,,,,,,,,,
,,,,,,,526574,Small Cap,,,,,,,,,,,,,,,,,
,,,,,,,504369,Small Cap,,,,,,,,,,,,,,,,,
,,,,,,,526439,Small Cap,,,,,,,,,,,,,,,,,
,,,,,,,516020,Small Cap,,,,,,,,,,,,,,,,,
,,,,,,,539982,Small Cap,,,,,,,,,,,,,,,,,
,,,,,,,526905,Small Cap,,,,,,,,,,,,,,,,,
,,,,,,,542176,Small Cap,,,,,,,,,,,,,,,,,
,,,,,,,526225,Small Cap,,,,,,,,,,,,,,,,,
,,,,,,,526839,Small Cap,,,,,,,,,,,,,,,,,
,,,,,,,532340,Small Cap,,,,,,,,,,,,,,,,,
,,,,,,,512344,Small Cap,,,,,,,,,,,,,,,,,
,,,,,,,543798,Small Cap,,,,,,,,,,,,,,,,,
,,,,,,,538569,Small Cap,,,,,,,,,,,,,,,,,
,,,,,,,530771,Small Cap,,,,,,,,,,,,,,,,,
,,,,,,,507609,Small Cap,,,,,,,,,,,,,,,,,
,,,,,,,530173,Small Cap,,,,,,,,,,,,,,,,,
,,,,,,,514378,Small Cap,,,,,,,,,,,,,,,,,
,,,,,,,531432,Small Cap,,,,,,,,,,,,,,,,,
,,,,,,,526525,Small Cap,,,,,,,,,,,,,,,,,
,,,,,,,535514,Small Cap,,,,,,,,,,,,,,,,,
,,,,,,,542918,Small Cap,,,,,,,,,,,,,,,,,
,,,,,,,531288,Small Cap,,,,,,,,,,,,,,,,,
,,,,,,,531685,Small Cap,,,,,,,,,,,,,,,,,
,,,,,,,506543,Small Cap,,,,,,,,,,,,,,,,,
,,,,,,,538897,Small Cap,,,,,,,,,,,,,,,,,
,,,,,,,530207,Small Cap,,,,,,,,,,,,,,,,,
,,,,,,,514460,Small Cap,,,,,,,,,,,,,,,,,
,,,,,,,534422,Small Cap,,,,,,,,,,,,,,,,,
,,,,,,,538952,Small Cap,,,,,,,,,,,,,,,,,
,,,,,,,531300,Small Cap,,,,,,,,,,,,,,,,,
,,,,,,,519191,Small Cap,,,,,,,,,,,,,,,,,
,,,,,,,530281,Small Cap,,,,,,,,,,,,,,,,,
,,,,,,,526494,Small Cap,,,,,,,,,,,,,,,,,
,,,,,,,539835,Small Cap,,,,,,,,,,,,,,,,,
,,,,,,,544056,Small Cap,,,,,,,,,,,,,,,,,
,,,,,,,530985,Small Cap,,,,,,,,,,,,,,,,,
,,,,,,,539800,Small Cap,,,,,,,,,,,,,,,,,
,,,,,,,524642,Small Cap,,,,,,,,,,,,,,,,,
,,,,,,,532745,Small Cap,,,,,,,,,,,,,,,,,
,,,,,,,531210,Small Cap,,,,,,,,,,,,,,,,,
,,,,,,,539593,Small Cap,,,,,,,,,,,,,,,,,
,,,,,,,532354,Small Cap,,,,,,,,,,,,,,,,,
,,,,,,,526883,Small Cap,,,,,,,,,,,,,,,,,
,,,,,,,519214,Small Cap,,,,,,,,,,,,,,,,,
,,,,,,,538351,Small Cap,,,,,,,,,,,,,,,,,
,,,,,,,511660,Small Cap,,,,,,,,,,,,,,,,,
,,,,,,,500426,Small Cap,,,,,,,,,,,,,,,,,
,,,,,,,511401,Small Cap,,,,,,,,,,,,,,,,,
,,,,,,,536965,Small Cap,,,,,,,,,,,,,,,,,
,,,,,,,526813,Small Cap,,,,,,,,,,,,,,,,,
,,,,,,,513513,Small Cap,,,,,,,,,,,,,,,,,
,,,,,,,542025,Small Cap,,,,,,,,,,,,,,,,,
,,,,,,,526877,Small Cap,,,,,,,,,,,,,,,,,
,,,,,,,531370,Small Cap,,,,,,,,,,,,,,,,,
,,,,,,,539278,Small Cap,,,,,,,,,,,,,,,,,
,,,,,,,531433,Small Cap,,,,,,,,,,,,,,,,,
,,,,,,,534659,Small Cap,,,,,,,,,,,,,,,,,
,,,,,,,521054,Small Cap,,,,,,,,,,,,,,,,,
,,,,,,,503772,Small Cap,,,,,,,,,,,,,,,,,
,,,,,,,503675,Small Cap,,,,,,,,,,,,,,,,,
,,,,,,,531458,Small Cap,,,,,,,,,,,,,,,,,
,,,,,,,531668,Small Cap,,,,,,,,,,,,,,,,,
,,,,,,,539405,Small Cap,,,,,,,,,,,,,,,,,
,,,,,,,531444,Small Cap,,,,,,,,,,,,,,,,,
,,,,,,,ORTEL,Small Cap,,,,,,,,,,,,,,,,,
,,,,,,,512097,Small Cap,,,,,,,,,,,,,,,,,
,,,,,,,521188,Small Cap,,,,,,,,,,,,,,,,,
,,,,,,,513452,Small Cap,,,,,,,,,,,,,,,,,
,,,,,,,532378,Small Cap,,,,,,,,,,,,,,,,,
,,,,,,,543269,Small Cap,,,,,,,,,,,,,,,,,
,,,,,,,511734,Small Cap,,,,,,,,,,,,,,,,,
,,,,,,,531460,Small Cap,,,,,,,,,,,,,,,,,
,,,,,,,CMICABLES,Small Cap,,,,,,,,,,,,,,,,,
,,,,,,,531463,Small Cap,,,,,,,,,,,,,,,,,
,,,,,,,513397,Small Cap,,,,,,,,,,,,,,,,,
,,,,,,,511728,Small Cap,,,,,,,,,,,,,,,,,
,,,,,,,SANCO,Small Cap,,,,,,,,,,,,,,,,,
,,,,,,,533110,Small Cap,,,,,,,,,,,,,,,,,
,,,,,,,509038,Small Cap,,,,,,,,,,,,,,,,,
,,,,,,,BGLOBAL,Small Cap,,,,,,,,,,,,,,,,,
,,,,,,,531496,Small Cap,,,,,,,,,,,,,,,,,
,,,,,,,533268,Small Cap,,,,,,,,,,,,,,,,,
,,,,,,,526967,Small Cap,,,,,,,,,,,,,,,,,
,,,,,,,544156,Small Cap,,,,,,,,,,,,,,,,,
,,,,,,,530755,Small Cap,,,,,,,,,,,,,,,,,
,,,,,,,526983,Small Cap,,,,,,,,,,,,,,,,,
,,,,,,,531515,Small Cap,,,,,,,,,,,,,,,,,
,,,,,,,517399,Small Cap,,,,,,,,,,,,,,,,,
,,,,,,,539291,Small Cap,,,,,,,,,,,,,,,,,
,,,,,,,511451,Small Cap,,,,,,,,,,,,,,,,,
,,,,,,,539402,Small Cap,,,,,,,,,,,,,,,,,
,,,,,,,531681,Small Cap,,,,,,,,,,,,,,,,,
,,,,,,,540159,Small Cap,,,,,,,,,,,,,,,,,
,,,,,,,534190,Small Cap,,,,,,,,,,,,,,,,,
,,,,,,,513579,Small Cap,,,,,,,,,,,,,,,,,
,,,,,,,PERFECT,Small Cap,,,,,,,,,,,,,,,,,
,,,,,,,530917,Small Cap,,,,,,,,,,,,,,,,,
,,,,,,,539673,Small Cap,,,,,,,,,,,,,,,,,
,,,,,,,543579,Small Cap,,,,,,,,,,,,,,,,,
,,,,,,,530581,Small Cap,,,,,,,,,,,,,,,,,
,,,,,,,539544,Small Cap,,,,,,,,,,,,,,,,,
,,,,,,,530663,Small Cap,,,,,,,,,,,,,,,,,
,,,,,,,531812,Small Cap,,,,,,,,,,,,,,,,,
,,,,,,,533019,Small Cap,,,,,,,,,,,,,,,,,
,,,,,,,526865,Small Cap,,,,,,,,,,,,,,,,,
,,,,,,,530439,Small Cap,,,,,,,,,,,,,,,,,
,,,,,,,501144,Small Cap,,,,,,,,,,,,,,,,,
,,,,,,,519174,Small Cap,,,,,,,,,,,,,,,,,
,,,,,,,526795,Small Cap,,,,,,,,,,,,,,,,,
,,,,,,,542923,Small Cap,,,,,,,,,,,,,,,,,
,,,,,,,530093,Small Cap,,,,,,,,,,,,,,,,,
,,,,,,,539495,Small Cap,,,,,,,,,,,,,,,,,
,,,,,,,530547,Small Cap,,,,,,,,,,,,,,,,,
,,,,,,,538731,Small Cap,,,,,,,,,,,,,,,,,
,,,,,,,543444,Small Cap,,,,,,,,,,,,,,,,,
,,,,,,,KRISNAFILA,Small Cap,,,,,,,,,,,,,,,,,
,,,,,,,507530,Small Cap,,,,,,,,,,,,,,,,,
,,,,,,,539096,Small Cap,,,,,,,,,,,,,,,,,
,,,,,,,540515,Small Cap,,,,,,,,,,,,,,,,,
,,,,,,,541627,Small Cap,,,,,,,,,,,,,,,,,
,,,,,,,530795,Small Cap,,,,,,,,,,,,,,,,,
,,,,,,,538765,Small Cap,,,,,,,,,,,,,,,,,
,,,,,,,543536,Small Cap,,,,,,,,,,,,,,,,,
,,,,,,,524031,Small Cap,,,,,,,,,,,,,,,,,
,,,,,,,531925,Small Cap,,,,,,,,,,,,,,,,,
,,,,,,,530733,Small Cap,,,,,,,,,,,,,,,,,
,,,,,,,530611,Small Cap,,,,,,,,,,,,,,,,,
,,,,,,,531283,Small Cap,,,,,,,,,,,,,,,,,
,,,,,,,531568,Small Cap,,,,,,,,,,,,,,,,,
,,,,,,,513460,Small Cap,,,,,,,,,,,,,,,,,
,,,,,,,538465,Small Cap,,,,,,,,,,,,,,,,,
,,,,,,,511585,Small Cap,,,,,,,,,,,,,,,,,
,,,,,,,532303,Small Cap,,,,,,,,,,,,,,,,,
,,,,,,,513309,Small Cap,,,,,,,,,,,,,,,,,
,,,,,,,532645,Small Cap,,,,,,,,,,,,,,,,,
,,,,,,,522171,Small Cap,,,,,,,,,,,,,,,,,
,,,,,,,530921,Small Cap,,,,,,,,,,,,,,,,,
,,,,,,,531692,Small Cap,,,,,,,,,,,,,,,,,
,,,,,,,509099,Small Cap,,,,,,,,,,,,,,,,,
,,,,,,,531867,Small Cap,,,,,,,,,,,,,,,,,
,,,,,,,QUINTEGRA,Small Cap,,,,,,,,,,,,,,,,,
,,,,,,,526941,Small Cap,,,,,,,,,,,,,,,,,
,,,,,,,539099,Small Cap,,,,,,,,,,,,,,,,,
,,,,,,,532139,Small Cap,,,,,,,,,,,,,,,,,
,,,,,,,531396,Small Cap,,,,,,,,,,,,,,,,,
,,,,,,,531716,Small Cap,,,,,,,,,,,,,,,,,
,,,,,,,517230,Small Cap,,,,,,,,,,,,,,,,,
,,,,,,,543366,Small Cap,,,,,,,,,,,,,,,,,
,,,,,,,513687,Small Cap,,,,,,,,,,,,,,,,,
,,,,,,,537582,Small Cap,,,,,,,,,,,,,,,,,
,,,,,,,538674,Small Cap,,,,,,,,,,,,,,,,,
,,,,,,,531929,Small Cap,,,,,,,,,,,,,,,,,
,,,,,,,531686,Small Cap,,,,,,,,,,,,,,,,,
,,,,,,,531219,Small Cap,,,,,,,,,,,,,,,,,
,,,,,,,532403,Small Cap,,,,,,,,,,,,,,,,,
,,,,,,,539486,Small Cap,,,,,,,,,,,,,,,,,
,,,,,,,543613,Small Cap,,,,,,,,,,,,,,,,,
,,,,,,,531769,Small Cap,,,,,,,,,,,,,,,,,
,,,,,,,RAJVIR,Small Cap,,,,,,,,,,,,,,,,,
,,,,,,,535917,Small Cap,,,,,,,,,,,,,,,,,
,,,,,,,531039,Small Cap,,,,,,,,,,,,,,,,,
,,,,,,,519279,Small Cap,,,,,,,,,,,,,,,,,
,,,,,,,508860,Small Cap,,,,,,,,,,,,,,,,,
,,,,,,,515127,Small Cap,,,,,,,,,,,,,,,,,
,,,,,,,539434,Small Cap,,,,,,,,,,,,,,,,,
,,,,,,,JALAN,Small Cap,,,,,,,,,,,,,,,,,
,,,,,,,531327,Small Cap,,,,,,,,,,,,,,,,,
,,,,,,,532444,Small Cap,,,,,,,,,,,,,,,,,
,,,,,,,511632,Small Cap,,,,,,,,,,,,,,,,,
,,,,,,,505520,Small Cap,,,,,,,,,,,,,,,,,
,,,,,,,530889,Small Cap,,,,,,,,,,,,,,,,,
,,,,,,,526823,Small Cap,,,,,,,,,,,,,,,,,
,,,,,,,539911,Small Cap,,,,,,,,,,,,,,,,,
,,,,,,,539200,Small Cap,,,,,,,,,,,,,,,,,
,,,,,,,543400,Small Cap,,,,,,,,,,,,,,,,,
,,,,,,,532336,Small Cap,,,,,,,,,,,,,,,,,
,,,,,,,512197,Small Cap,,,,,,,,,,,,,,,,,
,,,,,,,531499,Small Cap,,,,,,,,,,,,,,,,,
,,,,,,,507663,Small Cap,,,,,,,,,,,,,,,,,
,,,,,,,538652,Small Cap,,,,,,,,,,,,,,,,,
,,,,,,,542155,Small Cap,,,,,,,,,,,,,,,,,